Year,Province name,Election ,Registered voters in district,Valid votes in district,Invalid votes,Candidate name,Candidate number,Candidate number of votes,Candidate elected,,,,,,,,
2024,Aceh,DPD,"3,742,037","2,942,946","338,279",,,,,,,,,,,,
2024,Aceh,DPD,,,,ABDUL HADI BANG JONI,1,"119,669",,,,,,,,,
2024,Aceh,DPD,,,,Tgk. AHMADA,2,"207,464",1,,,,,,,,
2024,Aceh,DPD,,,,"H. AKHYAR KAMIL, S.H.",3,"136,002",,,,,,,,,
2024,Aceh,DPD,,,,"Dr. H. A. MUFAKHIR MUHAMMAD, M.A.",4,"60,563",,,,,,,,,
2024,Aceh,DPD,,,,"AZHARI CAGE, S.IP",5,"150,934",1,,,,,,,,
2024,Aceh,DPD,,,,DARVATI A. GANI,6,"184,528",1,,,,,,,,
2024,Aceh,DPD,,,,"DEDI SUMARDI NURDIN, A.Md.Kep., S.K.M., M.M.",7,"40,667",,,,,,,,,
2024,Aceh,DPD,,,,"DEDY MULYADI SELIAN, S.T.",8,"43,603",,,,,,,,,
2024,Aceh,DPD,,,,H. FIRMANDEZ,9,"22,497",,,,,,,,,
2024,Aceh,DPD,,,,"dr. IRSALINA HUSNA AZWIR, S.H., Sp.DV., CPM",10,"54,805",,,,,,,,,
2024,Aceh,DPD,,,,"M. ADAM, S.Pd.SD.",11,"16,433",,,,,,,,,
2024,Aceh,DPD,,,,"M. AMIN SAID. S.H., M.Hum.",12,"15,834",,,,,,,,,
2024,Aceh,DPD,,,,"H. M. RADHIL RAHMI, LC., M.Ag.",13,"137,754",,,,,,,,,
2024,Aceh,DPD,,,,"M. FAKHRUDDIN, S.T.",14,"23,567",,,,,,,,,
2024,Aceh,DPD,,,,"MIZAR LIYANDA, S.TP.. M.P.",15,"67,166",,,,,,,,,
2024,Aceh,DPD,,,,"Dr. H. MOHD. ILYAS, S.E.. M.M",16,"15,560",,,,,,,,,
2024,Aceh,DPD,,,,"Dr. MULIA RAHMAN, S.Pd.I., M.A.",17,"36,810",,,,,,,,,
2024,Aceh,DPD,,,,M. ZULMI. S.E.,18,"19,998",,,,,,,,,
2024,Aceh,DPD,,,,NAZAR APACHE,19,"52,020",,,,,,,,,
2024,Aceh,DPD,,,,NAZIR ADAM. S.E.. M.M.,20,"22,477",,,,,,,,,
2024,Aceh,DPD,,,,"RAHMAD MAULIZAR, S.AN",21,"103,426",,,,,,,,,
2024,Aceh,DPD,,,,RAHMAT RAZI AULIA (MC RAZI),22,"66,526",,,,,,,,,
2024,Aceh,DPD,,,,"Dr. RAIHANAH, M.Si.",23,"11,873",,,,,,,,,
2024,Aceh,DPD,,,,"Ir. RAZALI AR, M.SI.",24,"21,096",,,,,,,,,
2024,Aceh,DPD,,,,"SAFIR (FIRSA AGAMI, S.H",25,"27,685",,,,,,,,,
2024,Aceh,DPD,,,,"Drs. SAHIDAL KASTRI, M.Pd",26,"45,619",,,,,,,,,
2024,Aceh,DPD,,,,"H. SAYED MUHAMMAD MULIADY, S.H.",27,"86,434",,,,,,,,,
2024,Aceh,DPD,,,,SOFYAN ARDI,28,"90,945",,,,,,,,,
2024,Aceh,DPD,,,,"H. SUDIRMAN HAJI UMA, S. SoS.",29,"1,060,991",1,,,,,,,,
2024,Aceh,DPD,,,,"ZULFIKAR, S.E",30,0,,,,,,,,,
2024,Bali,DPD,"3,269,516","2,483,353","245,547",,,,,,,,,,,,
2024,Bali,DPD,,,,AGUNG BAGUS ARSADHANA LINGGIH,1,"113,367",,,,,,,,,
2024,Bali,DPD,,,,AINUN NI'AM,2,"54,241",,,,,,,,,
2024,Bali,DPD,,,,"H. BAMBANG SANTOSO, M.A.",3,"131,876",,,,,,,,,
2024,Bali,DPD,,,,Dr. GEDE SUARDANA,4,"50,619",,,,,,,,,
2024,Bali,DPD,,,,"Dr. IDA BAGUS RAI DHARMAWIJAYA MANTRA, S.E., M.Si.",5,"494,698",1,,,,,,,,
2024,Bali,DPD,,,,"I GUSTI AGUNG NGURAH SUDARSANA, S.H., M.H.",6,"37,985",,,,,,,,,
2024,Bali,DPD,,,,"I KETUT HARI SUYASA, S.E.",7,"62,196",,,,,,,,,
2024,Bali,DPD,,,,"L KET UT WISNA, S.T., M.M.",8,"143,027",,,,,,,,,
2024,Bali,DPD,,,,I KOMANG MERTA JIWA,9,"363,440",1,,,,,,,,
2024,Bali,DPD,,,,I MADE KERTA SUWIRYA,10,"63,854",,,,,,,,,
2024,Bali,DPD,,,,"I WAYAN GEREDEG, S.H.",11,"144,346",,,,,,,,,
2024,Bali,DPD,,,,Ir. I WAYAN SEDANG,12,"21,024",,,,,,,,,
2024,Bali,DPD,,,,"I WAYAN SUKAYASA, S.H., M.I. Kom.",13,"16,011",,,,,,,,,
2024,Bali,DPD,,,,"MADE WIDHI DHARMA, S.E., Ak., M.Sí.",14,"15,766",,,,,,,,,
2024,Bali,DPD,,,,NI LUH PUTU ARY PERTAMI DJELANTIK,15,"377,152",1,,,,,,,,
2024,Bali,DPD,,,,"PUTU WAHYU WIDIARTANA, S.H., M.H.",16,"15,451",,,,,,,,,
2024,Bali,DPD,,,,SHRI I GUSTI NGURAH ARYA WEDAKARNA MAHENDRADATTA WEDASTERAPUTRA SUYASA,17,"378,300",1,,,,,,,,
2024,Banten,DPD,"8,842,646","5,745,213","1,634,267",,,,,,,,,,,,
2024,Banten,DPD,,,,H. ABDI SUMAITHI,1,"568,577",1,,,,,,,,
2024,Banten,DPD,,,,"ADE FALI, S.E.. M.M.",2,"182,106",,,,,,,,,
2024,Banten,DPD,,,,"HI ADE YULIASIH, S.H., M.Kn.",3,"443,036",1,,,,,,,,
2024,Banten,DPD,,,,H. AHMAD SUBADRI,4,"428,478",,,,,,,,,
2024,Banten,DPD,,,,ANANTA WAHANA,5,"279,986",,,,,,,,,
2024,Banten,DPD,,,,ANDIARA APRILIA HIKMAT. S.I.Kom.,6,"1,049,928",1,,,,,,,,
2024,Banten,DPD,,,,TB. BASUNI,7,"111,087",,,,,,,,,
2024,Banten,DPD,,,,"Dra. H. CEPI SAFRUL ALAM, M.SI.",8,"109,487",,,,,,,,,
2024,Banten,DPD,,,,"H. DANI SAMIUN, S.H.",9,"177,124",,,,,,,,,
2024,Banten,DPD,,,,DEDEN ZAENUL FARHAN,10,"263,293",,,,,,,,,
2024,Banten,DPD,,,,GUNAWAN S,11,"63,158",,,,,,,,,
2024,Banten,DPD,,,,HABIB ALI ALWI,12,"488,317",1,,,,,,,,
2024,Banten,DPD,,,,H. ICHSAN HS,13,"109,765",,,,,,,,,
2024,Banten,DPD,,,,"Des. H. IDRIS JAMRONL, M.SI.",14,"79,777",,,,,,,,,
2024,Banten,DPD,,,,JULIANTO S.H.. M.H.,15,"139,415",,,,,,,,,
2024,Banten,DPD,,,,KHOERUN HUDA,16,"84,529",,,,,,,,,
2024,Banten,DPD,,,,LINDUNG GURNING,17,"71,197",,,,,,,,,
2024,Banten,DPD,,,,"H. MIPTAHUDDIN, S.T.. M.T.",18,"89,416",,,,,,,,,
2024,Banten,DPD,,,,MOCHAMMAD FARID DERMAWAN,19,"224,445",,,,,,,,,
2024,Banten,DPD,,,,"K.H. MUNAWIR, S.H, M.Pd.",20,"74,576",,,,,,,,,
2024,Banten,DPD,,,,"H. PUJIYANTO, S.E., M.M",21,"197,682",,,,,,,,,
2024,Banten,DPD,,,,"H. SURTAWLIAYA, S.Pd., M.Si.",22,"155,085",,,,,,,,,
2024,Banten,DPD,,,,"Dr. H. TB. M. ALL RIDHO AZHARI, S.H. M.H., M.I. Kom",23,"256,450",,,,,,,,,
2024,Banten,DPD,,,,"MARITON SIMANJUNTAR, S.E., S.H.",24,"98,299",,,,,,,,,
2024,Bengkulu,DPD,"1,494,828","1,141,196","152,754",,,,,,,,,,,,
2024,Bengkulu,DPD,,,,"H. ABDUL KHARIS MA'MUN, S.H.",1,"61,833",,,,,,,,,
2024,Bengkulu,DPD,,,,"H. AHMAD KANEDI, S.H., M.H.",2,"87,032",,,,,,,,,
2024,Bengkulu,DPD,,,,ANDRIAN WAHYUDI,3,"15,921",,,,,,,,,
2024,Bengkulu,DPD,,,,"DEF TRI HARDIANTO, S.I.P.",4,"20,661",,,,,,,,,
2024,Bengkulu,DPD,,,,"apt. DESTITA KHAIRILISANI, S.Farm., M.S.M.",5,"201,888",1,,,,,,,,
2024,Bengkulu,DPD,,,,EDI AGUSDIN,6," 10,083 ",,,,,,,,,
2024,Bengkulu,DPD,,,,"ELISA ERMASARI, S.Mn.",7,"325,842",1,,,,,,,,
2024,Bengkulu,DPD,,,,"Dr. Ir. H. IMRON ROSYADI, M.M., M.Si.",8,"73,101",,,,,,,,,
2024,Bengkulu,DPD,,,,"Hj. LENI HARYATI JOHN LATIEF, S.E., M.Si.",9,"129,045",1,,,,,,,,
2024,Bengkulu,DPD,,,,PATRICE RIO CAPELLA,10,"26,568",,,,,,,,,
2024,Bengkulu,DPD,,,,"Dr. H. RAHIMAN DANI, M.A.",11,"59,727",,,,,,,,,
2024,Bengkulu,DPD,,,,SULTAN B. NAJAMUDIN,12,"129,495",1,,,,,,,,
2024,D.I.Yogyakarta,DPD,"2,870,974","2,299,569","223,971",,,,,,,,,,,,
2024,D.I.Yogyakarta,DPD,,,,"Ir. AHMAD SYAUQI SOERATNO, M.M.",1,"398,903",1,,,,,,,,
2024,D.I.Yogyakarta,DPD,,,,H. A. KHUDHORI,2,"202,423",,,,,,,,,
2024,D.I.Yogyakarta,DPD,,,,Ir. CINDE LARAS YULIANTO,3,"36,058",,,,,,,,,
2024,D.I.Yogyakarta,DPD,,,,GUSTI KANJENG RATU HEMAS,4,"777,912",1,,,,,,,,
2024,D.I.Yogyakarta,DPD,,,,"Dr. H. HILMY MUHAMMAD, M.A.",5,"323,080",1,,,,,,,,
2024,D.I.Yogyakarta,DPD,,,,R.A. YASHINTA SEKARWANGI MEGA,6,"470,211",1,,,,,,,,
2024,D.I.Yogyakarta,DPD,,,,"SINDU KURNIAWAN, S.E.",7,"14,064",,,,,,,,,
2024,D.I.Yogyakarta,DPD,,,,Drs. TRISNO SUNARD!,8,"35,063",,,,,,,,,
2024,D.I.Yogyakarta,DPD,,,,"Dr. H. TUGIMAN, S.H. . M.SI",9,"41,855",,,,,,,,,
2024,DKI Jakarta,DPD,"8,252,897","5,613,949","848,406",,,,,,,,,,,,
2024,DKI Jakarta,DPD,,,,ACHMAD AZRAN,1,"456,247",1,,,,,,,,
2024,DKI Jakarta,DPD,,,,"ALWIYAH AHMAD, S.H.. M.H.",2,"252,341",,,,,,,,,
2024,DKI Jakarta,DPD,,,,ARDI PUTRA BARAMULI,3,"208,656",,,,,,,,,
2024,DKI Jakarta,DPD,,,,"A. SYAMSUL ZAKARIA, S.H., M.H.",4,"119,015",,,,,,,,,
2024,DKI Jakarta,DPD,,,,"CHRISTIANTO SURYOWIBOWO, S.E., M.E.",5,"103,175",,,,,,,,,
2024,DKI Jakarta,DPD,,,,"Prof. Dr. H. DAILAMI FIRDAUS, S.H., LL.M.",6,"613,721",1,,,,,,,,
2024,DKI Jakarta,DPD,,,,"DARMAN SAIDI SIAHAAN, S.H., M.H.",7,"107,409",,,,,,,,,
2024,DKI Jakarta,DPD,,,,ENDANG WIDURI,8,"123,868",,,,,,,,,
2024,DKI Jakarta,DPD,,,,"FAHIRA IDRIS, S.E., M.H.",9,"745,841",1,,,,,,,,
2024,DKI Jakarta,DPD,,,,Hj. HAPPY DJAROT,10,"656,815",1,,,,,,,,
2024,DKI Jakarta,DPD,,,,ILYAS,11,"212,814",,,,,,,,,
2024,DKI Jakarta,DPD,,,,"H. MADANI B. H. MADALI, S.Sos.. M.Si.",12,"315,784",,,,,,,,,
2024,DKI Jakarta,DPD,,,,"H. MUSTOPA MURTADO, S.E.",13,"92,298",,,,,,,,,
2024,DKI Jakarta,DPD,,,,"H. PARDI, S.H.",14,"92,275",,,,,,,,,
2024,DKI Jakarta,DPD,,,,"St. RAMSES BUTAR BUTAR, S.H., M.Kn.",15,"215,685",,,,,,,,,
2024,DKI Jakarta,DPD,,,,"Dr. Hj. RENY HALIDA I. M., S.H., M.H.",16,"190,903",,,,,,,,,
2024,DKI Jakarta,DPD,,,,"SLAMET ABADI, S.E. Ak., CA.. CPA.",17,"26,510",,,,,,,,,
2024,DKI Jakarta,DPD,,,,SYAIFUDDIN,18,"195,366",,,,,,,,,
2024,DKI Jakarta,DPD,,,,"Hj. SYAMSIDAR SIREGAR, S.I.P.",19,"101,180",,,,,,,,,
2024,DKI Jakarta,DPD,,,,"H. SYARIEF HIDAYATULLOH, S.E.",20,"52,146",,,,,,,,,
2024,DKI Jakarta,DPD,,,,"SYIFA AWALIA, S.Pd.I., S.E.Sy., M.M.",21,"146,596",,,,,,,,,
2024,DKI Jakarta,DPD,,,,"Prof. Dr. Hj. SYLVANA MURNI, S.H., M.Si.",22,"436,923",,,,,,,,,
2024,DKI Jakarta,DPD,,,,Ir. TENGKU MUHAMMAD NURHAFIDZ,23,"38,336",,,,,,,,,
2024,DKI Jakarta,DPD,,,,"Dr. dr. ULLA NUCHRAWATY, M.M.",24,"28,367",,,,,,,,,
2024,DKI Jakarta,DPD,,,,"Dr. (c). ZECKY ANDY ALATAS, S.H., M.H.",25,"81,678",,,,,,,,,
2024,Gorontalo,DPD,"881,206","744,606","37,364",,,,,,,,,,,,
2024,Gorontalo,DPD,,,,ANA SUPRIYANA ABDUL HAMID. S.H.. M.Kn.,1,"45,586",,,,,,,,,
2024,Gorontalo,DPD,,,,"DEWI SARTIKA HEMETO, S.E.",2,"59,171",,,,,,,,,
2024,Gorontalo,DPD,,,,Prof. Dr. Ir. FADEL MUHAMMAD,3,"242,732",1,,,,,,,,
2024,Gorontalo,DPD,,,,HENGKI MALIKI,4,"11,866",,,,,,,,,
2024,Gorontalo,DPD,,,,"JAMALUDDIN K. MOOWAGO, S.Kom.",5,"7,470",,,,,,,,,
2024,Gorontalo,DPD,,,,H. JASIN U. DILO,6,"63,904",1,,,,,,,,
2024,Gorontalo,DPD,,,,RAMMIJATI JAHJA,7,"85,146",1,,,,,,,,
2024,Gorontalo,DPD,,,,"RONALD S. BIDJUNI, 5.5n.",8,"20,911",,,,,,,,,
2024,Gorontalo,DPD,,,,dr. KUSLIYANTO MONOARRA,9,"31,887",,,,,,,,,
2024,Gorontalo,DPD,,,,"Hi. SYARIR MBUINCA, S.PJ.T., S.E., M.M.",10,"101,992",1,,,,,,,,
2024,Gorontalo,DPD,,,,H. TONNY S.JUNUS,11,"57,807",,,,,,,,,
2024,Gorontalo,DPD,,,,"H. YUSRIM. HELINGO, S.E., M.M.",12,"16,134",,,,,,,,,
2024,Jambi,DPD,"2,676,107","1,821,475","434,263",,,,,,,,,,,,
2024,Jambi,DPD,,,,H. ABU BAKAR JAMALIA,1,"140,945",1,,,,,,,,
2024,Jambi,DPD,,,,"DARMAWAN, S.E.",2,"66,469",,,,,,,,,
2024,Jambi,DPD,,,,"EDI ENDRA, S.P.",3,"81,128",,,,,,,,,
2024,Jambi,DPD,,,,Dra. HI. ELVIANA. M.SI,4,"291,334",1,,,,,,,,
2024,Jambi,DPD,,,,"H. ERWAN, S.E., M.Si.",5,"63,491",,,,,,,,,
2024,Jambi,DPD,,,,"HAMID, S Sos.",6,"35,118",,,,,,,,,
2024,Jambi,DPD,,,,"HERI KUSNADI, M.Kom.",7,"54,006",,,,,,,,,
2024,Jambi,DPD,,,,IVANDA AWALINA FIRDAUSI SUKANDAR,8,"272,892",1,,,,,,,,
2024,Jambi,DPD,,,,"H. LUKMAN, S.Pd., M. Pd.",9,"81,131",,,,,,,,,
2024,Jambi,DPD,,,,"M. SUM INDRA, S.E., M.M.S.I.",10,"166,140",1,,,,,,,,
2024,Jambi,DPD,,,,"H. M. SYUKUR, S.H., M.H.",11,"237,540",,,,,,,,,
2024,Jambi,DPD,,,,"H. MUHAMMAD NUH, S.Ag.",12,"37,147",,,,,,,,,
2024,Jambi,DPD,,,,"MUSMULYADI, S.H.I.",13,"19,769",,,,,,,,,
2024,Jambi,DPD,,,,PETRUS HILMAN DAPOT TUAH PURBA,14,"90,197",,,,,,,,,
2024,Jambi,DPD,,,,"RIA MAYANG SARI, S.H., M.H.",15,"108,484",,,,,,,,,
2024,Jambi,DPD,,,,"RUDI ARDIANSYAH, S.H.",16,"49,016",,,,,,,,,
2024,Jambi,DPD,,,,SABAT NASE INDALLAH JAIS,17,"15,216",,,,,,,,,
2024,Jambi,DPD,,,,"WALINI, S.I.Kom.",18,"11,452",,,,,,,,,
2024,Jawa Barat,DPD,"35,714,901","23,733,601","5,617,283",,,,,,,,,,,,
2024,Jawa Barat,DPD,,,,"AA ADE KADARISMAN, S.SoS., M.T.",1,"892,699",,,,,,,,,
2024,Jawa Barat,DPD,,,,"AANYA RINA CASMAYANTI, S.E.",2,"1,976,561",1,,,,,,,,
2024,Jawa Barat,DPD,,,,ABAS ABDUL JALIL,3,"364,954",,,,,,,,,
2024,Jawa Barat,DPD,,,,"H. ACENG HM FIKRI, S.Ag.",4,"1,128,912",,,,,,,,,
2024,Jawa Barat,DPD,,,,"H. ADIL MAKMUR SANTOSA, S.Pd., M.Si.",5,"307,365",,,,,,,,,
2024,Jawa Barat,DPD,,,,"Dr. AEP SAEPUDIN MUHTAR, M. Sos.",6,"648,891",,,,,,,,,
2024,Jawa Barat,DPD,,,,"AGITA NURFIANTI, S.Psi.",7,"1,168,837",1,,,,,,,,
2024,Jawa Barat,DPD,,,,A IRWAN BOLA,8,"548,244",,,,,,,,,
2024,Jawa Barat,DPD,,,,"AJI SAPTAJI, S.H.I., M.E.Sy.",9,"136,804",,,,,,,,,
2024,Jawa Barat,DPD,,,,ALFIANSYAH KOMENG,10,"5,399,699",1,,,,,,,,
2024,Jawa Barat,DPD,,,,"K.H. AMANG SYAFRUDIN, M.M.",11,"1,108,516",,,,,,,,,
2024,Jawa Barat,DPD,,,,"AMBU USDEK KANIAWATI, S.Sos.",12,"80,294",,,,,,,,,
2024,Jawa Barat,DPD,,,,"ANDRI PERKASA KANTAPRAWIRA, S.I.P, M.M.",13,"67,433",,,,,,,,,
2024,Jawa Barat,DPD,,,,ANNIDA ALLIVIA,14,"899,370",,,,,,,,,
2024,Jawa Barat,DPD,,,,A OGI SOS,15,"333,793",,,,,,,,,
2024,Jawa Barat,DPD,,,,ARIF RAHMAN HIDAYAT,16,"385,065",,,,,,,,,
2024,Jawa Barat,DPD,,,,A TAUPIK HIDAYAT,17,"235,323",,,,,,,,,
2024,Jawa Barat,DPD,,,,K.H. A WAWAN GHOZALI,18,"352,776",,,,,,,,,
2024,Jawa Barat,DPD,,,,"BIBEN FIKRIANA, S.Kep., Ners., M. Kep.",19,"191,997",,,,,,,,,
2024,Jawa Barat,DPD,,,,"BUDIVANTO, S.Pi.",20,"222,921",,,,,,,,,
2024,Jawa Barat,DPD,,,,"BUDIYONO, S.P.",21,"88,528",,,,,,,,,
2024,Jawa Barat,DPD,,,,DEDE AMAR,22,"557,103",,,,,,,,,
2024,Jawa Barat,DPD,,,,"DEDI RUDIANSYAH, S.T.",23,"29,729",,,,,,,,,
2024,Jawa Barat,DPD,,,,"DENDA ALAMSYAH, S.T.",24,"154,678",,,,,,,,,
2024,Jawa Barat,DPD,,,,"DENI RUSYNIADI, S.Ag.",25,"196,894",,,,,,,,,
2024,Jawa Barat,DPD,,,,DIAN RAHADIAN,26,"69,303",,,,,,,,,
2024,Jawa Barat,DPD,,,,DJUMONO,27,"195,831",,,,,,,,,
2024,Jawa Barat,DPD,,,,"EDI KUSDIANA, S.A.P., M.M.",28,"104,229",,,,,,,,,
2024,Jawa Barat,DPD,,,,Ir. ELAN HERYANTO,29,"116,126",,,,,,,,,
2024,Jawa Barat,DPD,,,,"Dra. Ir. Hj. ENI SUMARNI, M.Kes.",30,"285,179",,,,,,,,,
2024,Jawa Barat,DPD,,,,"ERNAWATY TAMPUBOLON, S.T., M.Th.",31,"257,636",,,,,,,,,
2024,Jawa Barat,DPD,,,,"Dr. HAIDAN, S.Pd.I., S.H., M.Ag.",32,"181,347",,,,,,,,,
2024,Jawa Barat,DPD,,,,"HENDRIK KURNIAWAN, S.Pd.I.",33,"156,768",,,,,,,,,
2024,Jawa Barat,DPD,,,,"Dr. Hj. IFA FAIZAH ROHMAH, M.Pd.",34,"593,202",,,,,,,,,
2024,Jawa Barat,DPD,,,,"IMAM SOLAHUDIN, S.T., S.Ag., M.Si.",35,"173,248",,,,,,,,,
2024,Jawa Barat,DPD,,,,"IMAM SUGIARTO, S.H.",36,"29,859",,,,,,,,,
2024,Jawa Barat,DPD,,,,"JAHENOS SARAGIH, S.Th., M.Th., M.M.",37,"74,750",,,,,,,,,
2024,Jawa Barat,DPD,,,,"JAJANG KURNIA, S.Sos., M.Si.",38,"362,485",,,,,,,,,
2024,Jawa Barat,DPD,,,,JIHAN FAHIRA,39,"1,823,907",1,,,,,,,,
2024,Jawa Barat,DPD,,,,MUHAMAD DAWAM,40,"158,492",,,,,,,,,
2024,Jawa Barat,DPD,,,,MUHAMMAD MURTADLOILLAH,41,"189,815",,,,,,,,,
2024,Jawa Barat,DPD,,,,"Drs. MUHAMMAD YAMIN, M.H.",42,"247,675",,,,,,,,,
2024,Jawa Barat,DPD,,,,MULYADI ELHAN ZAKARIA,43,"19,115",,,,,,,,,
2024,Jawa Barat,DPD,,,,"RIA SUGIAT, S.H.",44,"57,031",,,,,,,,,
2024,Jawa Barat,DPD,,,,RIFKI KARTINI,45,"244,244",,,,,,,,,
2024,Jawa Barat,DPD,,,,ROBBY MAULANA ZULKARNAEN,46,"52,268",,,,,,,,,
2024,Jawa Barat,DPD,,,,RUSDI HIDAYAT,47,"36,135",,,,,,,,,
2024,Jawa Barat,DPD,,,,"Dr. SITTI HIKMAWATTY, S.ST., M.Pd.",48,"138,446",,,,,,,,,
2024,Jawa Barat,DPD,,,,"Dr. Drs. SONNY HERSONA GW, M.M",49,"63,049",,,,,,,,,
2024,Jawa Barat,DPD,,,,Drs. H. SURATTO SISWODIHARDJO,50,"175,014",,,,,,,,,
2024,Jawa Barat,DPD,,,,Dr. SUROYO,51,"50,200",,,,,,,,,
2024,Jawa Barat,DPD,,,,"TEDY GIANTARA, S.T.",52,"113,324",,,,,,,,,
2024,Jawa Barat,DPD,,,,WAWAN DEDE AMUNG SUTARYA,53,"180,484",,,,,,,,,
2024,Jawa Barat,DPD,,,,"YUNITA DIAN SUWANDARI, S.T., M.M., M.T.",54,"107,053",,,,,,,,,
2024,Jawa Tengah,DPD,"28,289,413","18,460,060","4,963,729",,,,,,,,,,,,
2024,Jawa Tengah,DPD,,,,"Dr. H. ABDUL KHOLIK, S.H., M.Si.",1," 2,160,469 ",1,,,,,,,,
2024,Jawa Tengah,DPD,,,,AGUS MUJAYANTO,2,"941,268",,,,,,,,,
2024,Jawa Tengah,DPD,,,,"AHMAD BALICH MU'AIDI, S.Pd.I.",3,"784,666",,,,,,,,,
2024,Jawa Tengah,DPD,,,,"Ir. H. BAMBANG SUTRISNO, M.M.",4,"1,520,105",,,,,,,,,
2024,Jawa Tengah,DPD,,,,"CASYTHA A. KATHMANDU, S.E.",5," 3,567,338 ",1,,,,,,,,
2024,Jawa Tengah,DPD,,,,"DENTY EKA WIDI PRATIWI, S.E., M.H.",6," 1,929,267 ",1,,,,,,,,
2024,Jawa Tengah,DPD,,,,Ir. JOKO DALMADYO,7,"575,779",,,,,,,,,
2024,Jawa Tengah,DPD,,,,"KODIRIN, S.H., M.M.",8,"447,780",,,,,,,,,
2024,Jawa Tengah,DPD,,,,LAMAATUS SHOBAH DIMYATI ROIS,9,"1,083,182",,,,,,,,,
2024,Jawa Tengah,DPD,,,,"Dr.H.MUHDI,S.H.,M.Hum",10,"1,628,507",,,,,,,,,
2024,Jawa Tengah,DPD,,,,TAJ YASIN,11,"3,821,699",1,,,,,,,,
2024,Jawa Timur,DPD,"31,402,838","20,290,187","6,177,902",,,,,,,,,,,,
2024,Jawa Timur,DPD,,,,AA. AHMAD NAWARDI,1,"3,281,105",1,,,,,,,,
2024,Jawa Timur,DPD,,,,"Ir. H. AA LA NYALA MAHMUD MATTALITTI, M.HP",2,"3,132,076",1,,,,,,,,
2024,Jawa Timur,DPD,,,,"ABDUL QADIR AMIR HARTONO, S.E., S.H., M.H.",3,"1,429,865",,,,,,,,,
2024,Jawa Timur,DPD,,,,"ADILLA AZIS, S.E.",4,"1,955,615",,,,,,,,,
2024,Jawa Timur,DPD,,,,"Ir. H. AGUS RAHARDJO, MSc.M.",5,"2,205,069",,,,,,,,,
2024,Jawa Timur,DPD,,,,Drs. AYUB KHAN,6,"1,465,714",,,,,,,,,
2024,Jawa Timur,DPD,,,,BAMBANG HARIANTO,7,"444,543",,,,,,,,,
2024,Jawa Timur,DPD,,,,"CATUR RUDI UTANTO, S.SOS.",8,"398,249",,,,,,,,,
2024,Jawa Timur,DPD,,,,DODDY DWI NUGROHO,9,"184,431",,,,,,,,,
2024,Jawa Timur,DPD,,,,KONDANG KUSUMANING AYU,10,"2,542,036",1,,,,,,,,
2024,Jawa Timur,DPD,,,,KUNJUNG WAHYUDI,11,"184,127",,,,,,,,,
2024,Jawa Timur,DPD,,,,Dr. LIA ISTIFHAMA,12,"2,739,123",1,,,,,,,,
2024,Jawa Timur,DPD,,,,"MOHAMMAD TRIJANTO. S.H., M.M., M.H",13,"328,234",,,,,,,,,
2024,Kalimantan Barat,DPD,"3,958,561","2,884,393","386,121",,,,,,,,,,,,
2024,Kalimantan Barat,DPD,,,,"BRIDE SURYANUS ALLORANTE, S.T., M.M., M.T.",1,"191,334",,,,,,,,,
2024,Kalimantan Barat,DPD,,,,"DrS. CHRISTIANDY SANJAYA, S.E., M.M.",2,"243,856",,,,,,,,,
2024,Kalimantan Barat,DPD,,,,"Drs. CORNELIUS KIMHA, M.Si.",3,"153,816",,,,,,,,,
2024,Kalimantan Barat,DPD,,,,DAUD YORDAN,4,"527,697",1,,,,,,,,
2024,Kalimantan Barat,DPD,,,,DAVID OENDOEN,5,"89,197",,,,,,,,,
2024,Kalimantan Barat,DPD,,,,"DOMINIKUS OKBERTUS SRIKUJAM, S.Sos., M.Sos.",6,"35,076",,,,,,,,,
2024,Kalimantan Barat,DPD,,,,"Hj. ERLINAWATI, S.H., M.A.P.",7,"369,961",1,,,,,,,,
2024,Kalimantan Barat,DPD,,,,FACHRUDIN DARAJAT SIREGAR,8,"77,684",,,,,,,,,
2024,Kalimantan Barat,DPD,,,,"MAKARIUS SINTONG, S.H., M.H.",9,"45,903",,,,,,,,,
2024,Kalimantan Barat,DPD,,,,"MARIA GORETI, S.SoS.,.M.Si.",10,"276,562",1,,,,,,,,
2024,Kalimantan Barat,DPD,,,,"MAURITIUS ARYA TANJUNGPURA, S.Sos.",11,"42,653",,,,,,,,,
2024,Kalimantan Barat,DPD,,,,"H. PENSONG, S.E., M.Si.",12,"96,224",,,,,,,,,
2024,Kalimantan Barat,DPD,,,,"Hj. RUBAETI ERLITA, S.Sos.I., S.H.",13,"235,730",,,,,,,,,
2024,Kalimantan Barat,DPD,,,,"SYARIF MELVIN, S.H.",14,"399,273",1,,,,,,,,
2024,Kalimantan Barat,DPD,,,,"Drs. T.T.A. NYARONG, M.Si.",15,"45,397",,,,,,,,,
2024,Kalimantan Barat,DPD,,,,"TUKIRIN SURYO ADINAGORO, S.E.",16,"54,030",,,,,,,,,
2024,Kalimantan Selatan,DPD,"3,025,220","2,107,817","416,345",,,,,,,,,,,,
2024,Kalimantan Selatan,DPD,,,,"ANTUNG FATMAWATI, S.T.",1,"145,739",,,,,,,,,
2024,Kalimantan Selatan,DPD,,,,"H. GUSTI FARID HASAN AMAN, S.E., A.Kt., M.B.A.",2,"301,738",1,,,,,,,,
2024,Kalimantan Selatan,DPD,,,,"HABIB HAMID ABDULLAH, S.H., M.H.",3,"269,903",1,,,,,,,,
2024,Kalimantan Selatan,DPD,,,,"H. HABIB UMAR AL IDRUS, S.M.",4,"258,284",,,,,,,,,
2024,Kalimantan Selatan,DPD,,,,HABIB ZAKARIA BAHASYIM,5,"415,223",1,,,,,,,,
2024,Kalimantan Selatan,DPD,,,,"Dr. H PANGERAN SYARIF ABDURRAHMAN BAHASYIM, M.M. HABIB BANUA.",6,"236,484",,,,,,,,,
2024,Kalimantan Selatan,DPD,,,,"MUHAMMAD HIDAYATTOLLAH, S.Pd.",7,"314,979",1,,,,,,,,
2024,Kalimantan Selatan,DPD,,,,"H. MUHAMMAD YAMIN, I.E.",8,"71,539",,,,,,,,,
2024,Kalimantan Selatan,DPD,,,,"NANIK HAYATI, S.Sos.",9,"93,928",,,,,,,,,
2024,Kalimantan Tengah,DPD,"1,935,116","1,330,826","214,728",,,,,,,,,,,,
2024,Kalimantan Tengah,DPD,,,,"Dr. AGUSTIN TERAS NARANG, S.H.",1,"366,226",1,,,,,,,,
2024,Kalimantan Tengah,DPD,,,,"H. AMANTO SURYA LANGKA, Lc.",2,"89,825",,,,,,,,,
2024,Kalimantan Tengah,DPD,,,,"BELLA BRITTANI BAHAT, S.T.",3,"111,310",,,,,,,,,
2024,Kalimantan Tengah,DPD,,,,"dr. Hj. ERNI DARYANTI, M. Biomed.",4,"168,413",1,,,,,,,,
2024,Kalimantan Tengah,DPD,,,,HABIB SAYID ABI NAZAR ALHABSYI,5,"113,685",,,,,,,,,
2024,Kalimantan Tengah,DPD,,,,"H SITI ASEANTI, S. ST., M. Keb.",6,"118,892",1,,,,,,,,
2024,Kalimantan Tengah,DPD,,,,"Dr. Hj. ISWANTI DARWAN ALI, S.E., M.M.",7,"90,263",,,,,,,,,
2024,Kalimantan Tengah,DPD,,,,"Dr. PERDIE M. YOSEPH, M.A.",8,"102,613",,,,,,,,,
2024,Kalimantan Tengah,DPD,,,,HABIB SAID ABDURRAHMAN,9,"169,599",1,,,,,,,,
2024,Kalimantan Timur,DPD,"2,778,644","1,900,969","358,742",,,,,,,,,,,,
2024,Kalimantan Timur,DPD,,,,"ABDUL JAWAD, 8.M. M.M.",1,"95,806",,,,,,,,,
2024,Kalimantan Timur,DPD,,,,AJ MIRNI MAWARNI 8.T. M.M.,2,"188,193",1,,,,,,,,
2024,Kalimantan Timur,DPD,,,,"H. ANDI FATHUL KHAIR, 8.808.",3,"48,084",,,,,,,,,
2024,Kalimantan Timur,DPD,,,,"Dr. dr. ANDI 8ORYAN HABDAM, 8p.N.",4,"179,346",1,,,,,,,,
2024,Kalimantan Timur,DPD,,,,"ADt. A. ZALDY IRZA PAHLEVY ABDURRASYID, S.SL., M.Farm.",5,"28,496",,,,,,,,,
2024,Kalimantan Timur,DPD,,,,"Ir. H. BAMBANG SUSILO, M.M.",6,"61,246",,,,,,,,,
2024,Kalimantan Timur,DPD,,,,"ir. H. EMIR MOE18, M.Sc.",7,"124,566",,,,,,,,,
2024,Kalimantan Timur,DPD,,,,K.H. FAHRUR RAZI,8,"84,834",,,,,,,,,
2024,Kalimantan Timur,DPD,,,,"HABIB AHMAD BAHASYIM, 8.E., M.M.",9,"114,871",,,,,,,,,
2024,Kalimantan Timur,DPD,,,,"H. JAFAR ABDUL GAFFAR, 8.Sos., M.H.",10,"38,683",,,,,,,,,
2024,Kalimantan Timur,DPD,,,,"KAMAL HARPA, S.Sos.",11,"18,428",,,,,,,,,
2024,Kalimantan Timur,DPD,,,,"H. MUHAMMAD FATHUR RAHMAN AL KUTAI, S.H., M.H.",12,"114,591",,,,,,,,,
2024,Kalimantan Timur,DPD,,,,"H. NANANG SULAIMAN, S.E.",13,"86,763",,,,,,,,,
2024,Kalimantan Timur,DPD,,,,NASPI ARSYAD,14,"103,367",,,,,,,,,
2024,Kalimantan Timur,DPD,,,,"Dr. H. RENDI SUSISWO ISMAIL, S.H., M.H.",15,"75,018",,,,,,,,,
2024,Kalimantan Timur,DPD,,,,"SINTA ROSMA YENTI, S.A.P.",16,"219,819",1,,,,,,,,
2024,Kalimantan Timur,DPD,,,,Mayjen TNI (Purn) SOBDARMO,17,"40,312",,,,,,,,,
2024,Kalimantan Timur,DPD,,,,"BUMADI, S.Sos.",18,"8,528",,,,,,,,,
2024,Kalimantan Timur,DPD,,,,"Dt. YULIANUS HENOCK SUMUAL, S.H., M Si.",19,"140,044",1,,,,,,,,
2024,Kalimantan Timur,DPD,,,,"ZAINAL ARIFIN, A.Md., Kep.",20,"129,974",,,,,,,,,
2024,Kalimantan Utara,DPD,"504,252","372,937","36,133",,,,,,,,,,,,
2024,Kalimantan Utara,DPD,,,,"ABD. DJALI FATAH, S.H., M.M.",1,"18,996",,,,,,,,,
2024,Kalimantan Utara,DPD,,,,"AJI MUHAMMAD ARI WEJAYA, S.J.",2,"5,373",,,,,,,,,
2024,Kalimantan Utara,DPD,,,,DT. BUYUNG PERKASA,3,"9,476",,,,,,,,,
2024,Kalimantan Utara,DPD,,,,"FERNANDO SINAGA, S.Th.",4,"27,637",,,,,,,,,
2024,Kalimantan Utara,DPD,,,,"H. HASAN BASRI, S.E., M.H.",5,"51,725",1,,,,,,,,
2024,Kalimantan Utara,DPD,,,,"Dr. Drs. HENDRIS DAMUS, M.SL.",6,"19,113",,,,,,,,,
2024,Kalimantan Utara,DPD,,,,"HERMAN, S.H.",7,"55,198",1,,,,,,,,
2024,Kalimantan Utara,DPD,,,,H. ISMUNANDAR AZIS,8,"15,428",,,,,,,,,
2024,Kalimantan Utara,DPD,,,,LARASATI MORISKA,9,"45,559",1,,,,,,,,
2024,Kalimantan Utara,DPD,,,,"Dr. Drs. MARTHIN BILLA, M.M.",10,"45,119",1,,,,,,,,
2024,Kalimantan Utara,DPD,,,,MUHAMMAD FAJRI ALFA ROBI,11,"10,312",,,,,,,,,
2024,Kalimantan Utara,DPD,,,,"MUHAMMAD SYAWAL, SE. M.M.",12,"4,032",,,,,,,,,
2024,Kalimantan Utara,DPD,,,,"MUKLIS, S.H., M.H.",13,"11,255",,,,,,,,,
2024,Kalimantan Utara,DPD,,,,SISWANTARA,14,"3,998",,,,,,,,,
2024,Kalimantan Utara,DPD,,,,"Hj. SRI SULARTININGSIH, S.I.Kom., M.I.Kom.",15,"44,455",,,,,,,,,
2024,Kalimantan Utara,DPD,,,,"SYAMSUDDIN, S.Pd., M.Pd., M.H.",16,"5,261",,,,,,,,,
2024,KEP.Bangka Belitung,DPD,"1,067,434","733,440","178,205",,,,,,,,,,,,
2024,KEP.Bangka Belitung,DPD,,,,ALEXANDER FRANSISCUS,1,"50,281",,,,,,,,,
2024,KEP.Bangka Belitung,DPD,,,,"BAHAR BUASAN, S.T., M.Sc.",2,"102,065",1,,,,,,,,
2024,KEP.Bangka Belitung,DPD,,,,"Dr. H. BAMBANG DWI HARTONO, M.Si.",3,"27,207",,,,,,,,,
2024,KEP.Bangka Belitung,DPD,,,,Ir. H. DARMANSYAH HUSEIN,4,"80,188",1,,,,,,,,
2024,KEP.Bangka Belitung,DPD,,,,"DARWIS, S.Ag-",5,"40,845",,,,,,,,,
2024,KEP.Bangka Belitung,DPD,,,,"DEDY YULIANTO, S.E.",6,"24,228",,,,,,,,,
2024,KEP.Bangka Belitung,DPD,,,,"DINDA REMBULAN, B.A.",7,"86,813",1,,,,,,,,
2024,KEP.Bangka Belitung,DPD,,,,"H. EKA MULYA PUTRA, S.E., M.Si.",8,"26,800",,,,,,,,,
2024,KEP.Bangka Belitung,DPD,,,,"FADJAR FAIRY RUSNI, S.H.",9,"4,740",,,,,,,,,
2024,KEP.Bangka Belitung,DPD,,,,"HERRY ERFIAN, S.T.",10,"67,432",,,,,,,,,
2024,KEP.Bangka Belitung,DPD,,,,"Dr. JUNAIDI ABDILLAH, S.H., M.H.",11,"11,181",,,,,,,,,
2024,KEP.Bangka Belitung,DPD,,,,"Dr. JUSTIAR NOER, M.Si.",12,"39,016",,,,,,,,,
2024,KEP.Bangka Belitung,DPD,,,,Ust. H. RUSDIYANTO,13,"19,743",,,,,,,,,
2024,KEP.Bangka Belitung,DPD,,,,H. YUS DERAHMAN,14,"36,850",,,,,,,,,
2024,KEP.Bangka Belitung,DPD,,,,Ust. H. ZUHRI M. SYAZALI,15,"116,051",1,,,,,,,,
2024,KEP.Riau,DPD,"1,500,974","1,036,889","124,848",,,,,,,,,,,,
2024,KEP.Riau,DPD,,,,"DAVID FAREL SIBUEA, M.Th., D.Min.",1,"29,943",,,,,,,,,
2024,KEP.Riau,DPD,,,,H. DHARMA SETIAWAN,2,"172,868",1,,,,,,,,
2024,KEP.Riau,DPD,,,,"DWI AJENG SEKAR RESPATY, S.H., M.Kn.",3,"111,920",1,,,,,,,,
2024,KEP.Riau,DPD,,,,"GERRY YASID, S.H., M.H.",4,"33,981",,,,,,,,,
2024,KEP.Riau,DPD,,,,"Drs. H. HARDI SELAMAT HOOD, M.Si., Ph.D.",5,"53,782",,,,,,,,,
2024,KEP.Riau,DPD,,,,HARIPINTO TANUWIDJAJA,6,"92,131",,,,,,,,,
2024,KEP.Riau,DPD,,,,Ir. HOTMAN HUTAPEA,7,"20,311",,,,,,,,,
2024,KEP.Riau,DPD,,,,Drs. ISMETH ABDULLAH,8,"132,563",1,,,,,,,,
2024,KEP.Riau,DPD,,,,"JUANDA, S.Mn., M.M.",9,"18,709",,,,,,,,,
2024,KEP.Riau,DPD,,,,RIA SAPTARIKA,10,"162,400",1,,,,,,,,
2024,KEP.Riau,DPD,,,,"Dr. RICHARD HAMONANGAN PASARIBU, B.Sc., M.Sc.",11,"78,608",,,,,,,,,
2024,KEP.Riau,DPD,,,,SIRAJUDIN NUR,12,"81,432",,,,,,,,,
2024,KEP.Riau,DPD,,,,STEPHANE GERALD MARTOGI SIBURIAN,13,"42,203",,,,,,,,,
2024,KEP.Riau,DPD,,,,"SUNARTO PONIMAN, S.H.",14,"6,038",,,,,,,,,
2024,Lampung,DPD,"6,539,128","4,362,846","837,227",,,,,,,,,,,,
2024,Lampung,DPD,,,,"KH. L. ABDUL HAKIM, M.M.",1,"448,702",1,,,,,,,,
2024,Lampung,DPD,,,,AGUNG IMAM PRASETYO,2,"201,731",,,,,,,,,
2024,Lampung,DPD,,,,Drs. H. AHMAD BASTIAN SY,3,"484,996",1,,,,,,,,
2024,Lampung,DPD,,,,"ALMIRA NABILA FAUZI, B.Bus. Com.",4,"404,579",,,,,,,,,
2024,Lampung,DPD,,,,"H. BENNY UZER, S.H.",5,"273,013",,,,,,,,,
2024,Lampung,DPD,,,,"Dr. H. BUSTAMI ZAINUDIN, S.Pd, M.H.",6,"431,702",1,,,,,,,,
2024,Lampung,DPD,,,,"DAVIT KURNIAWAN, S. Kom.",7,"81,275",,,,,,,,,
2024,Lampung,DPD,,,,"DEVI SISWANDANI, S.Pd",8,"347,205",,,,,,,,,
2024,Lampung,DPD,,,,"DYAH SITI NURAINI, S.E., M.Ak.",9,"139,519",,,,,,,,,
2024,Lampung,DPD,,,,"FARAH NURIZA AMELIA, S.H.",10,"102,720",,,,,,,,,
2024,Lampung,DPD,,,,HERI PROLETARI DWI KARTIKA.AZ,11,"42,161",,,,,,,,,
2024,Lampung,DPD,,,,"dr. JIHAN NURLELA, M.M.",12,"910,318",1,,,,,,,,
2024,Lampung,DPD,,,,"H. KHAIDIR BUJUNG, S.Ag., M.M.",13,"93,593",,,,,,,,,
2024,Lampung,DPD,,,,PETRUS TANDRA,14,"163,799",,,,,,,,,
2024,Lampung,DPD,,,,"H. SM HERLAMBANG, S.H., M.H",15,"70,549",,,,,,,,,
2024,Lampung,DPD,,,,"H. SUPENO, S.H.I.",16,"86,609",,,,,,,,,
2024,Lampung,DPD,,,,H. TULUS PURNOMO WIBOWO,17,"80,375",,,,,,,,,
2024,Maluku,DPD," 1,341,012 "," 1,035,107 ",57922,,,,,,,,,,,,
2024,Maluku,DPD,,,,"ABUKASIM SANGADJI, S.Sos., M.Si",1,"32,628",,,,,,,,,
2024,Maluku,DPD,,,,"ALI ROHO TALAOHU, S.I.P., M.I.Pol. ",2,"53,283",,,,,,,,,
2024,Maluku,DPD,,,,"ANNA LATUCONSINA, S.H., S.I.Kom.",3," 126,595 ",1,,,,,,,,
2024,Maluku,DPD,,,,"BISRI AS SHIDDIQ LATUCONSINA, S.Sos.",4,"110,163",1,,,,,,,,
2024,Maluku,DPD,,,,"FRANGKOIS KLEMENS ORNO, S.I.P.",5,"66,880",,,,,,,,,
2024,Maluku,DPD,,,,"Ir. HASANUDDIN RUMRA, M.SÍ.",6,"33,923",,,,,,,,,
2024,Maluku,DPD,,,,Н. M. YASIN WELSON LAJAHA,7,"50,254",,,,,,,,,
2024,Maluku,DPD,,,,"JOSEPH SIKTEUBUN, S.Sos.",8,"70,776",,,,,,,,,
2024,Maluku,DPD,,,,"Ir. MELKIAS L. FRANS, M.SL.",9,"56,151",,,,,,,,,
2024,Maluku,DPD,,,,"MIRATI DEWANINGSIH, S.T.",10,"85,690",1,,,,,,,,
2024,Maluku,DPD,,,,"Dr. NONO SAMPONO, M.Si.",11,"84,660",,,,,,,,,
2024,Maluku,DPD,,,,"NOVITA ANAKOTTA, S.H., M.H.",12,"180,335",1,,,,,,,,
2024,Maluku,DPD,,,,"SAMSON YASIR ALKATIRI, S.Pi., M.Si.",13,"19,917",,,,,,,,,
2024,Maluku,DPD,,,,"SITTI AMINA AMAHORU, S.S., M.IKom.",14,"63,852",,,,,,,,,
2024,Maluku Utara,DPD,"953,978","705,273","47,205",,,,,,,,,,,,
2024,Maluku Utara,DPD,,,,"HASBY YUSUF, S.E.",1,"73,980",1,,,,,,,,
2024,Maluku Utara,DPD,,,,HELMI UMAR MUCHSIN,2,"46,353",,,,,,,,,
2024,Maluku Utara,DPD,,,,"HIDAYAT M. SJAH, S.I.P., M.A.P.",3,"95,030",1,,,,,,,,
2024,Maluku Utara,DPD,,,,"IKBAL HI. DJABID, S.E., M.M.",4,"42,675",,,,,,,,,
2024,Maluku Utara,DPD,,,,MAKMURDIN MUS,5,"49,522",,,,,,,,,
2024,Maluku Utara,DPD,,,,"Ir. NAMTO ROBA, S.H.",6,"75,689",1,,,,,,,,
2024,Maluku Utara,DPD,,,,"NATALI DEFITA PASIMANJEKU, BIB",7,"49,547",,,,,,,,,
2024,Maluku Utara,DPD,,,,"PRIVCO SEBASTIAN BITJOLI, S.H",8,"13,449",,,,,,,,,
2024,Maluku Utara,DPD,,,,"Dr. R. GRAAL TALIAWO, S.Sos., M.Si ",9,"103,783",1,,,,,,,,
2024,Maluku Utara,DPD,,,,"Dr. RIVAI UMAR, S.E., M.Si.",10,"19,674",,,,,,,,,
2024,Maluku Utara,DPD,,,,ROSIANA SYARIF,11,"36,686",,,,,,,,,
2024,Maluku Utara,DPD,,,,"SAHRANI SOMADAYO, S.T., M.Si.",12,"9,767",,,,,,,,,
2024,Maluku Utara,DPD,,,,"SAHRIN HAMID, S.H.",13,"24,913",,,,,,,,,
2024,Maluku Utara,DPD,,,,"SALLU AJAM, S.E.",14,"6,544",,,,,,,,,
2024,Maluku Utara,DPD,,,,"SARKA ELADJOUW, S.E",15,"28,636",,,,,,,,,
2024,Maluku Utara,DPD,,,,"Dr. SUDJUD SIRADJUDDIN, S.H., M.H.",16,"10,656",,,,,,,,,
2024,Maluku Utara,DPD,,,,"SUGENG CAHYONO, S.H., M.Si.",17,"18,369",,,,,,,,,
2024,Nusa Tenggara Barat,DPD,"3,918,291","2,893,906","426,508",,,,,,,,,,,,
2024,Nusa Tenggara Barat,DPD,,,,"H. ACHMAD SUKISMAN AZMY, M.H.",1,"182,624",,,,,,,,,
2024,Nusa Tenggara Barat,DPD,,,,"Dr. AHMAD TURMUZI, S.S., M.Pd.",2,"87,090",,,,,,,,,
2024,Nusa Tenggara Barat,DPD,,,,"Hj. EVI APITA MAYA, S.H., M.Kn.",3,"315,007",1,,,,,,,,
2024,Nusa Tenggara Barat,DPD,,,,"TGH. IBNU HALIL, S.Ag., M.Pd.I.",4,"328,713",1,,,,,,,,
2024,Nusa Tenggara Barat,DPD,,,,"JAMHARI LATIF, S.E.",5,"51,132",,,,,,,,,
2024,Nusa Tenggara Barat,DPD,,,,"TGH. LALU GEDE MUHAMAD ALI WIRASAKTI AMIR MURNI, M.A.",6,"207,600",,,,,,,,,
2024,Nusa Tenggara Barat,DPD,,,,"BRIGJEN TNI (Pum.) LALU RUDY I. SRIGEDE, S.T., M.Si.",7,"147,046",,,,,,,,,
2024,Nusa Tenggara Barat,DPD,,,,H. LALU SUHAIMI ISMY,8,"197,816",,,,,,,,,
2024,Nusa Tenggara Barat,DPD,,,,MASKAHYANGAN,9,"64,835",,,,,,,,,
2024,Nusa Tenggara Barat,DPD,,,,"Hj. MAUREEN G. WENAS, S.E.",10,"63,971",,,,,,,,,
2024,Nusa Tenggara Barat,DPD,,,,MIRAH MIDADAN FAHMID,11,"265,104",1,,,,,,,,
2024,Nusa Tenggara Barat,DPD,,,,"TGH. MUHAIMIN YAHYA MUTAWALLI, S.Sos.",12,"96,638",,,,,,,,,
2024,Nusa Tenggara Barat,DPD,,,,MUH RIFKI FARABI,13,"284,126",1,,,,,,,,
2024,Nusa Tenggara Barat,DPD,,,,"MULYADI, S.P.",14,"49,950",,,,,,,,,
2024,Nusa Tenggara Barat,DPD,,,,"Dr. Drs. H. MUSA SHOFIANDY, S.H., M.M.",15,"19,344",,,,,,,,,
2024,Nusa Tenggara Barat,DPD,,,,"NURDIN RANGGABARANI, S.H., M.H.",16,"135,601",,,,,,,,,
2024,Nusa Tenggara Barat,DPD,,,,Hj. NURHAIDAH,17,"121,053",,,,,,,,,
2024,Nusa Tenggara Barat,DPD,,,,Drs. H. RIDWAN HIDAYAT,18,"30,137",,,,,,,,,
2024,Nusa Tenggara Barat,DPD,,,,"SA'ADATUL HAYATI PUTRI, S.K.G.",19,"49,094",,,,,,,,,
2024,Nusa Tenggara Barat,DPD,,,,"SABOLAH, M.Pd.",20," 120,399 ",,,,,,,,,
2024,Nusa Tenggara Barat,DPD,,,,H.SUHUBUNNURI,21,"20,509",,,,,,,,,
2024,Nusa Tenggara Barat,DPD,,,,TAUHID RIFAI .S.Ag,22,"56,117",,,,,,,,,
2024,Nusa Tenggara Timur,DPD,"4,008,475","2,772,248","177,674",,,,,,,,,,,,
2024,Nusa Tenggara Timur,DPD,,,,Ir. ABRAHAM LIYANTO,1,"279,392",1,,,,,,,,
2024,Nusa Tenggara Timur,DPD,,,,"ANGELIUS WAKE KAKO, S.Pd.,M.Si.",2,"362,645",1,,,,,,,,
2024,Nusa Tenggara Timur,DPD,,,,dr. ASYERA R.A. WUNDALERO,3,"169,974",,,,,,,,,
2024,Nusa Tenggara Timur,DPD,,,,"CHRISTOPHER RAYMOND TANNUR, S.E.",4,"150,173",,,,,,,,,
2024,Nusa Tenggara Timur,DPD,,,,"EL ASAMAU, S.IP., M.P.P.",5,"265,900",,,,,,,,,
2024,Nusa Tenggara Timur,DPD,,,,"FERDINANDUS HASIMAN, S.S., M.IP",6,"137,273",,,,,,,,,
2024,Nusa Tenggara Timur,DPD,,,,"HILDA MANAFE, S.E., M.M.",7,"267,195",1,,,,,,,,
2024,Nusa Tenggara Timur,DPD,,,,"HIRONIMUS MAWO DOPO, S.E.",8,"58,845",,,,,,,,,
2024,Nusa Tenggara Timur,DPD,,,,IVAN R. RONDO,9,"11,792",,,,,,,,,
2024,Nusa Tenggara Timur,DPD,,,,"Drs. JULIANUS POTE LEBA, M.Si.",10,"101,128",,,,,,,,,
2024,Nusa Tenggara Timur,DPD,,,,"MAKSIMUS RAMSES LALONGKOE, S.Sos., M.Sc.",11,"40,172",,,,,,,,,
2024,Nusa Tenggara Timur,DPD,,,,dr. MARIA STEVI HARMAN,12,"405,579",1,,,,,,,,
2024,Nusa Tenggara Timur,DPD,,,,PATJE OKTOFIANUS TASUIB. S.Sos.,13,"65,723.00",,,,,,,,,
2024,Nusa Tenggara Timur,DPD,,,,Ir. SARAH LERY MBOBIK SITI SAUDAH,14,"76,230",,,,,,,,,
2024,Nusa Tenggara Timur,DPD,,,,H. MUSTAFA,15,"141,808",,,,,,,,,
2024,Nusa Tenggara Timur,DPD,,,,"Ir. THOMAS SERAN, M.M.",16,"81,833",,,,,,,,,
2024,Nusa Tenggara Timur,DPD,,,,"UMBU WULANG TANAAMAH PARANGGI, S. Ses.",17,"156,586",,,,,,,,,
2024,Papua,DPD,"727,835","595,031","88,649",,,,,,,,,,,,
2024,Papua,DPD,,,,"CAREL SIMON PETRUS SUEBU, S.E.",1,"115,036",1,,,,,,,,
2024,Papua,DPD,,,,DARUSSALAM DAMIR KS,2,"47,990",,,,,,,,,
2024,Papua,DPD,,,,"Pdt. DAVID HAROLD WAROMI, SM.Th.",3,"98,520",1,,,,,,,,
2024,Papua,DPD,,,,"HENOCK PURARO, S.Sos.",4,"49,807",,,,,,,,,
2024,Papua,DPD,,,,"H. KUMAR, S.Ag., S.H., M.H.",5,"35,460",,,,,,,,,
2024,Papua,DPD,,,,"LALITA, S.H.",6,"52,087",1,,,,,,,,
2024,Papua,DPD,,,,"H. MADDU MALLU, S.E.",7,"43,007",,,,,,,,,
2024,Papua,DPD,,,,"MOH EL BAHAR, S.E.",8,"30,664",,,,,,,,,
2024,Papua,DPD,,,,NUR DAVID PERMANA,9,"10,064",,,,,,,,,
2024,Papua,DPD,,,,"REGINA MUABUAY, S.Pd.",10,"70,564",1,,,,,,,,
2024,Papua,DPD,,,,YAKONIAS WABRAR,11,"41,832",,,,,,,,,
2024,Papua Barat,DPD,"385,465","304,722","30,558",,,,,,,,,,,,
2024,Papua Barat,DPD,,,,"ABDULLAH MANARAY, S.T.",1,"39,583",1,,,,,,,,
2024,Papua Barat,DPD,,,,ADOLOF FONATABA. S.Pt.,2,"20,900",,,,,,,,,
2024,Papua Barat,DPD,,,,"Dr. FILEP WAMAFMA. S.H., M.Hum.",3,"57,482",1,,,,,,,,
2024,Papua Barat,DPD,,,,"ISHAK MANDACAN, S.H.",4,0,,,,,,,,,
2024,Papua Barat,DPD,,,,JEFERSON JEMI LIUNSANDA,5,"21,911",,,,,,,,,
2024,Papua Barat,DPD,,,,"LAMEK DOWANSIBA, A.Md.Par.",6,"57,973",1,,,,,,,,
2024,Papua Barat,DPD,,,,RUDOLF ANTHONIUS TONDOK. S.Kom.,7,"11,818",,,,,,,,,
2024,Papua Barat,DPD,,,,"SAMAD RUMALOLAS, S.Sos.",8,"14,717",,,,,,,,,
2024,Papua Barat,DPD,,,,"H. SUYANTO, S.H., M.Kn., M.H.",9,"24,578",,,,,,,,,
2024,Papua Barat,DPD,,,,"WILLIAM ABRAHAM RAMAR, S.Pd.",10,"9,286",,,,,,,,,
2024,Papua Barat,DPD,,,,"YANCE SAMONSABRA, S.H., M.Si.",11,"31,178",1,,,,,,,,
2024,Papua Barat,DPD,,,,"ZAKARIAS FENETIRUMA, S.Pd.",12,"15,296",,,,,,,,,
2024,Papua Barat Daya,DPD,"440,826","330,600","32,942",,,,,,,,,,,,
2024,Papua Barat Daya,DPD,,,,"AGIL SAENI, S.Hut., M.Si.",1,"14,611",,,,,,,,,
2024,Papua Barat Daya,DPD,,,,"AGUSTINUS R. KAMBUAYA, S.I.P.",2,"48,619",1,,,,,,,,
2024,Papua Barat Daya,DPD,,,,"AMALUT BOINAUW, S.I.P.",3,"11,584",,,,,,,,,
2024,Papua Barat Daya,DPD,,,,"AMUS ATKANA, S.H., S.Pt., M.M.",4,"18,901",,,,,,,,,
2024,Papua Barat Daya,DPD,,,,H. HARTONO,5,"35,014",1,,,,,,,,
2024,Papua Barat Daya,DPD,,,,"HASBI SUAIB, S.T., M.H.",6,"25,399",,,,,,,,,
2024,Papua Barat Daya,DPD,,,,"Pdt. MAMBEROB Y. RUMAKIEK, S.Si., M.Kesos.",7,"52,542",1,,,,,,,,
2024,Papua Barat Daya,DPD,,,,"M. SANUSI RAHANINGMAS, S.Sos., M.M.Sip.",8,"32,525",,,,,,,,,
2024,Papua Barat Daya,DPD,,,,"MUHDAR ICHSAN WEUL, S.P.",9,"5,584",,,,,,,,,
2024,Papua Barat Daya,DPD,,,,"PAUL FINSEN MAYOR, S.I.P., CM.NNLP.",10,"63,416",1,,,,,,,,
2024,Papua Barat Daya,DPD,,,,"SEPTINUS LOBAT, S.H.",11,"15,632",,,,,,,,,
2024,Papua Barat Daya,DPD,,,,"SOKHIB NAIM, S.H., M.H.",12,"6,773",,,,,,,,,
2024,Papua Selatan,DPD,"367,269","298,277","22,101",,,,,,,,,,,,
2024,Papua Selatan,DPD,,,,ADIB FUAD,1,"44,527",1,,,,,,,,
2024,Papua Selatan,DPD,,,,"AGUSTA KURUWOP, S.Sos.",2,"18,151",,,,,,,,,
2024,Papua Selatan,DPD,,,,ANTO,3,"26,041",,,,,,,,,
2024,Papua Selatan,DPD,,,,"Pdt. CARLES SIMARE MARE, S.Th., M.SI.",4,"14,401",,,,,,,,,
2024,Papua Selatan,DPD,,,,"DAYANA, A.P.Par.",5,"15,747",,,,,,,,,
2024,Papua Selatan,DPD,,,,FRANSISKUS OHOIWUTUN,6,"18,054",,,,,,,,,
2024,Papua Selatan,DPD,,,,"FRITS TOBO WAKASU, S.PAK., S.H.",7,"28,224",1,,,,,,,,
2024,Papua Selatan,DPD,,,,"JANNERS JOKSAN NUSSY, S.H.",8,"5,502",,,,,,,,,
2024,Papua Selatan,DPD,,,,"KRISANTO FRANSISKUS X. AGAWEMU, S.P. W.K.",9,"16,507",,,,,,,,,
2024,Papua Selatan,DPD,,,,LE ROY T. AGAKI,10,"3,969",,,,,,,,,
2024,Papua Selatan,DPD,,,,"MARSIA LEFTEUW, S.Sos.",11,"4,741",,,,,,,,,
2024,Papua Selatan,DPD,,,,"MERRY GOBAY, S.E.",12,"13,189",,,,,,,,,
2024,Papua Selatan,DPD,,,,"RUDY TIRTAYANA, S.E.",13,"30,711",1,,,,,,,,
2024,Papua Selatan,DPD,,,,"SIMON PETRUS BALAGAISE, A.Md. Par.",14,"17,141",,,,,,,,,
2024,Papua Selatan,DPD,,,,"SULARSO, S.E.",15,"28,130",1,,,,,,,,
2024,Papua Selatan,DPD,,,,"URBANUS ALEU KAIZE, S.I.P., M.A.P.",16,"9,538",,,,,,,,,
2024,Papua Selatan,DPD,,,,"YACOBUS DUWIRI, S.E., M.SI.",17,"3,704",,,,,,,,,
2024,Papua Tengah ,DPD,"1,128,844","1,115,527","17,953",,,,,,,,,,,,
2024,Papua Tengah ,DPD,,,,"ARNOLD BENEDIKTUS KAYAME, S.H.",1,"52,378",,,,,,,,,
2024,Papua Tengah ,DPD,,,,"EKA KRISTINA YEIMO, S.Pd.. M.Si.",2,"146,004",1,,,,,,,,
2024,Papua Tengah ,DPD,,,,"HAM NAWIPA, S.Sos.",3,"35,641",,,,,,,,,
2024,Papua Tengah ,DPD,,,,"JHONI UKAGO, S.Ak",4,"44,878",,,,,,,,,
2024,Papua Tengah ,DPD,,,,LIS TABUNI,5,"246,693",1,,,,,,,,
2024,Papua Tengah ,DPD,,,,"MICHAEL EDOWAI, S.I.Kom.",6,"76,573",,,,,,,,,
2024,Papua Tengah ,DPD,,,,"Pdt. RUBEN UAMANG, S.Th., MA.",7,"33,114",,,,,,,,,
2024,Papua Tengah ,DPD,,,,"SHANIA MONINGGA HINDOM, S.H",8,"34,868",,,,,,,,,
2024,Papua Tengah ,DPD,,,,"WHENSLAUS TEBAY, S.HI",9,"56,577",,,,,,,,,
2024,Papua Tengah ,DPD,,,,WILHELMUS PIGAI,10,"139,260",1,,,,,,,,
2024,Papua Tengah ,DPD,,,,YORRYS RAWEYAI,11,"179,828",1,,,,,,,,
2024,Papua Tengah ,DPD,,,,"YOSEPHINA PIGAI, S. Sos.",12,"69,713",,,,,,,,,
2024,Riau,DPD,"4,732,174","3,193,066","546,052",,,,,,,,,,,,
2024,Riau,DPD,,,,"H. ABDUL HAMID, S.PI., M.Si.",1,"189,171",1,,,,,,,,
2024,Riau,DPD,,,,"ALPASIRIN, S.I.P., M.I.P.",2,"162,972",,,,,,,,,
2024,Riau,DPD,,,,"ARIF EKA SAPUTRA, S.PI.",3,"271,518",1,,,,,,,,
2024,Riau,DPD,,,,"BENSON SINAGA, S.E.",4,"86,680",,,,,,,,,
2024,Riau,DPD,,,,"dr. BIRAN AFFANDI YUSRIONO, M.H.",5,"151,095",,,,,,,,,
2024,Riau,DPD,,,,"Dr. drh. H. CHAIDIR, M.M.",6,"171,527",,,,,,,,,
2024,Riau,DPD,,,,EDDY BUDIANTO,7,"50,055",,,,,,,,,
2024,Riau,DPD,,,,"H. EDWIN PRATAMA PUTRA, S.H.",8,"185,403",,,,,,,,,
2024,Riau,DPD,,,,"ELFENNI ERDIANTA BR. BANGUN, S.H., M.H.",9,"64,695",,,,,,,,,
2024,Riau,DPD,,,,"H. HERMAN MASKAR, S.Pd., M.Si.",10,"35,824",,,,,,,,,
2024,Riau,DPD,,,,"HOPEA INGVIRNIA ERWIN, S.H., M.H.",11,"171,632",,,,,,,,,
2024,Riau,DPD,,,,Ir. ICHWANUL IHSAN,12,"42,979",,,,,,,,,
2024,Riau,DPD,,,,"JUPRIZAL, S.Th.I., S.H., M.H.",13,"143,736",,,,,,,,,
2024,Riau,DPD,,,,KHARISMAN RISANDA,14,"69,716",,,,,,,,,
2024,Riau,DPD,,,,"LAMPITA PAKPAHAN, S.H.",15,"83,393",,,,,,,,,
2024,Riau,DPD,,,,"H. MARJONI HENDRI, S.P.,M.Tr.I.P.",16,"37,579",,,,,,,,,
2024,Riau,DPD,,,,"Drs. H. MARTIUS BUSTI, M.M., M.H.",17,"42,592",,,,,,,,,
2024,Riau,DPD,,,,"Hj. MIMI LUTMILA, S.Si.",18,"128,497",,,,,,,,,
2024,Riau,DPD,,,,"Dr. Hj. MISHARTI, S.Ag., M.Si",19,"168,814",,,,,,,,,
2024,Riau,DPD,,,,"Dr. H. M RIZAL AKBAR, S.Si., M. Phil.",20,"73,050",,,,,,,,,
2024,Riau,DPD,,,,"K.H. MUHAMMAD MURSYID, M.Pd.I.",21,"262,889",1,,,,,,,,
2024,Riau,DPD,,,,"PATAR SITANGGANG, S.H.,M.H.",22,"62,706",,,,,,,,,
2024,Riau,DPD,,,,"H. PEBRIALIN RAZAK, S.E.,M.Si.",23,"57,694",,,,,,,,,
2024,Riau,DPD,,,,"RIDO RIKARDO, S.H., M.H.",24,"52,389",,,,,,,,,
2024,Riau,DPD,,,,"Dr. RIZALDI PUTRA, MBA.",25,"38,867",,,,,,,,,
2024,Riau,DPD,,,,"ROMWEL SITOMPUL, S.H.",26,"76,422",,,,,,,,,
2024,Riau,DPD,,,,"SEWITRI, S.E.",27,"219,168",1,,,,,,,,
2024,Riau,DPD,,,,"H. T. RUSLI AHMAD, S.E., M.M.",28,"50,530",,,,,,,,,
2024,Riau,DPD,,,,"YOSRIZAL, S.T., M.Si.",29,"41,473",,,,,,,,,
2024,Sulawesi Barat,DPD,"985,760","777,790","52,326",,,,,,,,,,,,
2024,Sulawesi Barat,DPD,,,,"ABD JAWAS GANI, S.H., M.H.",1,"23,733",,,,,,,,,
2024,Sulawesi Barat,DPD,,,,"A. IAN ALI BAAL MASDAR, S.H.",2,"55,090",1,,,,,,,,
2024,Sulawesi Barat,DPD,,,,H. ALMALIK PABABARI,3,"56,225",1,,,,,,,,
2024,Sulawesi Barat,DPD,,,,ANDI MUH. ICHSAN,4,"5,791",,,,,,,,,
2024,Sulawesi Barat,DPD,,,,"ANDRI PRAYOGA PUTRA SINGKARRU, MSc.",5,"150,633",1,,,,,,,,
2024,Sulawesi Barat,DPD,,,,BASTIAN BASRI,6,"24,966",,,,,,,,,
2024,Sulawesi Barat,DPD,,,,"BUSTAN BASIR, S.H.I, M.A.",7,"19,331",,,,,,,,,
2024,Sulawesi Barat,DPD,,,,Drs. HAJI HUSAIN,8,"17,937",,,,,,,,,
2024,Sulawesi Barat,DPD,,,,"Ir. H. HAMSAH SUNUBA, M. Kes.",9,"27,134",,,,,,,,,
2024,Sulawesi Barat,DPD,,,,"Drs. H. HARUN, M.M.",10,"5,599",,,,,,,,,
2024,Sulawesi Barat,DPD,,,,HASAN BADO,11,"12,680",,,,,,,,,
2024,Sulawesi Barat,DPD,,,,"HEINCE DEMMABUTTU, S.I.P.",12,"5,540",,,,,,,,,
,,,,,,H.ISKANDAR MUDA BAHARUDDIN LOPA,13,"53,069",,,,,,,,,
2024,Sulawesi Barat,DPD,,,,ISWAR,14,"15,773",,,,,,,,,
2024,Sulawesi Barat,DPD,,,,"JUPRI MAHMUD, S.E.",15,"112,289",1,,,,,,,,
2024,Sulawesi Barat,DPD,,,,"H. KALMA KATTA, S.Sos., M.M.",16,"48,867",,,,,,,,,
2024,Sulawesi Barat,DPD,,,,"LEONAR BONGGA, S.H.",17,"21,396",,,,,,,,,
2024,Sulawesi Barat,DPD,,,,MUHAIMIN FAISAL,18,"11,211",,,,,,,,,
2024,Sulawesi Barat,DPD,,,,"MUHAMMAD HATTA KAINANG, S.H ",19,"38,153",,,,,,,,,
2024,Sulawesi Barat,DPD,,,,  RISBAR BERLIAN BACHRI,20,"19,006",,,,,,,,,
2024,Sulawesi Barat,DPD,,,,"Dr. SEMUEL LINGGI TOPAYUNG, M.A.P.",21,"16,138",,,,,,,,,
2024,Sulawesi Barat,DPD,,,,H. SUKARDY MUHAMMAD NOER,22,"12,881",,,,,,,,,
2024,Sulawesi Barat,DPD,,,,"SUPRIADI YUSUF, S.Si., M.Si.",23,"5,163",,,,,,,,,
2024,Sulawesi Barat,DPD,,,,"Pdt. YAVED NATANIEL, S.Th.",24,"19,185",,,,,,,,,
2024,Sulawesi Selatan ,DPD,"6,670,528","4,865,100","500,018",,,,,,,,,,,,
2024,Sulawesi Selatan ,DPD,,,,"A. ABD. WARIS HALID, B.S., M.M.",1,"504,201",1,,,,,,,,
2024,Sulawesi Selatan ,DPD,,,,"Drs. H. ABD. RAHMAN, M.M.",2,"175,286",,,,,,,,,
2024,Sulawesi Selatan ,DPD,,,,"Ir. H. A. CHAIRIL ANWAR, M.M.",3,"215,154",,,,,,,,,
2024,Sulawesi Selatan ,DPD,,,,A. HATTA MARAKARMA,4,"333,857",,,,,,,,,
2024,Sulawesi Selatan ,DPD,,,,"H. AL HIDAYAT SAMSU, S.Pd., M.Pd.",5,"496,609",1,,,,,,,,
2024,Sulawesi Selatan ,DPD,,,,"Dr. Ir. H. A. M. YUSRAN PARIS, M.M.",6,"156,103",,,,,,,,,
2024,Sulawesi Selatan ,DPD,,,,ANDI BASO RYADI MAPPASULLE,7,"125,225",,,,,,,,,
2024,Sulawesi Selatan ,DPD,,,,"DATU LUWU ANDI MARADANG MACKULAU, S.H.",8,"355,308",,,,,,,,,
2024,Sulawesi Selatan ,DPD,,,,ANDI MUH. IHSAN,9,"390,146",1,,,,,,,,
2024,Sulawesi Selatan ,DPD,,,,"Dr. Apt. H. ANDI MUH YAGKIN PADJALANGI, M.Kes.",10,"253,369",,,,,,,,,
2024,Sulawesi Selatan ,DPD,,,,"ELLI OSCHAR, M.Pd.I",11,"209,295",,,,,,,,,
2024,Sulawesi Selatan ,DPD,,,,HARMANSYAH,12,"99,056",,,,,,,,,
2024,Sulawesi Selatan ,DPD,,,,Prof. Dr. H IDRUS ANDI PATURUSI,13,"295,392",,,,,,,,,
2024,Sulawesi Selatan ,DPD,,,,"LILY AMELIA SALURAPA, S.E., M.M.",14,"213,301",,,,,,,,,
2024,Sulawesi Selatan ,DPD,,,,"Ir. H. MUHAMMAD NASYIT UMAR, SP.",15,"233,569",,,,,,,,,
2024,Sulawesi Selatan ,DPD,,,,"Pdt. MUSA SALUSU, M.Th.",16,"252,786",,,,,,,,,
2024,Sulawesi Selatan ,DPD,,,,ST. DIZA RASYID ALI,17,"100,654",,,,,,,,,
2024,Sulawesi Selatan ,DPD,,,,TAMSIL LINRUNG,18,"455,789",1,,,,,,,,
2024,Sulawesi Tengah ,DPD,"2,236,703","1,686,388","130,300",,,,,,,,,,,,
2024,Sulawesi Tengah ,DPD,,,,"AAN ARIF LATADANO, S.T.",1,"61,717",,,,,,,,,
2024,Sulawesi Tengah ,DPD,,,,ABCANDRA MUHAMMAD AKBAR,2,"181,655",1,,,,,,,,
2024,Sulawesi Tengah ,DPD,,,,"SUPRATMAN, S.H.",3,"102,821",,,,,,,,,
2024,Sulawesi Tengah ,DPD,,,,"Dr. ABDUL RACHMAN THAHA, S.H., M.H.",4,"101,981",,,,,,,,,
2024,Sulawesi Tengah ,DPD,,,,"AHMAD SYAIFULLAH MALONDA, S.P.",5,"130,859",,,,,,,,,
2024,Sulawesi Tengah ,DPD,,,,"ANDHIKA MAYRIZAL AMIR, S.H., M.Kn.",6,"78,936",1,,,,,,,,
2024,Sulawesi Tengah ,DPD,,,,"ANDI PARENRENGI, S.T.",7,"34,317",,,,,,,,,
2024,Sulawesi Tengah ,DPD,,,,"ARIFIN SUNUSI, S.H., MBT.",8,"37,234",,,,,,,,,
2024,Sulawesi Tengah ,DPD,,,,BUDIMAN JAYA ASHARI,9,"67,129",,,,,,,,,
2024,Sulawesi Tengah ,DPD,,,,"EVA SUSANTI H BANDE, S.Sos.",10,"183,470",,,,,,,,,
2024,Sulawesi Tengah ,DPD,,,,"FEBRIYANTHI HONGKIRIWANG, S.Si., Apt.",11,"40,244",1,,,,,,,,
2024,Sulawesi Tengah ,DPD,,,,"IKBAL BASIR KHAN LUKKY SEMEN, S.E.",12,"78,389",,,,,,,,,
2024,Sulawesi Tengah ,DPD,,,,"Ir. MOH. FAIZAL MANG, M.M.",13,"38,499",,,,,,,,,
2024,Sulawesi Tengah ,DPD,,,,"MUGIRA, S.H.",14,"79,712",,,,,,,,,
2024,Sulawesi Tengah ,DPD,,,,"H. MUSTAR LABOLO, S.Sos., M.Pd.",15,"47,263",,,,,,,,,
2024,Sulawesi Tengah ,DPD,,,,PERI COKROAMINOTO,16,"18,057",,,,,,,,,
2024,Sulawesi Tengah ,DPD,,,,"DEWANTORO, S.Fil.I.",17,"162,585",,,,,,,,,
2024,Sulawesi Tengah ,DPD,,,,RAFIQ AL-AMRI,18,"97,686",1,,,,,,,,
2024,Sulawesi Tengah ,DPD,,,,Pdt. RINALDI DAMANIK SITI ZAHRIA,19,"33,395",,,,,,,,,
2024,Sulawesi Tengah ,DPD,,,,"SUHARDI, S.Th.I.",20,"32,086",,,,,,,,,
2024,Sulawesi Tengah ,DPD,,,,"Ir. H. SYAIFULLAH DJAFAR, M.Si.",21,"28,099",,,,,,,,,
2024,Sulawesi Tengah ,DPD,,,,"Ir. TRIE IRIANY LAMAKAMPALI, M.M.",22,"50,254",,,,,,,,,
2024,Sulawesi Tenggara,DPD,"1,867,931","1,407,207","180,394",,,,,,,,,,,,
2024,Sulawesi Tenggara,DPD,,,,ABDUL JALIL,1,"56,512",,,,,,,,,
2024,Sulawesi Tenggara,DPD,,,,"H. ABDUL RASYID SYAWAL, S.Pd.",2,"61,602",,,,,,,,,
2024,Sulawesi Tenggara,DPD,,,,"ALMAGHFIRAH SAPRI, S.H.",3,"21,317",,,,,,,,,
2024,Sulawesi Tenggara,DPD,,,,AMNAENI DG. TABAJI,4,"66,936",,,,,,,,,
2024,Sulawesi Tenggara,DPD,,,,"Hj. ANDI NIRWANA S., S.P., M.M.",5,"72,847",,,,,,,,,
2024,Sulawesi Tenggara,DPD,,,,"ANDI SAHIBUDDIN, S.Ag.",6,"48,938",,,,,,,,,
2024,Sulawesi Tenggara,DPD,,,,"BURHANIS, S.A.P.",7,"13,714",,,,,,,,,
2024,Sulawesi Tenggara,DPD,,,,"dr. DEWA PUTU ARDIKA SEPUTRA, Sp.OG.",8,"94,166",,,,,,,,,
2024,Sulawesi Tenggara,DPD,,,,FATMAYANI HARLI TOMBILI,9,"26,187",,,,,,,,,
2024,Sulawesi Tenggara,DPD,,,,LA ODE UMAR BONTE,10,"214,999",1,,,,,,,,
2024,Sulawesi Tenggara,DPD,,,,"LENI ANDRIANI SURUNUDDIN, B.Bus., M.Com.",11,"156,916",1,,,,,,,,
2024,Sulawesi Tenggara,DPD,,,,MANSUR,12,"32,308",,,,,,,,,
2024,Sulawesi Tenggara,DPD,,,,M. ARIS ACHMAD,13,"20,672",,,,,,,,,
2024,Sulawesi Tenggara,DPD,,,,"Dr. MASMUR, S.S., M.Si.",14,"44,989",,,,,,,,,
2024,Sulawesi Tenggara,DPD,,,,"Dr. H. M. TASMIN L., M.Pd.I.",15,"44,534",,,,,,,,,
2024,Sulawesi Tenggara,DPD,,,,"H. MUHLIS, S.Si.",16,"52,303",,,,,,,,,
2024,Sulawesi Tenggara,DPD,,,,"Drs. H. MUIRUN AWI, M.Si.",17,"26,143",,,,,,,,,
2024,Sulawesi Tenggara,DPD,,,,"Dr. H. MZ. AMIRUL TAMIM, M.Si.",18,"94,530",1,,,,,,,,
2024,Sulawesi Tenggara,DPD,,,,RATNA LA DA,19,"46,140",,,,,,,,,
2024,Sulawesi Tenggara,DPD,,,,TIE SARANANI,20,"29,519",,,,,,,,,
2024,Sulawesi Tenggara,DPD,,,,"H. TONY AKBAR HASIBUAN, S.H., M.H.",21,"6,208",,,,,,,,,
2024,Sulawesi Tenggara,DPD,,,,"Ir. WA ODE HAMSINAH BOLU, M.Sc.",22,"47,913",,,,,,,,,
2024,Sulawesi Tenggara,DPD,,,,"WA ODE RABIA AL ADAWIA RIDWAN, S.E., M.B.A.",23,"119,728",1,,,,,,,,
2024,Sulawesi Tenggara,DPD,,,,"Dr. YURISMAN STAR, S.E., M.Si.",24,"8,086",,,,,,,,,
2024,Sulawesi Utara ,DPD,"1,969,903","1,497,328","144,428",,,,,,,,,,,,
2024,Sulawesi Utara ,DPD,,,,"ABID TAKALAMINGAN,S.Sos., M.H.",1,"140,474",,,,,,,,,
2024,Sulawesi Utara ,DPD,,,,"Dra. ADRIANA CHARLOTTE DONDOKAMBEY, M.SI.",2,"202,652",1,,,,,,,,
2024,Sulawesi Utara ,DPD,,,,CHERISH HARRIETTE,3,"234,333",1,,,,,,,,
2024,Sulawesi Utara ,DPD,,,,DJAFAR ALKATIRI,4,"188,580",,,,,,,,,
2024,Sulawesi Utara ,DPD,,,,MAYA RUMANTIR,5,"394,153",1,,,,,,,,
2024,Sulawesi Utara ,DPD,,,,"MURPHY ELDY KANLY KUHU, S.T.P.",6,"72,868",,,,,,,,,
2024,Sulawesi Utara ,DPD,,,,"PUTRI REJEKI KASAD, S.H., M.Kn.",7,"48,142",,,,,,,,,
2024,Sulawesi Utara ,DPD,,,,"Ir. STEFANUS B.A.N LOW, M.A.P.",8,"216,126",1,,,,,,,,
2024,Sumatera Barat,DPD,"4,088,606","2,865,393","256,495",,,,,,,,,,,,
2024,Sumatera Barat,DPD,,,,"H. ABDUL AZIZ, SP., M.M.",1,"246,620",,,,,,,,,
2024,Sumatera Barat,DPD,,,,"CERINT IRALLOZA TASYA, S.Ked.",2,"489,942",1,,,,,,,,
2024,Sumatera Barat,DPD,,,,DESRIO PUTRA,3,"144,474",,,,,,,,,
2024,Sumatera Barat,DPD,,,,DIRRI UZHZHULAM. (ELOK).,4,"133,362",,,,,,,,,
2024,Sumatera Barat,DPD,,,,Hj. EMMA YOHANNA,5,"377,605",1,,,,,,,,
2024,Sumatera Barat,DPD,,,,"Ir. H. HENDRA IRWAN RAHIM, M.M.",6,"131,685",,,,,,,,,
2024,Sumatera Barat,DPD,,,,"H. JELITA DONAL, Lc.",7,"308,986",1,,,,,,,,
2024,Sumatera Barat,DPD,,,,"Drs. JHONI AFRIZAL, DT.HITAM.",8,"78,013",,,,,,,,,
2024,Sumatera Barat,DPD,,,,"H. LEONARDY HARMAINY, DT.BANDARO BASA,S.IP.,M.H.",9,"166,525",,,,,,,,,
2024,Sumatera Barat,DPD,,,,"MEVRIZAL, S.H., M.H.",10,"64,240",,,,,,,,,
2024,Sumatera Barat,DPD,,,,"H. MUSLIM M YATIM, Lc., M.M.",11,"275,203",1,,,,,,,,
2024,Sumatera Barat,DPD,,,,"NURKHALIS, S.H.",12,"224,195",,,,,,,,,
2024,Sumatera Barat,DPD,,,,YONDER WE ALVARENT,13,"21,643",,,,,,,,,
2024,Sumatera Barat,DPD,,,,"YONG HENDRI, S.H, DT. Paduko Reno.",14,"55,446",,,,,,,,,
2024,Sumatera Barat,DPD,,,,"Hj. YURI HADIAH, S.H.",15,"147,454",,,,,,,,,
2024,Sumatera Selatan,DPD,"6,326,348","4,308,755","849,576",,,,,,,,,,,,
2024,Sumatera Selatan,DPD,,,,ABDUL AZIZ,1,"214,793",,,,,,,,,
2024,Sumatera Selatan,DPD,,,,"AGUNG WIJAYA, S.H., M.H.",2,"172,758",,,,,,,,,
2024,Sumatera Selatan,DPD,,,,ALDINA MERIAMDA PUTRI,3,"88,727",,,,,,,,,
2024,Sumatera Selatan,DPD,,,,"AMALIAH, S.K.G., M.B.A.",4,"506,475",1,,,,,,,,
2024,Sumatera Selatan,DPD,,,,"HJ. ARNIZA NILAWATI, S.E., M.M.",5,"209,634",,,,,,,,,
2024,Sumatera Selatan,DPD,,,,"dr. AZZAHRAZADE, M.K.M.",6,"123,656",,,,,,,,,
2024,Sumatera Selatan,DPD,,,,"EDWARD JAYA, S.H.",7,"78,190",,,,,,,,,
2024,Sumatera Selatan,DPD,,,,"Hj. EVA SUSANTI, S.E., M.M.",8,"495,651",1,,,,,,,,
2024,Sumatera Selatan,DPD,,,,H. IMAM MANSUR,9,"194,114",,,,,,,,,
2024,Sumatera Selatan,DPD,,,,"JIALYKA MAHARANI, S.l.Kom.",10,"529,411",1,,,,,,,,
2024,Sumatera Selatan,DPD,,,,"DR. H. MAT SYUROH, M.M., M.Si",11,"74,087",,,,,,,,,
2024,Sumatera Selatan,DPD,,,,"H. M. HAMDANI, A.M.Kep, S.K.M., M.Kes (Biomed)",12,"50,042",,,,,,,,,
2024,Sumatera Selatan,DPD,,,,M. REZA FARISYI,13,"30,062",,,,,,,,,
2024,Sumatera Selatan,DPD,,,,"MUHAMMAD AMINUDDIN, S.H.",14,"46,501",,,,,,,,,
2024,Sumatera Selatan,DPD,,,,"H. NUR KHOLIS, S.H., M.A.",15,"42,613",,,,,,,,,
2024,Sumatera Selatan,DPD,,,,"RATU TENNY LERIVA, S.Ked.",16,"811,302",1,,,,,,,,
2024,Sumatera Selatan,DPD,,,,ROSMALA DEWI,17,"49,248",,,,,,,,,
2024,Sumatera Selatan,DPD,,,,Hj. SEPTIANA CAROLIN,18,"53,839",,,,,,,,,
2024,Sumatera Selatan,DPD,,,,ROSMALA DEWI,19,"38,047",,,,,,,,,
2024,Sumatera Selatan,DPD,,,,Hj. SEPTIANA CAROLIN,20,"190,630",,,,,,,,,
2024,Sumatera Selatan,DPD,,,,ROSMALA DEWI,21,"308,975",,,,,,,,,
2024,Sumatera Utara,DPD,"10,853,940","6,736,533","1,401,760",,,,,,,,,,,,
2024,Sumatera Utara,DPD,,,,Ir. ABDON NABABAN,1,"208,979",,,,,,,,,
2024,Sumatera Utara,DPD,,,,"H. ALBINER SITOMPUL, S.I.P., M.A.P.",2,"232,949",,,,,,,,,
2024,Sumatera Utara,DPD,,,,"ANDI JUNIANTO BARUS, S.H., M.H.",3," 162,322 ",,,,,,,,,
2024,Sumatera Utara,DPD,,,,"Dr. BADIKENITA BR SITEPU, S.E., S.H., M.Si.",4,"553,752",1,,,,,,,,
2024,Sumatera Utara,DPD,,,,"BAHRUL 'ULUM HARAHAP, S.Fil.I., M.Pd.",5,"400,451",,,,,,,,,
2024,Sumatera Utara,DPD,,,,"DARWIS H. HARAHAP, S.P.",6,"244,907",,,,,,,,,
2024,Sumatera Utara,DPD,,,,"Ust. Dr. H. DEDI ISKANDAR BATUBARA, S.Sos., S.H., M.S.P., M.H., C.I.R.B.C., C.W.C.",7,"1,081,487",1,,,,,,,,
2024,Sumatera Utara,DPD,,,,"EMSAH PERANGIN ANGIN, S.P.",8,"134,891",,,,,,,,,
2024,Sumatera Utara,DPD,,,,"H. FAISAL AMRI, S.Ag., M.Ag.",9,"546,936",,,,,,,,,
2024,Sumatera Utara,DPD,,,,"Dr. IKHWALUDDIN SIMATUPANG, S.H., M.Hum.",10,"132,205",,,,,,,,,
2024,Sumatera Utara,DPD,,,,ISKANDAR SEMBIRING,11,"63,654",,,,,,,,,
2024,Sumatera Utara,DPD,,,,"JOKO SUSILO, A.Md.",12,"137,145",,,,,,,,,
2024,Sumatera Utara,DPD,,,,"M. FIRMAN SHAH, S.H.",13,"151,549",,,,,,,,,
2024,Sumatera Utara,DPD,,,,"K.H. MUHAMMAD NUH, M.S.P.",14,"618,241",1,,,,,,,,
2024,Sumatera Utara,DPD,,,,"Dr. PARLINDUNGAN PURBA, S.H., M.M.",15,"532,646",,,,,,,,,
2024,Sumatera Utara,DPD,,,,"PARULIAN SIREGAR, M.A.",16,"165,389",,,,,,,,,
2024,Sumatera Utara,DPD,,,,"Pdt. PENRAD SIAGIAN, S.Th., M.Si., Teol.",17,"642,165",1,,,,,,,,
2024,Sumatera Utara,DPD,,,,"Ust. RAFDINAL, S.Sos., M.A.P.",18,"259,510",,,,,,,,,
2024,Sumatera Utara,DPD,,,,"SABAM PARULIAN PARSAORAN MANALU, S.E., M.A.P.",19,"278,853",,,,,,,,,
2024,Sumatera Utara,DPD,,,,"SAMULYA SURYA INDRA, S.P.",20,"139,798",,,,,,,,,
2024,Sumatera Utara,DPD,,,,SUKADI ,21,"48,704",,,,,,,,,
,,,,,,,,,,,,,,,,,
,,,,,,,,,,,,,,,,,
,,,,,,,,,,,,,,,,,
,,,,,,,,,,,,,,,,,
,,,,,,,,,,,,,,,,,
,,,,,,,,,,,,,,,,,
,,,,,,,,,,,,,,,,,
,,,,,,,,,,,,,,,,,
,,,,,,,,,,,,,,,,,
,,,,,,,,,,,,,,,,,
,,,,,,,,,,,,,,,,,
,,,,,,,,,,,,,,,,,
,,,,,,,,,,,,,,,,,
,,,,,,,,,,,,,,,,,
,,,,,,,,,,,,,,,,,
,,,,,,,,,,,,,,,,,
,,,,,,,,,,,,,,,,,
,,,,,,,,,,,,,,,,,
,,,,,,,,,,,,,,,,,
,,,,,,,,,,,,,,,,,
,,,,,,,,,,,,,,,,,
,,,,,,,,,,,,,,,,,
,,,,,,,,,,,,,,,,,
,,,,,,,,,,,,,,,,,
,,,,,,,,,,,,,,,,,
,,,,,,,,,,,,,,,,,
,,,,,,,,,,,,,,,,,
,,,,,,,,,,,,,,,,,
,,,,,,,,,,,,,,,,,
,,,,,,,,,,,,,,,,,
,,,,,,,,,,,,,,,,,
,,,,,,,,,,,,,,,,,
,,,,,,,,,,,,,,,,,
,,,,,,,,,,,,,,,,,
,,,,,,,,,,,,,,,,,
,,,,,,,,,,,,,,,,,
,,,,,,,,,,,,,,,,,
,,,,,,,,,,,,,,,,,
,,,,,,,,,,,,,,,,,
,,,,,,,,,,,,,,,,,
,,,,,,,,,,,,,,,,,
,,,,,,,,,,,,,,,,,
,,,,,,,,,,,,,,,,,
,,,,,,,,,,,,,,,,,
,,,,,,,,,,,,,,,,,
,,,,,,,,,,,,,,,,,
,,,,,,,,,,,,,,,,,
,,,,,,,,,,,,,,,,,
,,,,,,,,,,,,,,,,,
,,,,,,,,,,,,,,,,,
,,,,,,,,,,,,,,,,,
,,,,,,,,,,,,,,,,,
,,,,,,,,,,,,,,,,,
,,,,,,,,,,,,,,,,,
,,,,,,,,,,,,,,,,,
,,,,,,,,,,,,,,,,,
,,,,,,,,,,,,,,,,,
,,,,,,,,,,,,,,,,,
,,,,,,,,,,,,,,,,,
,,,,,,,,,,,,,,,,,
,,,,,,,,,,,,,,,,,
,,,,,,,,,,,,,,,,,
,,,,,,,,,,,,,,,,,
,,,,,,,,,,,,,,,,,
,,,,,,,,,,,,,,,,,
,,,,,,,,,,,,,,,,,
,,,,,,,,,,,,,,,,,
,,,,,,,,,,,,,,,,,
,,,,,,,,,,,,,,,,,
,,,,,,,,,,,,,,,,,
,,,,,,,,,,,,,,,,,
,,,,,,,,,,,,,,,,,
,,,,,,,,,,,,,,,,,
,,,,,,,,,,,,,,,,,
,,,,,,,,,,,,,,,,,
,,,,,,,,,,,,,,,,,
,,,,,,,,,,,,,,,,,
,,,,,,,,,,,,,,,,,
,,,,,,,,,,,,,,,,,
,,,,,,,,,,,,,,,,,
,,,,,,,,,,,,,,,,,
,,,,,,,,,,,,,,,,,
,,,,,,,,,,,,,,,,,
,,,,,,,,,,,,,,,,,
,,,,,,,,,,,,,,,,,
,,,,,,,,,,,,,,,,,
,,,,,,,,,,,,,,,,,
,,,,,,,,,,,,,,,,,
,,,,,,,,,,,,,,,,,
,,,,,,,,,,,,,,,,,
,,,,,,,,,,,,,,,,,
,,,,,,,,,,,,,,,,,
,,,,,,,,,,,,,,,,,
,,,,,,,,,,,,,,,,,
,,,,,,,,,,,,,,,,,
,,,,,,,,,,,,,,,,,
,,,,,,,,,,,,,,,,,
,,,,,,,,,,,,,,,,,
,,,,,,,,,,,,,,,,,
,,,,,,,,,,,,,,,,,
,,,,,,,,,,,,,,,,,
,,,,,,,,,,,,,,,,,
,,,,,,,,,,,,,,,,,
,,,,,,,,,,,,,,,,,
,,,,,,,,,,,,,,,,,
,,,,,,,,,,,,,,,,,
,,,,,,,,,,,,,,,,,
,,,,,,,,,,,,,,,,,
,,,,,,,,,,,,,,,,,
,,,,,,,,,,,,,,,,,
,,,,,,,,,,,,,,,,,
,,,,,,,,,,,,,,,,,
,,,,,,,,,,,,,,,,,
,,,,,,,,,,,,,,,,,
,,,,,,,,,,,,,,,,,
,,,,,,,,,,,,,,,,,
,,,,,,,,,,,,,,,,,
,,,,,,,,,,,,,,,,,
,,,,,,,,,,,,,,,,,
,,,,,,,,,,,,,,,,,
,,,,,,,,,,,,,,,,,
,,,,,,,,,,,,,,,,,
,,,,,,,,,,,,,,,,,
,,,,,,,,,,,,,,,,,
,,,,,,,,,,,,,,,,,
,,,,,,,,,,,,,,,,,
,,,,,,,,,,,,,,,,,
,,,,,,,,,,,,,,,,,
,,,,,,,,,,,,,,,,,
,,,,,,,,,,,,,,,,,
,,,,,,,,,,,,,,,,,
,,,,,,,,,,,,,,,,,
,,,,,,,,,,,,,,,,,
,,,,,,,,,,,,,,,,,
,,,,,,,,,,,,,,,,,
,,,,,,,,,,,,,,,,,
,,,,,,,,,,,,,,,,,
,,,,,,,,,,,,,,,,,
,,,,,,,,,,,,,,,,,
,,,,,,,,,,,,,,,,,
,,,,,,,,,,,,,,,,,
,,,,,,,,,,,,,,,,,
,,,,,,,,,,,,,,,,,
,,,,,,,,,,,,,,,,,
,,,,,,,,,,,,,,,,,
,,,,,,,,,,,,,,,,,
,,,,,,,,,,,,,,,,,
,,,,,,,,,,,,,,,,,
,,,,,,,,,,,,,,,,,
,,,,,,,,,,,,,,,,,
,,,,,,,,,,,,,,,,,
,,,,,,,,,,,,,,,,,
,,,,,,,,,,,,,,,,,
,,,,,,,,,,,,,,,,,
,,,,,,,,,,,,,,,,,
,,,,,,,,,,,,,,,,,
,,,,,,,,,,,,,,,,,
,,,,,,,,,,,,,,,,,
,,,,,,,,,,,,,,,,,
,,,,,,,,,,,,,,,,,
,,,,,,,,,,,,,,,,,
,,,,,,,,,,,,,,,,,
,,,,,,,,,,,,,,,,,
,,,,,,,,,,,,,,,,,
,,,,,,,,,,,,,,,,,
,,,,,,,,,,,,,,,,,
,,,,,,,,,,,,,,,,,
,,,,,,,,,,,,,,,,,
,,,,,,,,,,,,,,,,,
,,,,,,,,,,,,,,,,,
,,,,,,,,,,,,,,,,,
,,,,,,,,,,,,,,,,,
,,,,,,,,,,,,,,,,,
,,,,,,,,,,,,,,,,,
,,,,,,,,,,,,,,,,,
,,,,,,,,,,,,,,,,,
,,,,,,,,,,,,,,,,,
,,,,,,,,,,,,,,,,,
,,,,,,,,,,,,,,,,,
,,,,,,,,,,,,,,,,,
,,,,,,,,,,,,,,,,,
,,,,,,,,,,,,,,,,,
,,,,,,,,,,,,,,,,,
,,,,,,,,,,,,,,,,,
,,,,,,,,,,,,,,,,,
,,,,,,,,,,,,,,,,,
,,,,,,,,,,,,,,,,,
,,,,,,,,,,,,,,,,,
,,,,,,,,,,,,,,,,,
,,,,,,,,,,,,,,,,,
,,,,,,,,,,,,,,,,,
,,,,,,,,,,,,,,,,,
,,,,,,,,,,,,,,,,,
,,,,,,,,,,,,,,,,,
,,,,,,,,,,,,,,,,,
,,,,,,,,,,,,,,,,,
,,,,,,,,,,,,,,,,,
,,,,,,,,,,,,,,,,,
,,,,,,,,,,,,,,,,,
,,,,,,,,,,,,,,,,,
,,,,,,,,,,,,,,,,,
,,,,,,,,,,,,,,,,,
,,,,,,,,,,,,,,,,,
,,,,,,,,,,,,,,,,,
,,,,,,,,,,,,,,,,,
,,,,,,,,,,,,,,,,,
,,,,,,,,,,,,,,,,,
,,,,,,,,,,,,,,,,,
,,,,,,,,,,,,,,,,,
,,,,,,,,,,,,,,,,,
,,,,,,,,,,,,,,,,,
,,,,,,,,,,,,,,,,,
,,,,,,,,,,,,,,,,,
,,,,,,,,,,,,,,,,,
,,,,,,,,,,,,,,,,,
,,,,,,,,,,,,,,,,,
,,,,,,,,,,,,,,,,,
,,,,,,,,,,,,,,,,,
,,,,,,,,,,,,,,,,,
,,,,,,,,,,,,,,,,,
,,,,,,,,,,,,,,,,,
,,,,,,,,,,,,,,,,,
,,,,,,,,,,,,,,,,,
,,,,,,,,,,,,,,,,,
,,,,,,,,,,,,,,,,,
,,,,,,,,,,,,,,,,,
,,,,,,,,,,,,,,,,,
,,,,,,,,,,,,,,,,,
,,,,,,,,,,,,,,,,,
,,,,,,,,,,,,,,,,,
,,,,,,,,,,,,,,,,,
,,,,,,,,,,,,,,,,,
,,,,,,,,,,,,,,,,,
,,,,,,,,,,,,,,,,,
,,,,,,,,,,,,,,,,,
,,,,,,,,,,,,,,,,,
,,,,,,,,,,,,,,,,,
,,,,,,,,,,,,,,,,,
,,,,,,,,,,,,,,,,,
,,,,,,,,,,,,,,,,,
,,,,,,,,,,,,,,,,,
,,,,,,,,,,,,,,,,,
,,,,,,,,,,,,,,,,,
,,,,,,,,,,,,,,,,,
,,,,,,,,,,,,,,,,,
,,,,,,,,,,,,,,,,,
,,,,,,,,,,,,,,,,,
,,,,,,,,,,,,,,,,,
,,,,,,,,,,,,,,,,,
,,,,,,,,,,,,,,,,,
,,,,,,,,,,,,,,,,,
,,,,,,,,,,,,,,,,,
,,,,,,,,,,,,,,,,,
,,,,,,,,,,,,,,,,,
,,,,,,,,,,,,,,,,,
,,,,,,,,,,,,,,,,,
,,,,,,,,,,,,,,,,,
,,,,,,,,,,,,,,,,,
,,,,,,,,,,,,,,,,,
,,,,,,,,,,,,,,,,,
,,,,,,,,,,,,,,,,,
,,,,,,,,,,,,,,,,,
,,,,,,,,,,,,,,,,,
,,,,,,,,,,,,,,,,,
,,,,,,,,,,,,,,,,,
,,,,,,,,,,,,,,,,,
,,,,,,,,,,,,,,,,,
,,,,,,,,,,,,,,,,,
,,,,,,,,,,,,,,,,,
,,,,,,,,,,,,,,,,,
,,,,,,,,,,,,,,,,,
,,,,,,,,,,,,,,,,,
,,,,,,,,,,,,,,,,,
,,,,,,,,,,,,,,,,,
,,,,,,,,,,,,,,,,,
,,,,,,,,,,,,,,,,,
,,,,,,,,,,,,,,,,,
,,,,,,,,,,,,,,,,,
,,,,,,,,,,,,,,,,,
,,,,,,,,,,,,,,,,,
,,,,,,,,,,,,,,,,,
,,,,,,,,,,,,,,,,,
,,,,,,,,,,,,,,,,,
,,,,,,,,,,,,,,,,,
,,,,,,,,,,,,,,,,,
,,,,,,,,,,,,,,,,,
,,,,,,,,,,,,,,,,,
,,,,,,,,,,,,,,,,,
,,,,,,,,,,,,,,,,,
,,,,,,,,,,,,,,,,,
,,,,,,,,,,,,,,,,,
,,,,,,,,,,,,,,,,,
,,,,,,,,,,,,,,,,,
,,,,,,,,,,,,,,,,,
,,,,,,,,,,,,,,,,,
,,,,,,,,,,,,,,,,,
,,,,,,,,,,,,,,,,,
,,,,,,,,,,,,,,,,,
,,,,,,,,,,,,,,,,,
,,,,,,,,,,,,,,,,,
,,,,,,,,,,,,,,,,,
,,,,,,,,,,,,,,,,,
,,,,,,,,,,,,,,,,,
,,,,,,,,,,,,,,,,,
,,,,,,,,,,,,,,,,,
,,,,,,,,,,,,,,,,,
,,,,,,,,,,,,,,,,,
,,,,,,,,,,,,,,,,,
,,,,,,,,,,,,,,,,,
,,,,,,,,,,,,,,,,,
,,,,,,,,,,,,,,,,,