Year,Province name,District number,Election ,Registered voters in district,Valid votes in district,Invalid votes in district,Party name,Party number,Party number of votes,Number of DPR seats,,,,,,,,,,,,,,,
2014,Aceh ,1,DPR,"1,171,092","1,254,353",158643,,,,,,,,,,,,,,,,,,,
2014,Aceh ,1,DPR,,,,Partai Nasional Demokrat,1,"151,121",1,,,,,,,,,,,,,,,
2014,Aceh ,1,DPR,,,,Partai Kebangkitan Bangsa ,2,"92,905",1,,,,,,,,,,,,,,,
2014,Aceh ,1,DPR,,,,Partai Keadilan Sejahtera ,3,"105,868",1,,,,,,,,,,,,,,,
2014,Aceh ,1,DPR,,,,Partai Demokrasi Indonesia Perjuangan ,4,"35,419",,,,,,,,,,,,,,,,
2014,Aceh ,1,DPR,,,,Partai Golongan Karya ,5,"140,954",1,,,,,,,,,,,,,,,
2014,Aceh ,1,DPR,,,,Partai Gerakan Indonesia Raya ,6,"184,538",1,,,,,,,,,,,,,,,
2014,Aceh ,1,DPR,,,,Partai Demokrat ,7,"209,598",1,,,,,,,,,,,,,,,
2014,Aceh ,1,DPR,,,,Partai Amanat Nasional,8,"151,996",1,,,,,,,,,,,,,,,
2014,Aceh ,1,DPR,,,,Partai Persatuan Pembangunan ,9,"76,785",,,,,,,,,,,,,,,,
2014,Aceh ,1,DPR,,,,Partai Hati Nurani Rakyat ,10,"43,414",,,,,,,,,,,,,,,,
2014,Aceh ,1,DPR,,,,Partai Bulan Bintang ,14,"39,988",,,,,,,,,,,,,,,,
2014,Aceh ,1,DPR,,,,Partai Keadilan dan Persatuan Indonesia,15,"21,767",,,,,,,,,,,,,,,,
2014,Aceh ,2,DPR,"1,588,085","1,061,873","140,395",,,,,,,,,,,,,,,,,,,
2014,Aceh ,2,DPR,,,,Partai Nasional Demokrat,1,"120,453",1,,,,,,,,,,,,,,,
2014,Aceh ,2,DPR,,,,Partai Kebangkitan Bangsa ,2,"44,751",,,,,,,,,,,,,,,,
2014,Aceh ,2,DPR,,,,Partai Keadilan Sejahtera ,3,"73,940",,,,,,,,,,,,,,,,
2014,Aceh ,2,DPR,,,,Partai Demokrasi Indonesia Perjuangan ,4,"110,281",1,,,,,,,,,,,,,,,
2014,Aceh ,2,DPR,,,,Partai Golongan Karya ,5,"91,546",1,,,,,,,,,,,,,,,
2014,Aceh ,2,DPR,,,,Partai Gerakan Indonesia Raya ,6,"181,847",1,,,,,,,,,,,,,,,
2014,Aceh ,2,DPR,,,,Partai Demokrat ,7,"142,411",1,,,,,,,,,,,,,,,
2014,Aceh ,2,DPR,,,,Partai Amanat Nasional,8,"89,200",,,,,,,,,,,,,,,,
2014,Aceh ,2,DPR,,,,Partai Persatuan Pembangunan ,9,"123,946",1,,,,,,,,,,,,,,,
2014,Aceh ,2,DPR,,,,Partai Hati Nurani Rakyat ,10,"44,768",,,,,,,,,,,,,,,,
2014,Aceh ,2,DPR,,,,Partai Bulan Bintang ,14,"27,518",,,,,,,,,,,,,,,,
2014,Aceh ,2,DPR,,,,Partai Keadilan dan Persatuan Indonesia,15,"11,212",,,,,,,,,,,,,,,,
2014,Bali,1,DPR ,"2,936,235","2,024,250",285324,,,,,,,,,,,,,,,,,,,
2014,Bali,1,DPR ,,,,Partai Nasional Demokrat ,1,"60,969",,,,,,,,,,,,,,,,
2014,Bali ,1,DPR ,,,,Partai Kebangkitan Bangsa,2,"39,281",,,,,,,,,,,,,,,,
2014,Bali ,1,DPR ,,,,Partai Keadilan Sejahtera ,3,"37,090",,,,,,,,,,,,,,,,
2014,Bali ,1,DPR ,,,,Partai Demokrasi Indonesia Perjuangan ,4,"872,885",4,,,,,,,,,,,,,,,
2014,Bali ,1,DPR ,,,,Partai Golongan Karya ,5,"329,620",2,,,,,,,,,,,,,,,
2014,Bali ,1,DPR ,,,,Partai Gerakan Indonesia Raya ,6,"219,521",1,,,,,,,,,,,,,,,
2014,Bali ,1,DPR ,,,,Partai Demokrat,7,"311,246",2,,,,,,,,,,,,,,,
2014,Bali ,1,DPR ,,,,Partai Amanat Nasional ,8,"23,628",,,,,,,,,,,,,,,,
2014,Bali ,1,DPR ,,,,Partai Persatuan Pembangunan ,9,"15,047",,,,,,,,,,,,,,,,
2014,Bali ,1,DPR ,,,,Partai Hati Nurani Rakyat ,10,"77,247",,,,,,,,,,,,,,,,
2014,Bali,1,DPR ,,,,Partai Bulan Bintang ,14,"3,731",,,,,,,,,,,,,,,,
2014,Bali ,1,DPR ,,,,Partai Keadilan dan Persatuan Indonesia,15,"33,985",,,,,,,,,,,,,,,,
2014,Bangka Belitung ,1,DPR,918813,583447,100515,,,,,,,,,,,,,,,,,,,
2014,Bangka Belitung ,1,DPR,,,,Partai Nasional Demokrat,1,"47,763",,,,,,,,,,,,,,,,
2014,Bangka Belitung ,1,DPR,,,,Partai Kebangkitan Bangsa,2,"22,662",,,,,,,,,,,,,,,,
2014,Bangka Belitung ,1,DPR,,,,Partai Keadilan Sejahtera ,3,"41,897",,,,,,,,,,,,,,,,
2014,Bangka Belitung ,1,DPR,,,,Partai Demokrasi Indonesia Perjuangan ,4,"137,085",1,,,,,,,,,,,,,,,
2014,Bangka Belitung ,1,DPR,,,,Partai Golongan Karya ,5,"71,063",1,,,,,,,,,,,,,,,
2014,Bangka Belitung ,1,DPR,,,,Partai Gerakan Indonesia Raya ,6,"37,250",,,,,,,,,,,,,,,,
2014,Bangka Belitung ,1,DPR,,,,Partai Demokrat,7,"62,718",1,,,,,,,,,,,,,,,
2014,Bangka Belitung ,1,DPR,,,,Partai Amanat Nasional ,8,"46,306",,,,,,,,,,,,,,,,
2014,Bangka Belitung ,1,DPR,,,,Partai Persatuan Pembangunan ,9,"52,370",,,,,,,,,,,,,,,,
2014,Bangka Belitung ,1,DPR,,,,Partai Hati Nurani Rakyat ,10,"31,748",,,,,,,,,,,,,,,,
2014,Bangka Belitung ,1,DPR,,,,Partai Bulan Bintang ,14,"24,519",,,,,,,,,,,,,,,,
2014,Bangka Belitung ,1,DPR,,,,Partai Keadilan dan Persatuan Indonesia,15,"8,066",,,,,,,,,,,,,,,,
2014,Banten,1,DPR,"1,798,083","1,173,116",147459,,,,,,,,,,,,,,,,,,,
2014,Banten,1,DPR,,,,Partai Nasional Demokrat,1,"103,015",1,,,,,,,,,,,,,,,
2014,Banten,1,DPR,,,,Partai Kebangkitan Bangsa,2,"82,575",,,,,,,,,,,,,,,,
2014,Banten,1,DPR,,,,Partai Keadilan Sejahtera ,3,"85,277",,,,,,,,,,,,,,,,
2014,Banten,1,DPR,,,,Partai Demokrasi Indonesia Perjuangan ,4,"174,580",1,,,,,,,,,,,,,,,
2014,Banten,1,DPR,,,,Partai Golongan Karya ,5,"192,641",1,,,,,,,,,,,,,,,
2014,Banten,1,DPR,,,,Partai Gerakan Indonesia Raya ,6,"141,161",1,,,,,,,,,,,,,,,
2014,Banten,1,DPR,,,,Partai Demokrat,7,"138,046",1,,,,,,,,,,,,,,,
2014,Banten,1,DPR,,,,Partai Amanat Nasional ,8,"37,898",,,,,,,,,,,,,,,,
2014,Banten,1,DPR,,,,Partai Persatuan Pembangunan ,9,"138,003",1,,,,,,,,,,,,,,,
2014,Banten,1,DPR,,,,Partai Hati Nurani Rakyat ,10,"50,402",,,,,,,,,,,,,,,,
2014,Banten,1,DPR,,,,Partai Bulan Bintang ,14,"24,598",,,,,,,,,,,,,,,,
2014,Banten,1,DPR,,,,Partai Keadilan dan Persatuan Indonesia,15,"4,920",,,,,,,,,,,,,,,,
2014,Banten,2,DPR,"1,819,272","1,084,829",312950,,,,,,,,,,,,,,,,,,,
2014,Banten,2,DPR,,,,Partai Nasional Demokrat,1,"73,425",,,,,,,,,,,,,,,,
2014,Banten,2,DPR,,,,Partai Kebangkitan Bangsa,2,"73,477",,,,,,,,,,,,,,,,
2014,Banten,2,DPR,,,,Partai Keadilan Sejahtera ,3,"91,247",1,,,,,,,,,,,,,,,
2014,Banten,2,DPR,,,,Partai Demokrasi Indonesia Perjuangan ,4,"117,960",1,,,,,,,,,,,,,,,
2014,Banten,2,DPR,,,,Partai Golongan Karya ,5,"148,768",1,,,,,,,,,,,,,,,
2014,Banten,2,DPR,,,,Partai Gerakan Indonesia Raya ,6,"169,466",1,,,,,,,,,,,,,,,
2014,Banten,2,DPR,,,,Partai Demokrat,7,"76,324",,,,,,,,,,,,,,,,
2014,Banten,2,DPR,,,,Partai Amanat Nasional ,8,"130,641",1,,,,,,,,,,,,,,,
2014,Banten,2,DPR,,,,Partai Persatuan Pembangunan ,9,"105,439",1,,,,,,,,,,,,,,,
2014,Banten,2,DPR,,,,Partai Hati Nurani Rakyat ,10,"58,676",,,,,,,,,,,,,,,,
2014,Banten,2,DPR,,,,Partai Bulan Bintang ,14,"25,381",,,,,,,,,,,,,,,,
2014,Banten,2,DPR,,,,Partai Keadilan dan Persatuan Indonesia,15,"14,025",,,,,,,,,,,,,,,,
2014,Banten,3,DPR,"4,243,709","2,583,914",414779,,,,,,,,,,,,,,,,,,,
2014,Banten,3,DPR,,,,Partai Nasional Demokrat,1,"140,425",,,,,,,,,,,,,,,,
2014,Banten,3,DPR,,,,Partai Kebangkitan Bangsa,2,"194,094",1,,,,,,,,,,,,,,,
2014,Banten,3,DPR,,,,Partai Keadilan Sejahtera ,3,"215,323",1,,,,,,,,,,,,,,,
2014,Banten,3,DPR,,,,Partai Demokrasi Indonesia Perjuangan ,4,"522,977",2,,,,,,,,,,,,,,,
2014,Banten,3,DPR,,,,Partai Golongan Karya ,5,"309,083",1,,,,,,,,,,,,,,,
2014,Banten,3,DPR,,,,Partai Gerakan Indonesia Raya ,6,"330,883",1,,,,,,,,,,,,,,,
2014,Banten,3,DPR,,,,Partai Demokrat,7,"288,584",1,,,,,,,,,,,,,,,
2014,Banten,3,DPR,,,,Partai Amanat Nasional ,8,"180,089",1,,,,,,,,,,,,,,,
2014,Banten,3,DPR,,,,Partai Persatuan Pembangunan ,9,"167,518",1,,,,,,,,,,,,,,,
2014,Banten,3,DPR,,,,Partai Hati Nurani Rakyat ,10,"165,214",1,,,,,,,,,,,,,,,
2014,Banten,3,DPR,,,,Partai Bulan Bintang ,14,"39,231",,,,,,,,,,,,,,,,
2014,Banten,3,DPR,,,,Partai Keadilan dan Persatuan Indonesia,15,"30,493",,,,,,,,,,,,,,,,
2014,Bengkulu ,1,DPR,"1,358,511",923755,182620,,,,,,,,,,,,,,,,,,,
2014,Bengkulu ,1,DPR,,,,Partai Nasional Demokrat,1,"130,759",1,,,,,,,,,,,,,,,
2014,Bengkulu ,1,DPR,,,,Partai Kebangkitan Bangsa,2,"81,522",,,,,,,,,,,,,,,,
2014,Bengkulu ,1,DPR,,,,Partai Keadilan Sejahtera ,3,"75,826",,,,,,,,,,,,,,,,
2014,Bengkulu ,1,DPR,,,,Partai Demokrasi Indonesia Perjuangan ,4,"119,296",1,,,,,,,,,,,,,,,
2014,Bengkulu ,1,DPR,,,,Partai Golongan Karya ,5,"92,612",,,,,,,,,,,,,,,,
2014,Bengkulu ,1,DPR,,,,Partai Gerakan Indonesia Raya ,6,"108,507",1,,,,,,,,,,,,,,,
2014,Bengkulu ,1,DPR,,,,Partai Demokrat,7,"74,443",,,,,,,,,,,,,,,,
2014,Bengkulu ,1,DPR,,,,Partai Amanat Nasional ,8,"92,680",1,,,,,,,,,,,,,,,
2014,Bengkulu ,1,DPR,,,,Partai Persatuan Pembangunan ,9,"61,856",,,,,,,,,,,,,,,,
2014,Bengkulu ,1,DPR,,,,Partai Hati Nurani Rakyat ,10,"49,668",,,,,,,,,,,,,,,,
2014,Bengkulu ,1,DPR,,,,Partai Bulan Bintang ,14,"17,663",,,,,,,,,,,,,,,,
2014,Bengkulu ,1,DPR,,,,Partai Keadilan dan Persatuan Indonesia,15,"18,923",,,,,,,,,,,,,,,,
2014,DI. Yogyakarta ,1,DPR,"2,723,621","2,059,453",159160,,,,,,,,,,,,,,,,,,,
2014,DI. Yogyakarta ,1,DPR,,,,Partai Nasional Demokrat,1,"107,433",0,,,,,,,,,,,,,,,
2014,DI. Yogyakarta ,1,DPR,,,,Partai Kebangkitan Bangsa,2,"129,943",1,,,,,,,,,,,,,,,
2014,DI. Yogyakarta ,1,DPR,,,,Partai Keadilan Sejahtera ,3,"147,875",1,,,,,,,,,,,,,,,
2014,DI. Yogyakarta ,1,DPR,,,,Partai Demokrasi Indonesia Perjuangan ,4,"570,531",2,,,,,,,,,,,,,,,
2014,DI. Yogyakarta ,1,DPR,,,,Partai Golongan Karya ,5,"200,474",1,,,,,,,,,,,,,,,
2014,DI. Yogyakarta ,1,DPR,,,,Partai Gerakan Indonesia Raya ,6,"244,144",1,,,,,,,,,,,,,,,
2014,DI. Yogyakarta ,1,DPR,,,,Partai Demokrat,7,"146,688",1,,,,,,,,,,,,,,,
2014,DI. Yogyakarta ,1,DPR,,,,Partai Amanat Nasional ,8,"355,787",1,,,,,,,,,,,,,,,
2014,DI. Yogyakarta ,1,DPR,,,,Partai Persatuan Pembangunan ,9,"94,435",,,,,,,,,,,,,,,,
2014,DI. Yogyakarta ,1,DPR,,,,Partai Hati Nurani Rakyat ,10,"42,782",,,,,,,,,,,,,,,,
2014,DI. Yogyakarta ,1,DPR,,,,Partai Bulan Bintang ,14,"14,162",,,,,,,,,,,,,,,,
2014,DI. Yogyakarta ,1,DPR,,,,Partai Keadilan dan Persatuan Indonesia,15,"5,199",,,,,,,,,,,,,,,,
2014,DKI Jakarta ,1,DPR,"1,914,790","1,298,430",88254,,,,,,,,,,,,,,,,,,,
2014,DKI Jakarta ,1,DPR,,,,Partai Nasional Demokrat,1,"43,097",,,,,,,,,,,,,,,,
2014,DKI Jakarta ,1,DPR,,,,Partai Kebangkitan Bangsa,2,"75,423",,,,,,,,,,,,,,,,
2014,DKI Jakarta ,1,DPR,,,,Partai Keadilan Sejahtera ,3,"138,029",1,,,,,,,,,,,,,,,
2014,DKI Jakarta ,1,DPR,,,,Partai Demokrasi Indonesia Perjuangan ,4,"301,010",1,,,,,,,,,,,,,,,
2014,DKI Jakarta ,1,DPR,,,,Partai Golongan Karya ,5,"116,472",1,,,,,,,,,,,,,,,
2014,DKI Jakarta ,1,DPR,,,,Partai Gerakan Indonesia Raya ,6,"158,604",1,,,,,,,,,,,,,,,
2014,DKI Jakarta ,1,DPR,,,,Partai Demokrat,7,"115,382",1,,,,,,,,,,,,,,,
2014,DKI Jakarta ,1,DPR,,,,Partai Amanat Nasional ,8,"86,236",,,,,,,,,,,,,,,,
2014,DKI Jakarta ,1,DPR,,,,Partai Persatuan Pembangunan ,9,"171,269",1,,,,,,,,,,,,,,,
2014,DKI Jakarta ,1,DPR,,,,Partai Hati Nurani Rakyat ,10,"68,217",,,,,,,,,,,,,,,,
2014,DKI Jakarta ,1,DPR,,,,Partai Bulan Bintang ,14,"15,733",,,,,,,,,,,,,,,,
2014,DKI Jakarta ,1,DPR,,,,Partai Keadilan dan Persatuan Indonesia,15,"8,958",,,,,,,,,,,,,,,,
2014,DKI Jakarta ,2,DPR,Tidak Ada DPT,"1,850,133",Tidak Ada,,,,,,,,,,,,,,,,,,,
2014,DKI Jakarta ,2,DPR,,,,Partai Nasional Demokrat,1,"69,286",,,,,,,,,,,,,,,,
2014,DKI Jakarta ,2,DPR,,,,Partai Kebangkitan Bangsa,2,"108,440",,,,,,,,,,,,,,,,
2014,DKI Jakarta ,2,DPR,,,,Partai Keadilan Sejahtera ,3,"261,477",1,,,,,,,,,,,,,,,
2014,DKI Jakarta ,2,DPR,,,,Partai Demokrasi Indonesia Perjuangan ,4,"493,938",2,,,,,,,,,,,,,,,
2014,DKI Jakarta ,2,DPR,,,,Partai Golongan Karya ,5,"174,908",1,,,,,,,,,,,,,,,
2014,DKI Jakarta ,2,DPR,,,,Partai Gerakan Indonesia Raya ,6,"250,800",1,,,,,,,,,,,,,,,
2014,DKI Jakarta ,2,DPR,,,,Partai Demokrat,7,"144,339",1,,,,,,,,,,,,,,,
2014,DKI Jakarta ,2,DPR,,,,Partai Amanat Nasional ,8,"63,158",,,,,,,,,,,,,,,,
2014,DKI Jakarta ,2,DPR,,,,Partai Persatuan Pembangunan ,9,"153,147",1,,,,,,,,,,,,,,,
2014,DKI Jakarta ,2,DPR,,,,Partai Hati Nurani Rakyat ,10,"101,191",,,,,,,,,,,,,,,,
2014,DKI Jakarta ,2,DPR,,,,Partai Bulan Bintang ,14,"19,005",,,,,,,,,,,,,,,,
2014,DKI Jakarta ,2,DPR,,,,Partai Keadilan dan Persatuan Indonesia,15,"10,444",,,,,,,,,,,,,,,,
2014,DKI Jakarta ,3,DPR,"2,769,005",1742471,141524,,,,,,,,,,,,,,,,,,,
2014,DKI Jakarta ,3,DPR,,,,Partai Nasional Demokrat,1,"119,147",1,,,,,,,,,,,,,,,
2014,DKI Jakarta ,3,DPR,,,,Partai Kebangkitan Bangsa,2,"55,318",,,,,,,,,,,,,,,,
2014,DKI Jakarta ,3,DPR,,,,Partai Keadilan Sejahtera ,3,"138,399",1,,,,,,,,,,,,,,,
2014,DKI Jakarta ,3,DPR,,,,Partai Demokrasi Indonesia Perjuangan ,4,"615,225",3,,,,,,,,,,,,,,,
2014,DKI Jakarta ,3,DPR,,,,Partai Golongan Karya ,5,"143,048",1,,,,,,,,,,,,,,,
2014,DKI Jakarta ,3,DPR,,,,Partai Gerakan Indonesia Raya ,6,"201,376",1,,,,,,,,,,,,,,,
2014,DKI Jakarta ,3,DPR,,,,Partai Demokrat,7,"92,272",,,,,,,,,,,,,,,,
2014,DKI Jakarta ,3,DPR,,,,Partai Amanat Nasional ,8,"62,146",,,,,,,,,,,,,,,,
2014,DKI Jakarta ,3,DPR,,,,Partai Persatuan Pembangunan ,9,"173,436",1,,,,,,,,,,,,,,,
2014,DKI Jakarta ,3,DPR,,,,Partai Hati Nurani Rakyat ,10,"117,344",,,,,,,,,,,,,,,,
2014,DKI Jakarta ,3,DPR,,,,Partai Bulan Bintang ,14,"16,820",,,,,,,,,,,,,,,,
2014,DKI Jakarta ,3,DPR,,,,Partai Keadilan dan Persatuan Indonesia,15,"7,940",,,,,,,,,,,,,,,,
2014,Gorontalo,1,DPR,797622,636654,26971,,,,,,,,,,,,,,,,,,,
2014,Gorontalo,1,DPR,,,,Partai Nasional Demokrat,1,"20,930",,,,,,,,,,,,,,,,
2014,Gorontalo,1,DPR,,,,Partai Kebangkitan Bangsa,2,"13,285",,,,,,,,,,,,,,,,
2014,Gorontalo,1,DPR,,,,Partai Keadilan Sejahtera ,3,"26,499",,,,,,,,,,,,,,,,
2014,Gorontalo,1,DPR,,,,Partai Demokrasi Indonesia Perjuangan ,4,"40,606",,,,,,,,,,,,,,,,
2014,Gorontalo,1,DPR,,,,Partai Golongan Karya ,5,"310,790",2,,,,,,,,,,,,,,,
2014,Gorontalo,1,DPR,,,,Partai Gerakan Indonesia Raya ,6,"49,342",1,,,,,,,,,,,,,,,
2014,Gorontalo,1,DPR,,,,Partai Demokrat,7,"47,662",,,,,,,,,,,,,,,,
2014,Gorontalo,1,DPR,,,,Partai Amanat Nasional ,8,"41,222",,,,,,,,,,,,,,,,
2014,Gorontalo,1,DPR,,,,Partai Persatuan Pembangunan ,9,"31,114",,,,,,,,,,,,,,,,
2014,Gorontalo,1,DPR,,,,Partai Hati Nurani Rakyat ,10,"36,640",,,,,,,,,,,,,,,,
2014,Gorontalo,1,DPR,,,,Partai Bulan Bintang ,14,"16,172",,,,,,,,,,,,,,,,
2014,Gorontalo,1,DPR,,,,Partai Keadilan dan Persatuan Indonesia,15,"2,392",,,,,,,,,,,,,,,,
2014,Jambi,1,DPR,2446745,1691958,270646,,,,,,,,,,,,,,,,,,,
2014,Jambi,1,DPR,,,,Partai Nasional Demokrat,1,"98,336",,,,,,,,,,,,,,,,
2014,Jambi,1,DPR,,,,Partai Kebangkitan Bangsa,2,"105,551",1,,,,,,,,,,,,,,,
2014,Jambi,1,DPR,,,,Partai Keadilan Sejahtera ,3,"70,303",,,,,,,,,,,,,,,,
2014,Jambi,1,DPR,,,,Partai Demokrasi Indonesia Perjuangan ,4,"274,143",1,,,,,,,,,,,,,,,
2014,Jambi,1,DPR,,,,Partai Golongan Karya ,5,"288,724",1,,,,,,,,,,,,,,,
2014,Jambi,1,DPR,,,,Partai Gerakan Indonesia Raya ,6,"193,970",1,,,,,,,,,,,,,,,
2014,Jambi,1,DPR,,,,Partai Demokrat,7,"235,471",1,,,,,,,,,,,,,,,
2014,Jambi,1,DPR,,,,Partai Amanat Nasional ,8,"179,438",1,,,,,,,,,,,,,,,
2014,Jambi,1,DPR,,,,Partai Persatuan Pembangunan ,9,"104,628",1,,,,,,,,,,,,,,,
2014,Jambi,1,DPR,,,,Partai Hati Nurani Rakyat ,10,"85,439",,,,,,,,,,,,,,,,
2014,Jambi,1,DPR,,,,Partai Bulan Bintang ,14,"39,203",,,,,,,,,,,,,,,,
2014,Jambi,1,DPR,,,,Partai Keadilan dan Persatuan Indonesia,15,"16,752",,,,,,,,,,,,,,,,
2014,Jawa Barat,1,DPR,"2,043,116","1,430,718",108967,,,,,,,,,,,,,,,,,,,
2014,Jawa Barat,1,DPR,,,,Partai Nasional Demokrat,1,"96,979",,,,,,,,,,,,,,,,
2014,Jawa Barat,1,DPR,,,,Partai Kebangkitan Bangsa,2,"56,098",,,,,,,,,,,,,,,,
2014,Jawa Barat,1,DPR,,,,Partai Keadilan Sejahtera ,3,"165,442",1,,,,,,,,,,,,,,,
2014,Jawa Barat,1,DPR,,,,Partai Demokrasi Indonesia Perjuangan ,4,"329,095",2,,,,,,,,,,,,,,,
2014,Jawa Barat,1,DPR,,,,Partai Golongan Karya ,5,"149,982",1,,,,,,,,,,,,,,,
2014,Jawa Barat,1,DPR,,,,Partai Gerakan Indonesia Raya ,6,"220,728",1,,,,,,,,,,,,,,,
2014,Jawa Barat,1,DPR,,,,Partai Demokrat,7,"115,236",1,,,,,,,,,,,,,,,
2014,Jawa Barat,1,DPR,,,,Partai Amanat Nasional ,8,"63,390",,,,,,,,,,,,,,,,
2014,Jawa Barat,1,DPR,,,,Partai Persatuan Pembangunan ,9,"90,496",,,,,,,,,,,,,,,,
2014,Jawa Barat,1,DPR,,,,Partai Hati Nurani Rakyat ,10,"99,538",1,,,,,,,,,,,,,,,
2014,Jawa Barat,1,DPR,,,,Partai Bulan Bintang ,14,"34,090",,,,,,,,,,,,,,,,
2014,Jawa Barat,1,DPR,,,,Partai Keadilan dan Persatuan Indonesia,15,"9,644",,,,,,,,,,,,,,,,
2014,Jawa Barat,2,DPR,"3,571,838","2,422,939",263319,,,,,,,,,,,,,,,,,,,
2014,Jawa Barat,2,DPR,,,,Partai Nasional Demokrat,1,"118,981",,,,,,,,,,,,,,,,
2014,Jawa Barat,2,DPR,,,,Partai Kebangkitan Bangsa,2,"164,779",1,,,,,,,,,,,,,,,
2014,Jawa Barat,2,DPR,,,,Partai Keadilan Sejahtera ,3,"188,925",1,,,,,,,,,,,,,,,
2014,Jawa Barat,2,DPR,,,,Partai Demokrasi Indonesia Perjuangan ,4,"458,909",2,,,,,,,,,,,,,,,
2014,Jawa Barat,2,DPR,,,,Partai Golongan Karya ,5,"431,915",2,,,,,,,,,,,,,,,
2014,Jawa Barat,2,DPR,,,,Partai Gerakan Indonesia Raya ,6,"274,411",1,,,,,,,,,,,,,,,
2014,Jawa Barat,2,DPR,,,,Partai Demokrat,7,"309,279",1,,,,,,,,,,,,,,,
2014,Jawa Barat,2,DPR,,,,Partai Amanat Nasional ,8,"136,765",1,,,,,,,,,,,,,,,
2014,Jawa Barat,2,DPR,,,,Partai Persatuan Pembangunan ,9,"120,748",,,,,,,,,,,,,,,,
2014,Jawa Barat,2,DPR,,,,Partai Hati Nurani Rakyat ,10,"143,900",1,,,,,,,,,,,,,,,
2014,Jawa Barat,2,DPR,,,,Partai Bulan Bintang ,14,"58,854",,,,,,,,,,,,,,,,
2014,Jawa Barat,2,DPR,,,,Partai Keadilan dan Persatuan Indonesia,15,"15,473",,,,,,,,,,,,,,,,
2014,Jawa Barat,3,DPR,"2,306,396","1,486,032",183417,,,,,,,,,,,,,,,,,,,
2014,Jawa Barat,3,DPR,,,,Partai Nasional Demokrat,1,"63,780",,,,,,,,,,,,,,,,
2014,Jawa Barat,3,DPR,,,,Partai Kebangkitan Bangsa,2,"89,244",1,,,,,,,,,,,,,,,
2014,Jawa Barat,3,DPR,,,,Partai Keadilan Sejahtera ,3,"157,667",1,,,,,,,,,,,,,,,
2014,Jawa Barat,3,DPR,,,,Partai Demokrasi Indonesia Perjuangan ,4,"243,176",1,,,,,,,,,,,,,,,
2014,Jawa Barat,3,DPR,,,,Partai Golongan Karya ,5,"254,742",2,,,,,,,,,,,,,,,
2014,Jawa Barat,3,DPR,,,,Partai Gerakan Indonesia Raya ,6,"133,647",1,,,,,,,,,,,,,,,
2014,Jawa Barat,3,DPR,,,,Partai Demokrat,7,"222,686",1,,,,,,,,,,,,,,,
2014,Jawa Barat,3,DPR,,,,Partai Amanat Nasional ,8,"67,575",,,,,,,,,,,,,,,,
2014,Jawa Barat,3,DPR,,,,Partai Persatuan Pembangunan ,9,"100,955",1,,,,,,,,,,,,,,,
2014,Jawa Barat,3,DPR,,,,Partai Hati Nurani Rakyat ,10,"104,716",1,,,,,,,,,,,,,,,
2014,Jawa Barat,3,DPR,,,,Partai Bulan Bintang ,14,"36,908",,,,,,,,,,,,,,,,
2014,Jawa Barat,3,DPR,,,,Partai Keadilan dan Persatuan Indonesia,15,"10,936",,,,,,,,,,,,,,,,
2014,Jawa Barat,4,DPR,"1,969,065","1,283,060",149539,,,,,,,,,,,,,,,,,,,
2014,Jawa Barat,4,DPR,,,,Partai Nasional Demokrat,1,"58,619",,,,,,,,,,,,,,,,
2014,Jawa Barat,4,DPR,,,,Partai Kebangkitan Bangsa,2,"67,854",,,,,,,,,,,,,,,,
2014,Jawa Barat,4,DPR,,,,Partai Keadilan Sejahtera ,3,"131,156",1,,,,,,,,,,,,,,,
2014,Jawa Barat,4,DPR,,,,Partai Demokrasi Indonesia Perjuangan ,4,"189,011",1,,,,,,,,,,,,,,,
2014,Jawa Barat,4,DPR,,,,Partai Golongan Karya ,5,"211,831",1,,,,,,,,,,,,,,,
2014,Jawa Barat,4,DPR,,,,Partai Gerakan Indonesia Raya ,6,"118,565",1,,,,,,,,,,,,,,,
2014,Jawa Barat,4,DPR,,,,Partai Demokrat,7,"99,899",,,,,,,,,,,,,,,,
2014,Jawa Barat,4,DPR,,,,Partai Amanat Nasional ,8,"175,742",1,,,,,,,,,,,,,,,
2014,Jawa Barat,4,DPR,,,,Partai Persatuan Pembangunan ,9,"127,217",1,,,,,,,,,,,,,,,
2014,Jawa Barat,4,DPR,,,,Partai Hati Nurani Rakyat ,10,"80,901",,,,,,,,,,,,,,,,
2014,Jawa Barat,4,DPR,,,,Partai Bulan Bintang ,14,"14,392",,,,,,,,,,,,,,,,
2014,Jawa Barat,4,DPR,,,,Partai Keadilan dan Persatuan Indonesia,15,"7,873",,,,,,,,,,,,,,,,
2014,Jawa Barat,5,DPR,"3,231,372","2,093,772",327895,,,,,,,,,,,,,,,,,,,
2014,Jawa Barat,5,DPR,,,,Partai Nasional Demokrat,1,"113,490",0,,,,,,,,,,,,,,,
2014,Jawa Barat,5,DPR,,,,Partai Kebangkitan Bangsa,2,"107,879",0,,,,,,,,,,,,,,,
2014,Jawa Barat,5,DPR,,,,Partai Keadilan Sejahtera ,3,"148,011",1,,,,,,,,,,,,,,,
2014,Jawa Barat,5,DPR,,,,Partai Demokrasi Indonesia Perjuangan ,4,"345,307",2,,,,,,,,,,,,,,,
2014,Jawa Barat,5,DPR,,,,Partai Golongan Karya ,5,"377,588",2,,,,,,,,,,,,,,,
2014,Jawa Barat,5,DPR,,,,Partai Gerakan Indonesia Raya ,6,"319,846",1,,,,,,,,,,,,,,,
2014,Jawa Barat,5,DPR,,,,Partai Demokrat,7,"164,422",1,,,,,,,,,,,,,,,
2014,Jawa Barat,5,DPR,,,,Partai Amanat Nasional ,8,"115,933",1,,,,,,,,,,,,,,,
2014,Jawa Barat,5,DPR,,,,Partai Persatuan Pembangunan ,9,"249,578",1,,,,,,,,,,,,,,,
2014,Jawa Barat,5,DPR,,,,Partai Hati Nurani Rakyat ,10,"109,489",,,,,,,,,,,,,,,,
2014,Jawa Barat,5,DPR,,,,Partai Bulan Bintang ,14,"34,918",,,,,,,,,,,,,,,,
2014,Jawa Barat,5,DPR,,,,Partai Keadilan dan Persatuan Indonesia,15,"7,311",,,,,,,,,,,,,,,,
2014,Jawa Barat,6,DPR,"2,964,216","1,799,370",174048,,,,,,,,,,,,,,,,,,,
2014,Jawa Barat,6,DPR,,,,Partai Nasional Demokrat,1,"50,203",,,,,,,,,,,,,,,,
2014,Jawa Barat,6,DPR,,,,Partai Kebangkitan Bangsa,2,"78,897",,,,,,,,,,,,,,,,
2014,Jawa Barat,6,DPR,,,,Partai Keadilan Sejahtera ,3,"233,738",1,,,,,,,,,,,,,,,
2014,Jawa Barat,6,DPR,,,,Partai Demokrasi Indonesia Perjuangan ,4,"433,127",2,,,,,,,,,,,,,,,
2014,Jawa Barat,6,DPR,,,,Partai Golongan Karya ,5,"209,513",1,,,,,,,,,,,,,,,
2014,Jawa Barat,6,DPR,,,,Partai Gerakan Indonesia Raya ,6,"283,126",1,,,,,,,,,,,,,,,
2014,Jawa Barat,6,DPR,,,,Partai Demokrat,7,"121,262",,,,,,,,,,,,,,,,
2014,Jawa Barat,6,DPR,,,,Partai Amanat Nasional ,8,"126,457",1,,,,,,,,,,,,,,,
2014,Jawa Barat,6,DPR,,,,Partai Persatuan Pembangunan ,9,"112,758",,,,,,,,,,,,,,,,
2014,Jawa Barat,6,DPR,,,,Partai Hati Nurani Rakyat ,10,"113,633",,,,,,,,,,,,,,,,
2014,Jawa Barat,6,DPR,,,,Partai Bulan Bintang ,14,"24,932",,,,,,,,,,,,,,,,
2014,Jawa Barat,6,DPR,,,,Partai Keadilan dan Persatuan Indonesia,15,"11,724",,,,,,,,,,,,,,,,
2014,Jawa Barat,7,DPR,"4,335,139","2,762,436",403974,,,,,,,,,,,,,,,,,,,
2014,Jawa Barat,7,DPR,,,,Partai Nasional Demokrat,1,"125,620",,,,,,,,,,,,,,,,
2014,Jawa Barat,7,DPR,,,,Partai Kebangkitan Bangsa,2,"162,383",1,,,,,,,,,,,,,,,
2014,Jawa Barat,7,DPR,,,,Partai Keadilan Sejahtera ,3,"234,477",1,,,,,,,,,,,,,,,
2014,Jawa Barat,7,DPR,,,,Partai Demokrasi Indonesia Perjuangan ,4,"608,658",2,,,,,,,,,,,,,,,
2014,Jawa Barat,7,DPR,,,,Partai Golongan Karya ,5,"539,911",2,,,,,,,,,,,,,,,
2014,Jawa Barat,7,DPR,,,,Partai Gerakan Indonesia Raya ,6,"373,811",1,,,,,,,,,,,,,,,
2014,Jawa Barat,7,DPR,,,,Partai Demokrat,7,"206,295",1,,,,,,,,,,,,,,,
2014,Jawa Barat,7,DPR,,,,Partai Amanat Nasional ,8,"154,557",1,,,,,,,,,,,,,,,
2014,Jawa Barat,7,DPR,,,,Partai Persatuan Pembangunan ,9,"160,208",1,,,,,,,,,,,,,,,
2014,Jawa Barat,7,DPR,,,,Partai Hati Nurani Rakyat ,10,"135,598",,,,,,,,,,,,,,,,
2014,Jawa Barat,7,DPR,,,,Partai Bulan Bintang ,14,"48,441",,,,,,,,,,,,,,,,
2014,Jawa Barat,7,DPR,,,,Partai Keadilan dan Persatuan Indonesia,15,"12,477",,,,,,,,,,,,,,,,
2014,Jawa Barat,8,DPR,"3,400,125","1,953,002",265565,,,,,,,,,,,,,,,,,,,
2014,Jawa Barat,8,DPR,,,,Partai Nasional Demokrat,1,"109,818",,,,,,,,,,,,,,,,
2014,Jawa Barat,8,DPR,,,,Partai Kebangkitan Bangsa,2,"241,657",1,,,,,,,,,,,,,,,
2014,Jawa Barat,8,DPR,,,,Partai Keadilan Sejahtera ,3,"131,850",1,,,,,,,,,,,,,,,
2014,Jawa Barat,8,DPR,,,,Partai Demokrasi Indonesia Perjuangan ,4,"413,101",2,,,,,,,,,,,,,,,
2014,Jawa Barat,8,DPR,,,,Partai Golongan Karya ,5,"445,760",2,,,,,,,,,,,,,,,
2014,Jawa Barat,8,DPR,,,,Partai Gerakan Indonesia Raya ,6,"214,523",1,,,,,,,,,,,,,,,
2014,Jawa Barat,8,DPR,,,,Partai Demokrat,7,"120,914",1,,,,,,,,,,,,,,,
2014,Jawa Barat,8,DPR,,,,Partai Amanat Nasional ,8,"53,113",,,,,,,,,,,,,,,,
2014,Jawa Barat,8,DPR,,,,Partai Persatuan Pembangunan ,9,"65,018",1,,,,,,,,,,,,,,,
2014,Jawa Barat,8,DPR,,,,Partai Hati Nurani Rakyat ,10,"128,972",,,,,,,,,,,,,,,,
2014,Jawa Barat,8,DPR,,,,Partai Bulan Bintang ,14,"21,356",,,,,,,,,,,,,,,,
2014,Jawa Barat,8,DPR,,,,Partai Keadilan dan Persatuan Indonesia,15,"6,920",,,,,,,,,,,,,,,,
2014,Jawa Barat,9,DPR,"2,935,416","2,019,474",258243,,,,,,,,,,,,,,,,,,,
2014,Jawa Barat,9,DPR,,,,Partai Nasional Demokrat,1,"114,300",0,,,,,,,,,,,,,,,
2014,Jawa Barat,9,DPR,,,,Partai Kebangkitan Bangsa,2,"162,079",1,,,,,,,,,,,,,,,
2014,Jawa Barat,9,DPR,,,,Partai Keadilan Sejahtera ,3,"156,451",1,,,,,,,,,,,,,,,
2014,Jawa Barat,9,DPR,,,,Partai Demokrasi Indonesia Perjuangan ,4,"521,530",2,,,,,,,,,,,,,,,
2014,Jawa Barat,9,DPR,,,,Partai Golongan Karya ,5,"334,967",1,,,,,,,,,,,,,,,
2014,Jawa Barat,9,DPR,,,,Partai Gerakan Indonesia Raya ,6,"175,017",1,,,,,,,,,,,,,,,
2014,Jawa Barat,9,DPR,,,,Partai Demokrat,7,"202,920",1,,,,,,,,,,,,,,,
2014,Jawa Barat,9,DPR,,,,Partai Amanat Nasional ,8,"90,683",,,,,,,,,,,,,,,,
2014,Jawa Barat,9,DPR,,,,Partai Persatuan Pembangunan ,9,"132,952",1,,,,,,,,,,,,,,,
2014,Jawa Barat,9,DPR,,,,Partai Hati Nurani Rakyat ,10,"90,137",,,,,,,,,,,,,,,,
2014,Jawa Barat,9,DPR,,,,Partai Bulan Bintang ,14,"23,533",,,,,,,,,,,,,,,,
2014,Jawa Barat,9,DPR,,,,Partai Keadilan dan Persatuan Indonesia,15,"14,905",,,,,,,,,,,,,,,,
2014,Jawa Barat,10,DPR,"2,222,654","1,495,569",130342,,,,,,,,,,,,,,,,,,,
2014,Jawa Barat,10,DPR,,,,Partai Nasional Demokrat,1,"78,251",,,,,,,,,,,,,,,,
2014,Jawa Barat,10,DPR,,,,Partai Kebangkitan Bangsa,2,"104,694",1,,,,,,,,,,,,,,,
2014,Jawa Barat,10,DPR,,,,Partai Keadilan Sejahtera ,3,"168,738",1,,,,,,,,,,,,,,,
2014,Jawa Barat,10,DPR,,,,Partai Demokrasi Indonesia Perjuangan ,4,"313,984",1,,,,,,,,,,,,,,,
2014,Jawa Barat,10,DPR,,,,Partai Golongan Karya ,5,"214,519",1,,,,,,,,,,,,,,,
2014,Jawa Barat,10,DPR,,,,Partai Gerakan Indonesia Raya ,6,"89,400",,,,,,,,,,,,,,,,
2014,Jawa Barat,10,DPR,,,,Partai Demokrat,7,"137,215",1,,,,,,,,,,,,,,,
2014,Jawa Barat,10,DPR,,,,Partai Amanat Nasional ,8,"184,161",1,,,,,,,,,,,,,,,
2014,Jawa Barat,10,DPR,,,,Partai Persatuan Pembangunan ,9,"129,544",1,,,,,,,,,,,,,,,
2014,Jawa Barat,10,DPR,,,,Partai Hati Nurani Rakyat ,10,"49,996",,,,,,,,,,,,,,,,
2014,Jawa Barat,10,DPR,,,,Partai Bulan Bintang ,14,"17,721",,,,,,,,,,,,,,,,
2014,Jawa Barat,10,DPR,,,,Partai Keadilan dan Persatuan Indonesia,15,"7,346",,,,,,,,,,,,,,,,
2014,Jawa Barat,11,DPR,"3,582,434","2,444,255",256982,,,,,,,,,,,,,,,,,,,
2014,Jawa Barat,11,DPR,,,,Partai Nasional Demokrat,1,"105,687",1,,,,,,,,,,,,,,,
2014,Jawa Barat,11,DPR,,,,Partai Kebangkitan Bangsa,2,"337,170",1,,,,,,,,,,,,,,,
2014,Jawa Barat,11,DPR,,,,Partai Keadilan Sejahtera ,3,"187,093",1,,,,,,,,,,,,,,,
2014,Jawa Barat,11,DPR,,,,Partai Demokrasi Indonesia Perjuangan ,4,"303,513",1,,,,,,,,,,,,,,,
2014,Jawa Barat,11,DPR,,,,Partai Golongan Karya ,5,"369,901",2,,,,,,,,,,,,,,,
2014,Jawa Barat,11,DPR,,,,Partai Gerakan Indonesia Raya ,6,"175,688",1,,,,,,,,,,,,,,,
2014,Jawa Barat,11,DPR,,,,Partai Demokrat,7,"230,886",1,,,,,,,,,,,,,,,
2014,Jawa Barat,11,DPR,,,,Partai Amanat Nasional ,8,"223,104",1,,,,,,,,,,,,,,,
2014,Jawa Barat,11,DPR,,,,Partai Persatuan Pembangunan ,9,"342,330",,,,,,,,,,,,,,,,
2014,Jawa Barat,11,DPR,,,,Partai Hati Nurani Rakyat ,10,"100,406",1,,,,,,,,,,,,,,,
2014,Jawa Barat,11,DPR,,,,Partai Bulan Bintang ,14,"53,338",,,,,,,,,,,,,,,,
2014,Jawa Barat,11,DPR,,,,Partai Keadilan dan Persatuan Indonesia,15,"15,139",,,,,,,,,,,,,,,,
2014,Jawa Tengah,1,DPR,"2,731,714","1,859,104",291065,,,,,,,,,,,,,,,,,,,
2014,Jawa Tengah,1,DPR,,,,Partai Nasional Demokrat,1,"152,217",1,,,,,,,,,,,,,,,
2014,Jawa Tengah,1,DPR,,,,Partai Kebangkitan Bangsa,2,"195,225",1,,,,,,,,,,,,,,,
2014,Jawa Tengah,1,DPR,,,,Partai Keadilan Sejahtera ,3,"128,963",2,,,,,,,,,,,,,,,
2014,Jawa Tengah,1,DPR,,,,Partai Demokrasi Indonesia Perjuangan ,4,"516,122",1,,,,,,,,,,,,,,,
2014,Jawa Tengah,1,DPR,,,,Partai Golongan Karya ,5,"169,515",1,,,,,,,,,,,,,,,
2014,Jawa Tengah,1,DPR,,,,Partai Gerakan Indonesia Raya ,6,"206,577",1,,,,,,,,,,,,,,,
2014,Jawa Tengah,1,DPR,,,,Partai Demokrat,7,"157,245",1,,,,,,,,,,,,,,,
2014,Jawa Tengah,1,DPR,,,,Partai Amanat Nasional ,8,"136,583",,,,,,,,,,,,,,,,
2014,Jawa Tengah,1,DPR,,,,Partai Persatuan Pembangunan ,9,"118,254",,,,,,,,,,,,,,,,
2014,Jawa Tengah,1,DPR,,,,Partai Hati Nurani Rakyat ,10,"63,885",,,,,,,,,,,,,,,,
2014,Jawa Tengah,1,DPR,,,,Partai Bulan Bintang ,14,"7,712",,,,,,,,,,,,,,,,
2014,Jawa Tengah,1,DPR,,,,Partai Keadilan dan Persatuan Indonesia,15,"6,806",,,,,,,,,,,,,,,,
2014,Jawa Tengah,2,DPR,"2,255,036","1,579,820",226517,,,,,,,,,,,,,,,,,,,
2014,Jawa Tengah,2,DPR,,,,Partai Nasional Demokrat,1,"99,612",1,,,,,,,,,,,,,,,
2014,Jawa Tengah,2,DPR,,,,Partai Kebangkitan Bangsa,2,"230,157",1,,,,,,,,,,,,,,,
2014,Jawa Tengah,2,DPR,,,,Partai Keadilan Sejahtera ,3,"73,075",,,,,,,,,,,,,,,,
2014,Jawa Tengah,2,DPR,,,,Partai Demokrasi Indonesia Perjuangan ,4,"175,036",1,,,,,,,,,,,,,,,
2014,Jawa Tengah,2,DPR,,,,Partai Golongan Karya ,5,"448,420",2,,,,,,,,,,,,,,,
2014,Jawa Tengah,2,DPR,,,,Partai Gerakan Indonesia Raya ,6,"177,111",1,,,,,,,,,,,,,,,
2014,Jawa Tengah,2,DPR,,,,Partai Demokrat,7,"55,631",,,,,,,,,,,,,,,,
2014,Jawa Tengah,2,DPR,,,,Partai Amanat Nasional ,8,"81,132",,,,,,,,,,,,,,,,
2014,Jawa Tengah,2,DPR,,,,Partai Persatuan Pembangunan ,9,"164,286",1,,,,,,,,,,,,,,,
2014,Jawa Tengah,2,DPR,,,,Partai Hati Nurani Rakyat ,10,"62,914",,,,,,,,,,,,,,,,
2014,Jawa Tengah,2,DPR,,,,Partai Bulan Bintang ,14,"9,307",,,,,,,,,,,,,,,,
2014,Jawa Tengah,2,DPR,,,,Partai Keadilan dan Persatuan Indonesia,15,"3,139",,,,,,,,,,,,,,,,
2014,Jawa Tengah,3,DPR,"3,287,462","2,071,932",411196,,,,,,,,,,,,,,,,,,,
2014,Jawa Tengah,3,DPR,,,,Partai Nasional Demokrat,1,"130,060",1,,,,,,,,,,,,,,,
2014,Jawa Tengah,3,DPR,,,,Partai Kebangkitan Bangsa,2,"280,384",1,,,,,,,,,,,,,,,
2014,Jawa Tengah,3,DPR,,,,Partai Keadilan Sejahtera ,3,"123,354",1,,,,,,,,,,,,,,,
2014,Jawa Tengah,3,DPR,,,,Partai Demokrasi Indonesia Perjuangan ,4,"392,472",2,,,,,,,,,,,,,,,
2014,Jawa Tengah,3,DPR,,,,Partai Golongan Karya ,5,"301,851",1,,,,,,,,,,,,,,,
2014,Jawa Tengah,3,DPR,,,,Partai Gerakan Indonesia Raya ,6,"285,557",1,,,,,,,,,,,,,,,
2014,Jawa Tengah,3,DPR,,,,Partai Demokrat,7,"202,818",1,,,,,,,,,,,,,,,
2014,Jawa Tengah,3,DPR,,,,Partai Amanat Nasional ,8,"92,244",,,,,,,,,,,,,,,,
2014,Jawa Tengah,3,DPR,,,,Partai Persatuan Pembangunan ,9,"139,679",1,,,,,,,,,,,,,,,
2014,Jawa Tengah,3,DPR,,,,Partai Hati Nurani Rakyat ,10,"92,740",,,,,,,,,,,,,,,,
2014,Jawa Tengah,3,DPR,,,,Partai Bulan Bintang ,14,"13,961",,,,,,,,,,,,,,,,
2014,Jawa Tengah,3,DPR,,,,Partai Keadilan dan Persatuan Indonesia,15,"16,812",,,,,,,,,,,,,,,,
2014,Jawa Tengah,4,DPR,"2,352,945","1,528,134",173782,,,,,,,,,,,,,,,,,,,
2014,Jawa Tengah,4,DPR,,,,Partai Nasional Demokrat,1,"47,186",,,,,,,,,,,,,,,,
2014,Jawa Tengah,4,DPR,,,,Partai Kebangkitan Bangsa,2,"103,911",,,,,,,,,,,,,,,,
2014,Jawa Tengah,4,DPR,,,,Partai Keadilan Sejahtera ,3,"160,546",1,,,,,,,,,,,,,,,
2014,Jawa Tengah,4,DPR,,,,Partai Demokrasi Indonesia Perjuangan ,4,"417,714",2,,,,,,,,,,,,,,,
2014,Jawa Tengah,4,DPR,,,,Partai Golongan Karya ,5,"235,865",1,,,,,,,,,,,,,,,
2014,Jawa Tengah,4,DPR,,,,Partai Gerakan Indonesia Raya ,6,"168,597",1,,,,,,,,,,,,,,,
2014,Jawa Tengah,4,DPR,,,,Partai Demokrat,7,"110,433",1,,,,,,,,,,,,,,,
2014,Jawa Tengah,4,DPR,,,,Partai Amanat Nasional ,8,"123,963",1,,,,,,,,,,,,,,,
2014,Jawa Tengah,4,DPR,,,,Partai Persatuan Pembangunan ,9,"55,950",,,,,,,,,,,,,,,,
2014,Jawa Tengah,4,DPR,,,,Partai Hati Nurani Rakyat ,10,"92,114",,,,,,,,,,,,,,,,
2014,Jawa Tengah,4,DPR,,,,Partai Bulan Bintang ,14,"6,932",,,,,,,,,,,,,,,,
2014,Jawa Tengah,4,DPR,,,,Partai Keadilan dan Persatuan Indonesia,15,"4,923",,,,,,,,,,,,,,,,
2014,Jawa Tengah,5,DPR,"2,869,277","2,010,828",216082,,,,,,,,,,,,,,,,,,,
2014,Jawa Tengah,5,DPR,,,,Partai Nasional Demokrat,1,"120,090",,,,,,,,,,,,,,,,
2014,Jawa Tengah,5,DPR,,,,Partai Kebangkitan Bangsa,2,"137,727",1,,,,,,,,,,,,,,,
2014,Jawa Tengah,5,DPR,,,,Partai Keadilan Sejahtera ,3,"120,918",1,,,,,,,,,,,,,,,
2014,Jawa Tengah,5,DPR,,,,Partai Demokrasi Indonesia Perjuangan ,4,"861,673",3,,,,,,,,,,,,,,,
2014,Jawa Tengah,5,DPR,,,,Partai Golongan Karya ,5,"269,446",1,,,,,,,,,,,,,,,
2014,Jawa Tengah,5,DPR,,,,Partai Gerakan Indonesia Raya ,6,"152,378",1,,,,,,,,,,,,,,,
2014,Jawa Tengah,5,DPR,,,,Partai Demokrat,7,"81,667",,,,,,,,,,,,,,,,
2014,Jawa Tengah,5,DPR,,,,Partai Amanat Nasional ,8,"145,363",1,,,,,,,,,,,,,,,
2014,Jawa Tengah,5,DPR,,,,Partai Persatuan Pembangunan ,9,"52,877",,,,,,,,,,,,,,,,
2014,Jawa Tengah,5,DPR,,,,Partai Hati Nurani Rakyat ,10,"55,214",,,,,,,,,,,,,,,,
2014,Jawa Tengah,5,DPR,,,,Partai Bulan Bintang ,14,"9,070",,,,,,,,,,,,,,,,
2014,Jawa Tengah,5,DPR,,,,Partai Keadilan dan Persatuan Indonesia,15,"4,405",,,,,,,,,,,,,,,,
2014,Jawa Tengah,6,DPR,"2,900,986","2,014,315",266752,,,,,,,,,,,,,,,,,,,
2014,Jawa Tengah,6,DPR,,,,Partai Nasional Demokrat,1,"146,264",1,,,,,,,,,,,,,,,
2014,Jawa Tengah,6,DPR,,,,Partai Kebangkitan Bangsa,2,"358,790",1,,,,,,,,,,,,,,,
2014,Jawa Tengah,6,DPR,,,,Partai Keadilan Sejahtera ,3,"91,774",,,,,,,,,,,,,,,,
2014,Jawa Tengah,6,DPR,,,,Partai Demokrasi Indonesia Perjuangan ,4,"454,259",2,,,,,,,,,,,,,,,
2014,Jawa Tengah,6,DPR,,,,Partai Golongan Karya ,5,"203,508",1,,,,,,,,,,,,,,,
2014,Jawa Tengah,6,DPR,,,,Partai Gerakan Indonesia Raya ,6,"207,410",1,,,,,,,,,,,,,,,
2014,Jawa Tengah,6,DPR,,,,Partai Demokrat,7,"131,447",,,,,,,,,,,,,,,,
2014,Jawa Tengah,6,DPR,,,,Partai Amanat Nasional ,8,"162,515",1,,,,,,,,,,,,,,,
2014,Jawa Tengah,6,DPR,,,,Partai Persatuan Pembangunan ,9,"137,499",1,,,,,,,,,,,,,,,
2014,Jawa Tengah,6,DPR,,,,Partai Hati Nurani Rakyat ,10,"101,462",,,,,,,,,,,,,,,,
2014,Jawa Tengah,6,DPR,,,,Partai Bulan Bintang ,14,"11,385",,,,,,,,,,,,,,,,
2014,Jawa Tengah,6,DPR,,,,Partai Keadilan dan Persatuan Indonesia,15,"8,002",,,,,,,,,,,,,,,,
2014,Jawa Tengah,7,DPR,"2,509,224","1,575,575",203345,,,,,,,,,,,,,,,,,,,
2014,Jawa Tengah,7,DPR,,,,Partai Nasional Demokrat,1,"143,183",1,,,,,,,,,,,,,,,
2014,Jawa Tengah,7,DPR,,,,Partai Kebangkitan Bangsa,2,"164,535",1,,,,,,,,,,,,,,,
2014,Jawa Tengah,7,DPR,,,,Partai Keadilan Sejahtera ,3,"102,966",,,,,,,,,,,,,,,,
2014,Jawa Tengah,7,DPR,,,,Partai Demokrasi Indonesia Perjuangan ,4,"300,978",1,,,,,,,,,,,,,,,
2014,Jawa Tengah,7,DPR,,,,Partai Golongan Karya ,5,"144,563",1,,,,,,,,,,,,,,,
2014,Jawa Tengah,7,DPR,,,,Partai Gerakan Indonesia Raya ,6,"297,057",1,,,,,,,,,,,,,,,
2014,Jawa Tengah,7,DPR,,,,Partai Demokrat,7,"97,465",,,,,,,,,,,,,,,,
2014,Jawa Tengah,7,DPR,,,,Partai Amanat Nasional ,8,"110,604",1,,,,,,,,,,,,,,,
2014,Jawa Tengah,7,DPR,,,,Partai Persatuan Pembangunan ,9,"130,237",1,,,,,,,,,,,,,,,
2014,Jawa Tengah,7,DPR,,,,Partai Hati Nurani Rakyat ,10,"62,151",,,,,,,,,,,,,,,,
2014,Jawa Tengah,7,DPR,,,,Partai Bulan Bintang ,14,"18,055",,,,,,,,,,,,,,,,
2014,Jawa Tengah,7,DPR,,,,Partai Keadilan dan Persatuan Indonesia,15,"3,781",,,,,,,,,,,,,,,,
2014,Jawa Tengah,8,DPR,"2,781,889","1,774,130",131459,,,,,,,,,,,,,,,,,,,
2014,Jawa Tengah,8,DPR,,,,Partai Nasional Demokrat,1,"47,985",,,,,,,,,,,,,,,,
2014,Jawa Tengah,8,DPR,,,,Partai Kebangkitan Bangsa,2,"216,461",1,,,,,,,,,,,,,,,
2014,Jawa Tengah,8,DPR,,,,Partai Keadilan Sejahtera ,3,"81,773",,,,,,,,,,,,,,,,
2014,Jawa Tengah,8,DPR,,,,Partai Demokrasi Indonesia Perjuangan ,4,"487,813",2,,,,,,,,,,,,,,,
2014,Jawa Tengah,8,DPR,,,,Partai Golongan Karya ,5,"296,890",1,,,,,,,,,,,,,,,
2014,Jawa Tengah,8,DPR,,,,Partai Gerakan Indonesia Raya ,6,"229,642",1,,,,,,,,,,,,,,,
2014,Jawa Tengah,8,DPR,,,,Partai Demokrat,7,"118,282",1,,,,,,,,,,,,,,,
2014,Jawa Tengah,8,DPR,,,,Partai Amanat Nasional ,8,"134,829",1,,,,,,,,,,,,,,,
2014,Jawa Tengah,8,DPR,,,,Partai Persatuan Pembangunan ,9,"97,771",1,,,,,,,,,,,,,,,
2014,Jawa Tengah,8,DPR,,,,Partai Hati Nurani Rakyat ,10,"49,274",,,,,,,,,,,,,,,,
2014,Jawa Tengah,8,DPR,,,,Partai Bulan Bintang ,14,"9,018",,,,,,,,,,,,,,,,
2014,Jawa Tengah,8,DPR,,,,Partai Keadilan dan Persatuan Indonesia,15,"4,392",,,,,,,,,,,,,,,,
2014,Jawa Tengah,9,DPR,"2,847,465","1,635,975",222326,,,,,,,,,,,,,,,,,,,
2014,Jawa Tengah,9,DPR,,,,Partai Nasional Demokrat,1,"62,146",,,,,,,,,,,,,,,,
2014,Jawa Tengah,9,DPR,,,,Partai Kebangkitan Bangsa,2,"282,131",1,,,,,,,,,,,,,,,
2014,Jawa Tengah,9,DPR,,,,Partai Keadilan Sejahtera ,3,"109,527",1,,,,,,,,,,,,,,,
2014,Jawa Tengah,9,DPR,,,,Partai Demokrasi Indonesia Perjuangan ,4,"376,245",2,,,,,,,,,,,,,,,
2014,Jawa Tengah,9,DPR,,,,Partai Golongan Karya ,5,"234,622",1,,,,,,,,,,,,,,,
2014,Jawa Tengah,9,DPR,,,,Partai Gerakan Indonesia Raya ,6,"162,077",1,,,,,,,,,,,,,,,
2014,Jawa Tengah,9,DPR,,,,Partai Demokrat,7,"84,622",,,,,,,,,,,,,,,,
2014,Jawa Tengah,9,DPR,,,,Partai Amanat Nasional ,8,"103,357",1,,,,,,,,,,,,,,,
2014,Jawa Tengah,9,DPR,,,,Partai Persatuan Pembangunan ,9,"117,118",1,,,,,,,,,,,,,,,
2014,Jawa Tengah,9,DPR,,,,Partai Hati Nurani Rakyat ,10,"93,511",,,,,,,,,,,,,,,,
2014,Jawa Tengah,9,DPR,,,,Partai Bulan Bintang ,14,"6,489",,,,,,,,,,,,,,,,
2014,Jawa Tengah,9,DPR,,,,Partai Keadilan dan Persatuan Indonesia,15,"4,130",,,,,,,,,,,,,,,,
2014,Jawa Tengah,10,DPR,"2,590,062","1,553,646",298552,,,,,,,,,,,,,,,,,,,
2014,Jawa Tengah,10,DPR,,,,Partai Nasional Demokrat,1,"86,383",,,,,,,,,,,,,,,,
2014,Jawa Tengah,10,DPR,,,,Partai Kebangkitan Bangsa,2,"336,121",2,,,,,,,,,,,,,,,
2014,Jawa Tengah,10,DPR,,,,Partai Keadilan Sejahtera ,3,"83,612",,,,,,,,,,,,,,,,
2014,Jawa Tengah,10,DPR,,,,Partai Demokrasi Indonesia Perjuangan ,4,"313,293",1,,,,,,,,,,,,,,,
2014,Jawa Tengah,10,DPR,,,,Partai Golongan Karya ,5,"192,602",1,,,,,,,,,,,,,,,
2014,Jawa Tengah,10,DPR,,,,Partai Gerakan Indonesia Raya ,6,"136,674",1,,,,,,,,,,,,,,,
2014,Jawa Tengah,10,DPR,,,,Partai Demokrat,7,"81,109",,,,,,,,,,,,,,,,
2014,Jawa Tengah,10,DPR,,,,Partai Amanat Nasional ,8,"117,612",1,,,,,,,,,,,,,,,
2014,Jawa Tengah,10,DPR,,,,Partai Persatuan Pembangunan ,9,"138,102",1,,,,,,,,,,,,,,,
2014,Jawa Tengah,10,DPR,,,,Partai Hati Nurani Rakyat ,10,"57,487",,,,,,,,,,,,,,,,
2014,Jawa Tengah,10,DPR,,,,Partai Bulan Bintang ,14,"7,203",,,,,,,,,,,,,,,,
2014,Jawa Tengah,10,DPR,,,,Partai Keadilan dan Persatuan Indonesia,15,"3,448",,,,,,,,,,,,,,,,
2014,Jawa Timur,1,DPR,"3,377,714","2,016,903",254732,,,,,,,,,,,,,,,,,,,
2014,Jawa Timur,1,DPR,,,,Partai Nasional Demokrat,1,"67,451",,,,,,,,,,,,,,,,
2014,Jawa Timur,1,DPR,,,,Partai Kebangkitan Bangsa,2,"385,629",2,,,,,,,,,,,,,,,
2014,Jawa Timur,1,DPR,,,,Partai Keadilan Sejahtera ,3,"102,720",1,,,,,,,,,,,,,,,
2014,Jawa Timur,1,DPR,,,,Partai Demokrasi Indonesia Perjuangan ,4,"497,347",3,,,,,,,,,,,,,,,
2014,Jawa Timur,1,DPR,,,,Partai Golongan Karya ,5,"133,644",1,,,,,,,,,,,,,,,
2014,Jawa Timur,1,DPR,,,,Partai Gerakan Indonesia Raya ,6,"250,459",1,,,,,,,,,,,,,,,
2014,Jawa Timur,1,DPR,,,,Partai Demokrat,7,"186,270",1,,,,,,,,,,,,,,,
2014,Jawa Timur,1,DPR,,,,Partai Amanat Nasional ,8,"196,645",1,,,,,,,,,,,,,,,
2014,Jawa Timur,1,DPR,,,,Partai Persatuan Pembangunan ,9,"87,293",,,,,,,,,,,,,,,,
2014,Jawa Timur,1,DPR,,,,Partai Hati Nurani Rakyat ,10,"87,069",,,,,,,,,,,,,,,,
2014,Jawa Timur,1,DPR,,,,Partai Bulan Bintang ,14,"15,573",,,,,,,,,,,,,,,,
2014,Jawa Timur,1,DPR,,,,Partai Keadilan dan Persatuan Indonesia,15,"6,803",,,,,,,,,,,,,,,,
2014,Jawa Timur,2,DPR,"2,330,650","1,561,686",288308,,,,,,,,,,,,,,,,,,,
2014,Jawa Timur,2,DPR,,,,Partai Nasional Demokrat,1,"296,136",1,,,,,,,,,,,,,,,
2014,Jawa Timur,2,DPR,,,,Partai Kebangkitan Bangsa,2,"299,534",1,,,,,,,,,,,,,,,
2014,Jawa Timur,2,DPR,,,,Partai Keadilan Sejahtera ,3,"77,448",,,,,,,,,,,,,,,,
2014,Jawa Timur,2,DPR,,,,Partai Demokrasi Indonesia Perjuangan ,4,"150,395",1,,,,,,,,,,,,,,,
2014,Jawa Timur,2,DPR,,,,Partai Golongan Karya ,5,"220,105",1,,,,,,,,,,,,,,,
2014,Jawa Timur,2,DPR,,,,Partai Gerakan Indonesia Raya ,6,"184,263",1,,,,,,,,,,,,,,,
2014,Jawa Timur,2,DPR,,,,Partai Demokrat,7,"121,303",1,,,,,,,,,,,,,,,
2014,Jawa Timur,2,DPR,,,,Partai Amanat Nasional ,8,"35,305",,,,,,,,,,,,,,,,
2014,Jawa Timur,2,DPR,,,,Partai Persatuan Pembangunan ,9,"104,711",1,,,,,,,,,,,,,,,
2014,Jawa Timur,2,DPR,,,,Partai Hati Nurani Rakyat ,10,"57,632",,,,,,,,,,,,,,,,
2014,Jawa Timur,2,DPR,,,,Partai Bulan Bintang ,14,"7,706",,,,,,,,,,,,,,,,
2014,Jawa Timur,2,DPR,,,,Partai Keadilan dan Persatuan Indonesia,15,"7,148",,,,,,,,,,,,,,,,
2014,Jawa Timur,3,DPR,"2,374,614","1,571,888",182481,,,,,,,,,,,,,,,,,,,
2014,Jawa Timur,3,DPR,,,,Partai Nasional Demokrat,1,"91,838",,,,,,,,,,,,,,,,
2014,Jawa Timur,3,DPR,,,,Partai Kebangkitan Bangsa,2,"434,967",2,,,,,,,,,,,,,,,
2014,Jawa Timur,3,DPR,,,,Partai Keadilan Sejahtera ,3,"80,360",,,,,,,,,,,,,,,,
2014,Jawa Timur,3,DPR,,,,Partai Demokrasi Indonesia Perjuangan ,4,"254,532",1,,,,,,,,,,,,,,,
2014,Jawa Timur,3,DPR,,,,Partai Golongan Karya ,5,"192,166",1,,,,,,,,,,,,,,,
2014,Jawa Timur,3,DPR,,,,Partai Gerakan Indonesia Raya ,6,"143,379",1,,,,,,,,,,,,,,,
2014,Jawa Timur,3,DPR,,,,Partai Demokrat,7,"129,880",1,,,,,,,,,,,,,,,
2014,Jawa Timur,3,DPR,,,,Partai Amanat Nasional ,8,"39,671",,,,,,,,,,,,,,,,
2014,Jawa Timur,3,DPR,,,,Partai Persatuan Pembangunan ,9,"138,113",1,,,,,,,,,,,,,,,
2014,Jawa Timur,3,DPR,,,,Partai Hati Nurani Rakyat ,10,"54,276",,,,,,,,,,,,,,,,
2014,Jawa Timur,3,DPR,,,,Partai Bulan Bintang ,14,"7,186",,,,,,,,,,,,,,,,
2014,Jawa Timur,3,DPR,,,,Partai Keadilan dan Persatuan Indonesia,15,"5,520",,,,,,,,,,,,,,,,
2014,Jawa Timur,4,DPR,"2,560,561","1,627,760",171960,,,,,,,,,,,,,,,,,,,
2014,Jawa Timur,4,DPR,,,,Partai Nasional Demokrat,1,"114,551",1,,,,,,,,,,,,,,,
2014,Jawa Timur,4,DPR,,,,Partai Kebangkitan Bangsa,2,"338,523",2,,,,,,,,,,,,,,,
2014,Jawa Timur,4,DPR,,,,Partai Keadilan Sejahtera ,3,"92,281",,,,,,,,,,,,,,,,
2014,Jawa Timur,4,DPR,,,,Partai Demokrasi Indonesia Perjuangan ,4,"248,968",1,,,,,,,,,,,,,,,
2014,Jawa Timur,4,DPR,,,,Partai Golongan Karya ,5,"131,667",1,,,,,,,,,,,,,,,
2014,Jawa Timur,4,DPR,,,,Partai Gerakan Indonesia Raya ,6,"285,750",1,,,,,,,,,,,,,,,
2014,Jawa Timur,4,DPR,,,,Partai Demokrat,7,"131,743",1,,,,,,,,,,,,,,,
2014,Jawa Timur,4,DPR,,,,Partai Amanat Nasional ,8,"134,691",1,,,,,,,,,,,,,,,
2014,Jawa Timur,4,DPR,,,,Partai Persatuan Pembangunan ,9,"72,720",,,,,,,,,,,,,,,,
2014,Jawa Timur,4,DPR,,,,Partai Hati Nurani Rakyat ,10,"46,578",,,,,,,,,,,,,,,,
2014,Jawa Timur,4,DPR,,,,Partai Bulan Bintang ,14,"23,066",,,,,,,,,,,,,,,,
2014,Jawa Timur,4,DPR,,,,Partai Keadilan dan Persatuan Indonesia,15,"7,222",,,,,,,,,,,,,,,,
2014,Jawa Timur,5,DPR,"2,715,829","1,703,588",181570,,,,,,,,,,,,,,,,,,,
2014,Jawa Timur,5,DPR,,,,Partai Nasional Demokrat,1,"122,385",1,,,,,,,,,,,,,,,
2014,Jawa Timur,5,DPR,,,,Partai Kebangkitan Bangsa,2,"266,530",1,,,,,,,,,,,,,,,
2014,Jawa Timur,5,DPR,,,,Partai Keadilan Sejahtera ,3,"68,050",,,,,,,,,,,,,,,,
2014,Jawa Timur,5,DPR,,,,Partai Demokrasi Indonesia Perjuangan ,4,"444,112",3,,,,,,,,,,,,,,,
2014,Jawa Timur,5,DPR,,,,Partai Golongan Karya ,5,"260,100",1,,,,,,,,,,,,,,,
2014,Jawa Timur,5,DPR,,,,Partai Gerakan Indonesia Raya ,6,"199,899",1,,,,,,,,,,,,,,,
2014,Jawa Timur,5,DPR,,,,Partai Demokrat,7,"104,411",1,,,,,,,,,,,,,,,
2014,Jawa Timur,5,DPR,,,,Partai Amanat Nasional ,8,"86,699",,,,,,,,,,,,,,,,
2014,Jawa Timur,5,DPR,,,,Partai Persatuan Pembangunan ,9,"54,572",,,,,,,,,,,,,,,,
2014,Jawa Timur,5,DPR,,,,Partai Hati Nurani Rakyat ,10,"77,777",,,,,,,,,,,,,,,,
2014,Jawa Timur,5,DPR,,,,Partai Bulan Bintang ,14,"12,588",,,,,,,,,,,,,,,,
2014,Jawa Timur,5,DPR,,,,Partai Keadilan dan Persatuan Indonesia,15,"6,465",,,,,,,,,,,,,,,,
2014,Jawa Timur,6,DPR,"3,239,204","2,170,507",332320,,,,,,,,,,,,,,,,,,,
2014,Jawa Timur,6,DPR,,,,Partai Nasional Demokrat,1,"87,000",1,,,,,,,,,,,,,,,
2014,Jawa Timur,6,DPR,,,,Partai Kebangkitan Bangsa,2,"308,253",1,,,,,,,,,,,,,,,
2014,Jawa Timur,6,DPR,,,,Partai Keadilan Sejahtera ,3,"81,017",,,,,,,,,,,,,,,,
2014,Jawa Timur,6,DPR,,,,Partai Demokrasi Indonesia Perjuangan ,4,"666,338",3,,,,,,,,,,,,,,,
2014,Jawa Timur,6,DPR,,,,Partai Golongan Karya ,5,"192,811",1,,,,,,,,,,,,,,,
2014,Jawa Timur,6,DPR,,,,Partai Gerakan Indonesia Raya ,6,"229,513",1,,,,,,,,,,,,,,,
2014,Jawa Timur,6,DPR,,,,Partai Demokrat,7,"171,222",1,,,,,,,,,,,,,,,
2014,Jawa Timur,6,DPR,,,,Partai Amanat Nasional ,8,"246,975",1,,,,,,,,,,,,,,,
2014,Jawa Timur,6,DPR,,,,Partai Persatuan Pembangunan ,9,"77,248",,,,,,,,,,,,,,,,
2014,Jawa Timur,6,DPR,,,,Partai Hati Nurani Rakyat ,10,"81,857",,,,,,,,,,,,,,,,
2014,Jawa Timur,6,DPR,,,,Partai Bulan Bintang ,14,"21,143",,,,,,,,,,,,,,,,
2014,Jawa Timur,6,DPR,,,,Partai Keadilan dan Persatuan Indonesia,15,"7,130",,,,,,,,,,,,,,,,
2014,Jawa Timur,7,DPR,"3,051,528","1,974,764",316258,,,,,,,,,,,,,,,,,,,
2014,Jawa Timur,7,DPR,,,,Partai Nasional Demokrat,1,"117,362",1,,,,,,,,,,,,,,,
2014,Jawa Timur,7,DPR,,,,Partai Kebangkitan Bangsa,2,"232,005",1,,,,,,,,,,,,,,,
2014,Jawa Timur,7,DPR,,,,Partai Keadilan Sejahtera ,3,"140,147",1,,,,,,,,,,,,,,,
2014,Jawa Timur,7,DPR,,,,Partai Demokrasi Indonesia Perjuangan ,4,"347,140",1,,,,,,,,,,,,,,,
2014,Jawa Timur,7,DPR,,,,Partai Golongan Karya ,5,"224,850",1,,,,,,,,,,,,,,,
2014,Jawa Timur,7,DPR,,,,Partai Gerakan Indonesia Raya ,6,"178,963",1,,,,,,,,,,,,,,,
2014,Jawa Timur,7,DPR,,,,Partai Demokrat,7,"428,434",2,,,,,,,,,,,,,,,
2014,Jawa Timur,7,DPR,,,,Partai Amanat Nasional ,8,"110,770",,,,,,,,,,,,,,,,
2014,Jawa Timur,7,DPR,,,,Partai Persatuan Pembangunan ,9,"88,026",,,,,,,,,,,,,,,,
2014,Jawa Timur,7,DPR,,,,Partai Hati Nurani Rakyat ,10,"83,324",,,,,,,,,,,,,,,,
2014,Jawa Timur,7,DPR,,,,Partai Bulan Bintang ,14,"16,922",,,,,,,,,,,,,,,,
2014,Jawa Timur,7,DPR,,,,Partai Keadilan dan Persatuan Indonesia,15,"6,821",,,,,,,,,,,,,,,,
2014,Jawa Timur,8,DPR,"3,487,830","2,211,226",507077,,,,,,,,,,,,,,,,,,,
2014,Jawa Timur,8,DPR,,,,Partai Nasional Demokrat,1,"163,065",1,,,,,,,,,,,,,,,
2014,Jawa Timur,8,DPR,,,,Partai Kebangkitan Bangsa,2,"378,531",2,,,,,,,,,,,,,,,
2014,Jawa Timur,8,DPR,,,,Partai Keadilan Sejahtera ,3,"118,341",,,,,,,,,,,,,,,,
2014,Jawa Timur,8,DPR,,,,Partai Demokrasi Indonesia Perjuangan ,4,"420,196",2,,,,,,,,,,,,,,,
2014,Jawa Timur,8,DPR,,,,Partai Golongan Karya ,5,"236,372",1,,,,,,,,,,,,,,,
2014,Jawa Timur,8,DPR,,,,Partai Gerakan Indonesia Raya ,6,"284,944",1,,,,,,,,,,,,,,,
2014,Jawa Timur,8,DPR,,,,Partai Demokrat,7,"205,557",1,,,,,,,,,,,,,,,
2014,Jawa Timur,8,DPR,,,,Partai Amanat Nasional ,8,"133,289",1,,,,,,,,,,,,,,,
2014,Jawa Timur,8,DPR,,,,Partai Persatuan Pembangunan ,9,"106,248",,,,,,,,,,,,,,,,
2014,Jawa Timur,8,DPR,,,,Partai Hati Nurani Rakyat ,10,"131,355",1,,,,,,,,,,,,,,,
2014,Jawa Timur,8,DPR,,,,Partai Bulan Bintang ,14,"21,496",,,,,,,,,,,,,,,,
2014,Jawa Timur,8,DPR,,,,Partai Keadilan dan Persatuan Indonesia,15,"11,832",,,,,,,,,,,,,,,,
2014,Jawa Timur,9,DPR,"1,955,519","1,247,817",244323,,,,,,,,,,,,,,,,,,,
2014,Jawa Timur,9,DPR,,,,Partai Nasional Demokrat,1,"69,512",,,,,,,,,,,,,,,,
2014,Jawa Timur,9,DPR,,,,Partai Kebangkitan Bangsa,2,"275,141",1,,,,,,,,,,,,,,,
2014,Jawa Timur,9,DPR,,,,Partai Keadilan Sejahtera ,3,"47,047",,,,,,,,,,,,,,,,
2014,Jawa Timur,9,DPR,,,,Partai Demokrasi Indonesia Perjuangan ,4,"160,182",1,,,,,,,,,,,,,,,
2014,Jawa Timur,9,DPR,,,,Partai Golongan Karya ,5,"132,904",1,,,,,,,,,,,,,,,
2014,Jawa Timur,9,DPR,,,,Partai Gerakan Indonesia Raya ,6,"149,778",1,,,,,,,,,,,,,,,
2014,Jawa Timur,9,DPR,,,,Partai Demokrat,7,"205,387",1,,,,,,,,,,,,,,,
2014,Jawa Timur,9,DPR,,,,Partai Amanat Nasional ,8,"92,422",1,,,,,,,,,,,,,,,
2014,Jawa Timur,9,DPR,,,,Partai Persatuan Pembangunan ,9,"59,656",,,,,,,,,,,,,,,,
2014,Jawa Timur,9,DPR,,,,Partai Hati Nurani Rakyat ,10,"38,621",,,,,,,,,,,,,,,,
2014,Jawa Timur,9,DPR,,,,Partai Bulan Bintang ,14,"8,625",,,,,,,,,,,,,,,,
2014,Jawa Timur,9,DPR,,,,Partai Keadilan dan Persatuan Indonesia,15,"8,542",,,,,,,,,,,,,,,,
2014,Jawa Timur,10,DPR,"1,989,333","1,284,768",207722,,,,,,,,,,,,,,,,,,,
2014,Jawa Timur,10,DPR,,,,Partai Nasional Demokrat,1,"74,793",,,,,,,,,,,,,,,,
2014,Jawa Timur,10,DPR,,,,Partai Kebangkitan Bangsa,2,"251,178",1,,,,,,,,,,,,,,,
2014,Jawa Timur,10,DPR,,,,Partai Keadilan Sejahtera ,3,"35,505",,,,,,,,,,,,,,,,
2014,Jawa Timur,10,DPR,,,,Partai Demokrasi Indonesia Perjuangan ,4,"217,923",1,,,,,,,,,,,,,,,
2014,Jawa Timur,10,DPR,,,,Partai Golongan Karya ,5,"223,961",1,,,,,,,,,,,,,,,
2014,Jawa Timur,10,DPR,,,,Partai Gerakan Indonesia Raya ,6,"150,926",1,,,,,,,,,,,,,,,
2014,Jawa Timur,10,DPR,,,,Partai Demokrat,7,"87,310",,,,,,,,,,,,,,,,
2014,Jawa Timur,10,DPR,,,,Partai Amanat Nasional ,8,"103,575",1,,,,,,,,,,,,,,,
2014,Jawa Timur,10,DPR,,,,Partai Persatuan Pembangunan ,9,"103,518",1,,,,,,,,,,,,,,,
2014,Jawa Timur,10,DPR,,,,Partai Hati Nurani Rakyat ,10,"21,475",,,,,,,,,,,,,,,,
2014,Jawa Timur,10,DPR,,,,Partai Bulan Bintang ,14,"6,938",,,,,,,,,,,,,,,,
2014,Jawa Timur,10,DPR,,,,Partai Keadilan dan Persatuan Indonesia,15,"7,666",,,,,,,,,,,,,,,,
2014,Jawa Timur,11,DPR,"3,315,987","2,621,413",286687,,,,,,,,,,,,,,,,,,,
2014,Jawa Timur,11,DPR,,,,Partai Nasional Demokrat,1,"291,378",1,,,,,,,,,,,,,,,
2014,Jawa Timur,11,DPR,,,,Partai Kebangkitan Bangsa,2,"363,611",1,,,,,,,,,,,,,,,
2014,Jawa Timur,11,DPR,,,,Partai Keadilan Sejahtera ,3,"44,195",,,,,,,,,,,,,,,,
2014,Jawa Timur,11,DPR,,,,Partai Demokrasi Indonesia Perjuangan ,4,"173,812",1,,,,,,,,,,,,,,,
2014,Jawa Timur,11,DPR,,,,Partai Golongan Karya ,5,"193,641",1,,,,,,,,,,,,,,,
2014,Jawa Timur,11,DPR,,,,Partai Gerakan Indonesia Raya ,6,"298,696",1,,,,,,,,,,,,,,,
2014,Jawa Timur,11,DPR,,,,Partai Demokrat,7,"376,536",1,,,,,,,,,,,,,,,
2014,Jawa Timur,11,DPR,,,,Partai Amanat Nasional ,8,"78,863",,,,,,,,,,,,,,,,
2014,Jawa Timur,11,DPR,,,,Partai Persatuan Pembangunan ,9,"413,230",1,,,,,,,,,,,,,,,
2014,Jawa Timur,11,DPR,,,,Partai Hati Nurani Rakyat ,10,"355,259",1,,,,,,,,,,,,,,,
2014,Jawa Timur,11,DPR,,,,Partai Bulan Bintang ,14,"25,441",,,,,,,,,,,,,,,,
2014,Jawa Timur,11,DPR,,,,Partai Keadilan dan Persatuan Indonesia,15,"6,751",,,,,,,,,,,,,,,,
2014,Kalimantan Barat,1,DPR,"3,479,368","2,478,262",240534,,,,,,,,,,,,,,,,,,,
2014,Kalimantan Barat,1,DPR,,,,Partai Nasional Demokrat,1,"168,741",1,,,,,,,,,,,,,,,
2014,Kalimantan Barat,1,DPR,,,,Partai Kebangkitan Bangsa,2,"117,937",1,,,,,,,,,,,,,,,
2014,Kalimantan Barat,1,DPR,,,,Partai Keadilan Sejahtera ,3,"102,146",,,,,,,,,,,,,,,,
2014,Kalimantan Barat,1,DPR,,,,Partai Demokrasi Indonesia Perjuangan ,4,"817,770",3,,,,,,,,,,,,,,,
2014,Kalimantan Barat,1,DPR,,,,Partai Golongan Karya ,5,"348,986",1,,,,,,,,,,,,,,,
2014,Kalimantan Barat,1,DPR,,,,Partai Gerakan Indonesia Raya ,6,"236,281",1,,,,,,,,,,,,,,,
2014,Kalimantan Barat,1,DPR,,,,Partai Demokrat,7,"196,890",1,,,,,,,,,,,,,,,
2014,Kalimantan Barat,1,DPR,,,,Partai Amanat Nasional ,8,"196,212",1,,,,,,,,,,,,,,,
2014,Kalimantan Barat,1,DPR,,,,Partai Persatuan Pembangunan ,9,"136,564",1,,,,,,,,,,,,,,,
2014,Kalimantan Barat,1,DPR,,,,Partai Hati Nurani Rakyat ,10,"86,741",,,,,,,,,,,,,,,,
2014,Kalimantan Barat,1,DPR,,,,Partai Bulan Bintang ,14,"30,813",,,,,,,,,,,,,,,,
2014,Kalimantan Barat,1,DPR,,,,Partai Keadilan dan Persatuan Indonesia,15,"39,181",,,,,,,,,,,,,,,,
2014,Kalimantan Selatan,1,DPR,"1,497,061",990497,182967,,,,,,,,,,,,,,,,,,,
2014,Kalimantan Selatan,1,DPR,,,,Partai Nasional Demokrat,1,"48,564",,,,,,,,,,,,,,,,
2014,Kalimantan Selatan,1,DPR,,,,Partai Kebangkitan Bangsa ,2,"84,713",1,,,,,,,,,,,,,,,
2014,Kalimantan Selatan,1,DPR,,,,Partai Keadilan Sejahtera ,3,"101,440",1,,,,,,,,,,,,,,,
2014,Kalimantan Selatan,1,DPR,,,,Partai Demokrasi Indonesia Perjuangan ,4,"61,799",,,,,,,,,,,,,,,,
2014,Kalimantan Selatan,1,DPR,,,,Partai Golongan Karya ,5,"308,267",2,,,,,,,,,,,,,,,
2014,Kalimantan Selatan,1,DPR,,,,Partai Gerakan Indonesia Raya ,6,"90,359",1,,,,,,,,,,,,,,,
2014,Kalimantan Selatan,1,DPR,,,,Partai Demokrat ,7,"51,937",,,,,,,,,,,,,,,,
2014,Kalimantan Selatan,1,DPR,,,,Partai Amanat Nasional,8,"37,725",,,,,,,,,,,,,,,,
2014,Kalimantan Selatan,1,DPR,,,,Partai Persatuan Pembangunan ,9,"114,920",1,,,,,,,,,,,,,,,
2014,Kalimantan Selatan,1,DPR,,,,Partai Hati Nurani Rakyat ,10,"62,794",,,,,,,,,,,,,,,,
2014,Kalimantan Selatan,1,DPR,,,,Partai Bulan Bintang ,14,"18,656",,,,,,,,,,,,,,,,
2014,Kalimantan Selatan,1,DPR,,,,Partai Keadilan dan Persatuan Indonesia,15,"9,323",,,,,,,,,,,,,,,,
2014,Kalimantan Selatan,2,DPR,"1,288,469",841123,89696,,,,,,,,,,,,,,,,,,,
2014,Kalimantan Selatan,2,DPR,,,,Partai Nasional Demokrat,1,"53,867",,,,,,,,,,,,,,,,
2014,Kalimantan Selatan,2,DPR,,,,Partai Kebangkitan Bangsa ,2,"118,180",1,,,,,,,,,,,,,,,
2014,Kalimantan Selatan,2,DPR,,,,Partai Keadilan Sejahtera ,3,"50,668",,,,,,,,,,,,,,,,
2014,Kalimantan Selatan,2,DPR,,,,Partai Demokrasi Indonesia Perjuangan ,4,"130,565",1,,,,,,,,,,,,,,,
2014,Kalimantan Selatan,2,DPR,,,,Partai Golongan Karya ,5,"178,047",1,,,,,,,,,,,,,,,
2014,Kalimantan Selatan,2,DPR,,,,Partai Gerakan Indonesia Raya ,6,"82,039",1,,,,,,,,,,,,,,,
2014,Kalimantan Selatan,2,DPR,,,,Partai Demokrat ,7,"42,823",,,,,,,,,,,,,,,,
2014,Kalimantan Selatan,2,DPR,,,,Partai Amanat Nasional,8,"35,343",,,,,,,,,,,,,,,,
2014,Kalimantan Selatan,2,DPR,,,,Partai Persatuan Pembangunan ,9,"100,162",1,,,,,,,,,,,,,,,
2014,Kalimantan Selatan,2,DPR,,,,Partai Hati Nurani Rakyat ,10,"32,316",,,,,,,,,,,,,,,,
2014,Kalimantan Selatan,2,DPR,,,,Partai Bulan Bintang ,14,"12,078",,,,,,,,,,,,,,,,
2014,Kalimantan Selatan,2,DPR,,,,Partai Keadilan dan Persatuan Indonesia,15,"5,035",,,,,,,,,,,,,,,,
2014,Kalimantan Tengah,1,DPR,"1,778,972","1,139,544",150975,,,,,,,,,,,,,,,,,,,
2014,Kalimantan Tengah,1,DPR,,,,Partai Nasional Demokrat,1,"85,960",1,,,,,,,,,,,,,,,
2014,Kalimantan Tengah,1,DPR,,,,Partai Kebangkitan Bangsa,2,"67,753",,,,,,,,,,,,,,,,
2014,Kalimantan Tengah,1,DPR,,,,Partai Keadilan Sejahtera ,3,"49,522",,,,,,,,,,,,,,,,
2014,Kalimantan Tengah,1,DPR,,,,Partai Demokrasi Indonesia Perjuangan ,4,"350,701",2,,,,,,,,,,,,,,,
2014,Kalimantan Tengah,1,DPR,,,,Partai Golongan Karya ,5,"141,095",1,,,,,,,,,,,,,,,
2014,Kalimantan Tengah,1,DPR,,,,Partai Gerakan Indonesia Raya ,6,"120,019",1,,,,,,,,,,,,,,,
2014,Kalimantan Tengah,1,DPR,,,,Partai Demokrat,7,"75,467",,,,,,,,,,,,,,,,
2014,Kalimantan Tengah,1,DPR,,,,Partai Amanat Nasional ,8,"84,259",1,,,,,,,,,,,,,,,
2014,Kalimantan Tengah,1,DPR,,,,Partai Persatuan Pembangunan ,9,"79,756",,,,,,,,,,,,,,,,
2014,Kalimantan Tengah,1,DPR,,,,Partai Hati Nurani Rakyat ,10,"50,941",,,,,,,,,,,,,,,,
2014,Kalimantan Tengah,1,DPR,,,,Partai Bulan Bintang ,14,"15,431",,,,,,,,,,,,,,,,
2014,Kalimantan Tengah,1,DPR,,,,Partai Keadilan dan Persatuan Indonesia,15,"18,640",,,,,,,,,,,,,,,,
2014,Kalimantan Timur,1,DPR,"2,847,865","1,798,439",259711,,,,,,,,,,,,,,,,,,,
2014,Kalimantan Timur,1,DPR,,,,Partai Nasional Demokrat,1,"117,117",1,,,,,,,,,,,,,,,
2014,Kalimantan Timur,1,DPR,,,,Partai Kebangkitan Bangsa,2,"84,147",,,,,,,,,,,,,,,,
2014,Kalimantan Timur,1,DPR,,,,Partai Keadilan Sejahtera ,3,"144,705",1,,,,,,,,,,,,,,,
2014,Kalimantan Timur,1,DPR,,,,Partai Demokrasi Indonesia Perjuangan ,4,"312,574",1,,,,,,,,,,,,,,,
2014,Kalimantan Timur,1,DPR,,,,Partai Golongan Karya ,5,"362,238",2,,,,,,,,,,,,,,,
2014,Kalimantan Timur,1,DPR,,,,Partai Gerakan Indonesia Raya ,6,"222,472",1,,,,,,,,,,,,,,,
2014,Kalimantan Timur,1,DPR,,,,Partai Demokrat,7,"159,977",1,,,,,,,,,,,,,,,
2014,Kalimantan Timur,1,DPR,,,,Partai Amanat Nasional ,8,"96,998",,,,,,,,,,,,,,,,
2014,Kalimantan Timur,1,DPR,,,,Partai Persatuan Pembangunan ,9,"131,381",1,,,,,,,,,,,,,,,
2014,Kalimantan Timur,1,DPR,,,,Partai Hati Nurani Rakyat ,10,"98,587",,,,,,,,,,,,,,,,
2014,Kalimantan Timur,1,DPR,,,,Partai Bulan Bintang ,14,"40,586",,,,,,,,,,,,,,,,
2014,Kalimantan Timur,1,DPR,,,,Partai Keadilan dan Persatuan Indonesia,15,"27,657",,,,,,,,,,,,,,,,
2014,Kepulauan Riau,1,DPR,1278669,822336,93805,,,,,,,,,,,,,,,,,,,
2014,Kepulauan Riau,1,DPR,,,,Partai Nasional Demokrat,1,"95,848",1,,,,,,,,,,,,,,,
2014,Kepulauan Riau,1,DPR,,,,Partai Kebangkitan Bangsa,2,"28,976",,,,,,,,,,,,,,,,
2014,Kepulauan Riau,1,DPR,,,,Partai Keadilan Sejahtera ,3,"66,095",,,,,,,,,,,,,,,,
2014,Kepulauan Riau,1,DPR,,,,Partai Demokrasi Indonesia Perjuangan ,4,"132,412",1,,,,,,,,,,,,,,,
2014,Kepulauan Riau,1,DPR,,,,Partai Golongan Karya ,5,"95,354",,,,,,,,,,,,,,,,
2014,Kepulauan Riau,1,DPR,,,,Partai Gerakan Indonesia Raya ,6,"91,942",,,,,,,,,,,,,,,,
2014,Kepulauan Riau,1,DPR,,,,Partai Demokrat,7,"81,150",,,,,,,,,,,,,,,,
2014,Kepulauan Riau,1,DPR,,,,Partai Amanat Nasional ,8,"119,044",1,,,,,,,,,,,,,,,
2014,Kepulauan Riau,1,DPR,,,,Partai Persatuan Pembangunan ,9,"37,760",,,,,,,,,,,,,,,,
2014,Kepulauan Riau,1,DPR,,,,Partai Hati Nurani Rakyat ,10,"50,736",,,,,,,,,,,,,,,,
2014,Kepulauan Riau,1,DPR,,,,Partai Bulan Bintang ,14,"11,913",,,,,,,,,,,,,,,,
2014,Kepulauan Riau,1,DPR,,,,Partai Keadilan dan Persatuan Indonesia,15,"11,106",,,,,,,,,,,,,,,,
2014,Lampung,1,DPR,"2,819,409","1,927,587",227368,,,,,,,,,,,,,,,,,,,
2014,Lampung,1,DPR,,,,Partai Nasional Demokrat,1,"107,848",,,,,,,,,,,,,,,,
2014,Lampung,1,DPR,,,,Partai Kebangkitan Bangsa ,2,"136,637",1,,,,,,,,,,,,,,,
2014,Lampung,1,DPR,,,,Partai Keadilan Sejahtera ,3,"170,327",1,,,,,,,,,,,,,,,
2014,Lampung,1,DPR,,,,Partai Demokrasi Indonesia Perjuangan ,4,"363,555",2,,,,,,,,,,,,,,,
2014,Lampung,1,DPR,,,,Partai Golongan Karya ,5,"182,202",1,,,,,,,,,,,,,,,
2014,Lampung,1,DPR,,,,Partai Gerakan Indonesia Raya ,6,"208,796",1,,,,,,,,,,,,,,,
2014,Lampung,1,DPR,,,,Partai Demokrat ,7,"218,348",1,,,,,,,,,,,,,,,
2014,Lampung,1,DPR,,,,Partai Amanat Nasional,8,"276,424",1,,,,,,,,,,,,,,,
2014,Lampung,1,DPR,,,,Partai Persatuan Pembangunan ,9,"71,490",,,,,,,,,,,,,,,,
2014,Lampung,1,DPR,,,,Partai Hati Nurani Rakyat ,10,"152,407",1,,,,,,,,,,,,,,,
2014,Lampung,1,DPR,,,,Partai Bulan Bintang ,14,"26,139",,,,,,,,,,,,,,,,
2014,Lampung,1,DPR,,,,Partai Keadilan dan Persatuan Indonesia,15,"13,414",,,,,,,,,,,,,,,,
2014,Lampung,2,DPR,"3,057,805","2,131,913",187480,,,,,,,,,,,,,,,,,,,
2014,Lampung,2,DPR,,,,Partai Nasional Demokrat,1,"196,574",1,,,,,,,,,,,,,,,
2014,Lampung,2,DPR,,,,Partai Kebangkitan Bangsa ,2,"197,130",1,,,,,,,,,,,,,,,
2014,Lampung,2,DPR,,,,Partai Keadilan Sejahtera ,3,"182,644",1,,,,,,,,,,,,,,,
2014,Lampung,2,DPR,,,,Partai Demokrasi Indonesia Perjuangan ,4,"347,791",2,,,,,,,,,,,,,,,
2014,Lampung,2,DPR,,,,Partai Golongan Karya ,5,"282,116",1,,,,,,,,,,,,,,,
2014,Lampung,2,DPR,,,,Partai Gerakan Indonesia Raya ,6,"329,847",1,,,,,,,,,,,,,,,
2014,Lampung,2,DPR,,,,Partai Demokrat ,7,"252,444",1,,,,,,,,,,,,,,,
2014,Lampung,2,DPR,,,,Partai Amanat Nasional,8,"145,040",1,,,,,,,,,,,,,,,
2014,Lampung,2,DPR,,,,Partai Persatuan Pembangunan ,9,"76,615",,,,,,,,,,,,,,,,
2014,Lampung,2,DPR,,,,Partai Hati Nurani Rakyat ,10,"79,789",,,,,,,,,,,,,,,,
2014,Lampung,2,DPR,,,,Partai Bulan Bintang ,14,"19,343",,,,,,,,,,,,,,,,
2014,Lampung,2,DPR,,,,Partai Keadilan dan Persatuan Indonesia,15,"22,580",,,,,,,,,,,,,,,,
2014,Maluku,1,DPR,"1,181,065",927338,43526,,,,,,,,,,,,,,,,,,,
2014,Maluku,1,DPR,,,,Partai Nasional Demokrat,1,"107,443",,,,,,,,,,,,,,,,
2014,Maluku,1,DPR,,,,Partai Kebangkitan Bangsa,2,"113,294",1,,,,,,,,,,,,,,,
2014,Maluku,1,DPR,,,,Partai Keadilan Sejahtera ,3,"49,528",,,,,,,,,,,,,,,,
2014,Maluku,1,DPR,,,,Partai Demokrasi Indonesia Perjuangan ,4,"192,731",1,,,,,,,,,,,,,,,
2014,Maluku,1,DPR,,,,Partai Golongan Karya ,5,"162,549",1,,,,,,,,,,,,,,,
2014,Maluku,1,DPR,,,,Partai Gerakan Indonesia Raya ,6,"130,794",1,,,,,,,,,,,,,,,
2014,Maluku,1,DPR,,,,Partai Demokrat,7,"66,517",,,,,,,,,,,,,,,,
2014,Maluku,1,DPR,,,,Partai Amanat Nasional ,8,"26,473",,,,,,,,,,,,,,,,
2014,Maluku,1,DPR,,,,Partai Persatuan Pembangunan ,9,"27,702",,,,,,,,,,,,,,,,
2014,Maluku,1,DPR,,,,Partai Hati Nurani Rakyat ,10,"27,120",,,,,,,,,,,,,,,,
2014,Maluku,1,DPR,,,,Partai Bulan Bintang ,14,"8,646",,,,,,,,,,,,,,,,
2014,Maluku,1,DPR,,,,Partai Keadilan dan Persatuan Indonesia,15,"14,541",,,,,,,,,,,,,,,,
2014,Maluku Utara,1,DPR,819020,627645,53741,,,,,,,,,,,,,,,,,,,
2014,Maluku Utara,1,DPR,,,,Partai Nasional Demokrat,1,"65,357",,,,,,,,,,,,,,,,
2014,Maluku Utara,1,DPR,,,,Partai Kebangkitan Bangsa,2,"22,655",,,,,,,,,,,,,,,,
2014,Maluku Utara,1,DPR,,,,Partai Keadilan Sejahtera ,3,"71,757",,,,,,,,,,,,,,,,
2014,Maluku Utara,1,DPR,,,,Partai Demokrasi Indonesia Perjuangan ,4,"122,504",1,,,,,,,,,,,,,,,
2014,Maluku Utara,1,DPR,,,,Partai Golongan Karya ,5,"85,413",1,,,,,,,,,,,,,,,
2014,Maluku Utara,1,DPR,,,,Partai Gerakan Indonesia Raya ,6,"45,594",,,,,,,,,,,,,,,,
2014,Maluku Utara,1,DPR,,,,Partai Demokrat,7,"50,587",,,,,,,,,,,,,,,,
2014,Maluku Utara,1,DPR,,,,Partai Amanat Nasional ,8,"77,099",1,,,,,,,,,,,,,,,
2014,Maluku Utara,1,DPR,,,,Partai Persatuan Pembangunan ,9,"20,000",,,,,,,,,,,,,,,,
2014,Maluku Utara,1,DPR,,,,Partai Hati Nurani Rakyat ,10,"23,345",,,,,,,,,,,,,,,,
2014,Maluku Utara,1,DPR,,,,Partai Bulan Bintang ,14,"30,180",,,,,,,,,,,,,,,,
2014,Maluku Utara,1,DPR,,,,Partai Keadilan dan Persatuan Indonesia,15,"13,154",,,,,,,,,,,,,,,,
2014,Nusa Tenggara Barat,1,DPR,"3,468,251","2,412,489",347593,,,,,,,,,,,,,,,,,,,
2014,Nusa Tenggara Barat,1,DPR,,,,Partai Nasional Demokrat,1,"154,981",1,,,,,,,,,,,,,,,
2014,Nusa Tenggara Barat,1,DPR,,,,Partai Kebangkitan Bangsa,2,"182,320",1,,,,,,,,,,,,,,,
2014,Nusa Tenggara Barat,1,DPR,,,,Partai Keadilan Sejahtera ,3,"253,870",1,,,,,,,,,,,,,,,
2014,Nusa Tenggara Barat,1,DPR,,,,Partai Demokrasi Indonesia Perjuangan ,4,"189,569",1,,,,,,,,,,,,,,,
2014,Nusa Tenggara Barat,1,DPR,,,,Partai Golongan Karya ,5,"333,282",1,,,,,,,,,,,,,,,
2014,Nusa Tenggara Barat,1,DPR,,,,Partai Gerakan Indonesia Raya ,6,"263,621",1,,,,,,,,,,,,,,,
2014,Nusa Tenggara Barat,1,DPR,,,,Partai Demokrat,7,"318,713",1,,,,,,,,,,,,,,,
2014,Nusa Tenggara Barat,1,DPR,,,,Partai Amanat Nasional ,8,"196,074",1,,,,,,,,,,,,,,,
2014,Nusa Tenggara Barat,1,DPR,,,,Partai Persatuan Pembangunan ,9,"172,421",1,,,,,,,,,,,,,,,
2014,Nusa Tenggara Barat,1,DPR,,,,Partai Hati Nurani Rakyat ,10,"222,410",1,,,,,,,,,,,,,,,
2014,Nusa Tenggara Barat,1,DPR,,,,Partai Bulan Bintang ,14,"83,768",,,,,,,,,,,,,,,,
2014,Nusa Tenggara Barat,1,DPR,,,,Partai Keadilan dan Persatuan Indonesia,15,"41,460",,,,,,,,,,,,,,,,
2014,Nusa Tenggara Timur,1,DPR,"1,371,486","1,098,431",43848,,,,,,,,,,,,,,,,,,,
2014,Nusa Tenggara Timur,1,DPR,,,,Partai Nasional Demokrat,1,"84,815",1,,,,,,,,,,,,,,,
2014,Nusa Tenggara Timur,1,DPR,,,,Partai Kebangkitan Bangsa ,2,"77,683",,,,,,,,,,,,,,,,
2014,Nusa Tenggara Timur,1,DPR,,,,Partai Keadilan Sejahtera ,3,"43,761",,,,,,,,,,,,,,,,
2014,Nusa Tenggara Timur,1,DPR,,,,Partai Demokrasi Indonesia Perjuangan ,4,"181,859",1,,,,,,,,,,,,,,,
2014,Nusa Tenggara Timur,1,DPR,,,,Partai Golongan Karya ,5,"218,845",1,,,,,,,,,,,,,,,
2014,Nusa Tenggara Timur,1,DPR,,,,Partai Gerakan Indonesia Raya ,6,"114,910",1,,,,,,,,,,,,,,,
2014,Nusa Tenggara Timur,1,DPR,,,,Partai Demokrat ,7,"115,315",1,,,,,,,,,,,,,,,
2014,Nusa Tenggara Timur,1,DPR,,,,Partai Amanat Nasional,8,"147,298",1,,,,,,,,,,,,,,,
2014,Nusa Tenggara Timur,1,DPR,,,,Partai Persatuan Pembangunan ,9,"21,575",,,,,,,,,,,,,,,,
2014,Nusa Tenggara Timur,1,DPR,,,,Partai Hati Nurani Rakyat ,10,"46,151",,,,,,,,,,,,,,,,
2014,Nusa Tenggara Timur,1,DPR,,,,Partai Bulan Bintang ,14,"19,141",,,,,,,,,,,,,,,,
2014,Nusa Tenggara Timur,1,DPR,,,,Partai Keadilan dan Persatuan Indonesia,15,"27,078",,,,,,,,,,,,,,,,
2014,Nusa Tenggara Timur,2,DPR,"1,723,502","1,256,730",72967,,,,,,,,,,,,,,,,,,,
2014,Nusa Tenggara Timur,2,DPR,,,,Partai Nasional Demokrat,1,"186,149",1,,,,,,,,,,,,,,,
2014,Nusa Tenggara Timur,2,DPR,,,,Partai Kebangkitan Bangsa ,2,"53,242",,,,,,,,,,,,,,,,
2014,Nusa Tenggara Timur,2,DPR,,,,Partai Keadilan Sejahtera ,3,"18,238",,,,,,,,,,,,,,,,
2014,Nusa Tenggara Timur,2,DPR,,,,Partai Demokrasi Indonesia Perjuangan ,4,"221,962",1,,,,,,,,,,,,,,,
2014,Nusa Tenggara Timur,2,DPR,,,,Partai Golongan Karya ,5,"233,351",2,,,,,,,,,,,,,,,
2014,Nusa Tenggara Timur,2,DPR,,,,Partai Gerakan Indonesia Raya ,6,"119,019",1,,,,,,,,,,,,,,,
2014,Nusa Tenggara Timur,2,DPR,,,,Partai Demokrat ,7,"200,695",1,,,,,,,,,,,,,,,
2014,Nusa Tenggara Timur,2,DPR,,,,Partai Amanat Nasional,8,"58,607",,,,,,,,,,,,,,,,
2014,Nusa Tenggara Timur,2,DPR,,,,Partai Persatuan Pembangunan ,9,"8,700",,,,,,,,,,,,,,,,
2014,Nusa Tenggara Timur,2,DPR,,,,Partai Hati Nurani Rakyat ,10,"102,104",1,,,,,,,,,,,,,,,
2014,Nusa Tenggara Timur,2,DPR,,,,Partai Bulan Bintang ,14,"21,768",,,,,,,,,,,,,,,,
2014,Nusa Tenggara Timur,2,DPR,,,,Partai Keadilan dan Persatuan Indonesia,15,"32,895",,,,,,,,,,,,,,,,
2014,Papua,1,DPR,3198372,2949189,83748,,,,,,,,,,,,,,,,,,,
2014,Papua,1,DPR,,,,Partai Nasional Demokrat,1,"298,176",1,,,,,,,,,,,,,,,
2014,Papua,1,DPR,,,,Partai Kebangkitan Bangsa,2,"251,772",1,,,,,,,,,,,,,,,
2014,Papua,1,DPR,,,,Partai Keadilan Sejahtera ,3,"159,653",1,,,,,,,,,,,,,,,
2014,Papua,1,DPR,,,,Partai Demokrasi Indonesia Perjuangan ,4,"491,591",2,,,,,,,,,,,,,,,
2014,Papua,1,DPR,,,,Partai Golongan Karya ,5,"257,767",1,,,,,,,,,,,,,,,
2014,Papua,1,DPR,,,,Partai Gerakan Indonesia Raya ,6,"303,396",1,,,,,,,,,,,,,,,
2014,Papua,1,DPR,,,,Partai Demokrat,7,"700,150",2,,,,,,,,,,,,,,,
2014,Papua,1,DPR,,,,Partai Amanat Nasional ,8,"193,145",1,,,,,,,,,,,,,,,
2014,Papua,1,DPR,,,,Partai Persatuan Pembangunan ,9,"105,766",,,,,,,,,,,,,,,,
2014,Papua,1,DPR,,,,Partai Hati Nurani Rakyat ,10,"135,257",,,,,,,,,,,,,,,,
2014,Papua,1,DPR,,,,Partai Bulan Bintang ,14,"16,265",,,,,,,,,,,,,,,,
2014,Papua,1,DPR,,,,Partai Keadilan dan Persatuan Indonesia,15,"50,342",,,,,,,,,,,,,,,,
2014,Papua Barat,1,DPR,709101,573725,30829,,,,,,,,,,,,,,,,,,,
2014,Papua Barat,1,DPR,,,,Partai Nasional Demokrat,1,"27,401",,,,,,,,,,,,,,,,
2014,Papua Barat,1,DPR,,,,Partai Kebangkitan Bangsa,2,"18,174",,,,,,,,,,,,,,,,
2014,Papua Barat,1,DPR,,,,Partai Keadilan Sejahtera ,3,"13,961",,,,,,,,,,,,,,,,
2014,Papua Barat,1,DPR,,,,Partai Demokrasi Indonesia Perjuangan ,4,"89,334",1,,,,,,,,,,,,,,,
2014,Papua Barat,1,DPR,,,,Partai Golongan Karya ,5,"160,242",1,,,,,,,,,,,,,,,
2014,Papua Barat,1,DPR,,,,Partai Gerakan Indonesia Raya ,6,"30,175",,,,,,,,,,,,,,,,
2014,Papua Barat,1,DPR,,,,Partai Demokrat,7,"143,869",1,,,,,,,,,,,,,,,
2014,Papua Barat,1,DPR,,,,Partai Amanat Nasional ,8,"45,242",,,,,,,,,,,,,,,,
2014,Papua Barat,1,DPR,,,,Partai Persatuan Pembangunan ,9,"11,325",,,,,,,,,,,,,,,,
2014,Papua Barat,1,DPR,,,,Partai Hati Nurani Rakyat ,10,"17,430",,,,,,,,,,,,,,,,
2014,Papua Barat,1,DPR,,,,Partai Bulan Bintang ,14,"5,812",,,,,,,,,,,,,,,,
2014,Papua Barat,1,DPR,,,,Partai Keadilan dan Persatuan Indonesia,15,"10,760",,,,,,,,,,,,,,,,
2014,Riau,1,DPR,2321634,1497856,174258,,,,,,,,,,,,,,,,,,,
2014,Riau,1,DPR,,,,Partai Nasional Demokrat,1,"102,473",,,,,,,,,,,,,,,,
2014,Riau,1,DPR,,,,Partai Kebangkitan Bangsa ,2,"115,444",,,,,,,,,,,,,,,,
2014,Riau,1,DPR,,,,Partai Keadilan Sejahtera ,3,"122,611",1,,,,,,,,,,,,,,,
2014,Riau,1,DPR,,,,Partai Demokrasi Indonesia Perjuangan ,4,"241,648",1,,,,,,,,,,,,,,,
2014,Riau,1,DPR,,,,Partai Golongan Karya ,5,"232,278",1,,,,,,,,,,,,,,,
2014,Riau,1,DPR,,,,Partai Gerakan Indonesia Raya ,6,"145,252",1,,,,,,,,,,,,,,,
2014,Riau,1,DPR,,,,Partai Demokrat ,7,"140,856",1,,,,,,,,,,,,,,,
2014,Riau,1,DPR,,,,Partai Amanat Nasional,8,"193,454",1,,,,,,,,,,,,,,,
2014,Riau,1,DPR,,,,Partai Persatuan Pembangunan ,9,"90,671",,,,,,,,,,,,,,,,
2014,Riau,1,DPR,,,,Partai Hati Nurani Rakyat ,10,"60,949",,,,,,,,,,,,,,,,
2014,Riau,1,DPR,,,,Partai Bulan Bintang ,14,"37,870",,,,,,,,,,,,,,,,
2014,Riau,1,DPR,,,,Partai Keadilan dan Persatuan Indonesia,15,"14,350",,,,,,,,,,,,,,,,
2014,Riau,2,DPR,1757879,1171544,127579,,,,,,,,,,,,,,,,,,,
2014,Riau,2,DPR,,,,Partai Nasional Demokrat,1,"63,381",,,,,,,,,,,,,,,,
2014,Riau,2,DPR,,,,Partai Kebangkitan Bangsa ,2,"101,398",1,,,,,,,,,,,,,,,
2014,Riau,2,DPR,,,,Partai Keadilan Sejahtera ,3,"67,392",,,,,,,,,,,,,,,,
2014,Riau,2,DPR,,,,Partai Demokrasi Indonesia Perjuangan ,4,"132,839",1,,,,,,,,,,,,,,,
2014,Riau,2,DPR,,,,Partai Golongan Karya ,5,"312,708",1,,,,,,,,,,,,,,,
2014,Riau,2,DPR,,,,Partai Gerakan Indonesia Raya ,6,"114,822",1,,,,,,,,,,,,,,,
2014,Riau,2,DPR,,,,Partai Demokrat ,7,"120,348",1,,,,,,,,,,,,,,,
2014,Riau,2,DPR,,,,Partai Amanat Nasional,8,"73,276",,,,,,,,,,,,,,,,
2014,Riau,2,DPR,,,,Partai Persatuan Pembangunan ,9,"96,530",,,,,,,,,,,,,,,,
2014,Riau,2,DPR,,,,Partai Hati Nurani Rakyat ,10,"51,757",,,,,,,,,,,,,,,,
2014,Riau,2,DPR,,,,Partai Bulan Bintang ,14,"24,399",,,,,,,,,,,,,,,,
2014,Riau,2,DPR,,,,Partai Keadilan dan Persatuan Indonesia,15,"12,978",,,,,,,,,,,,,,,,
2014,Sulawesi Barat,1,DPR,871684,659966,48656,,,,,,,,,,,,,,,,,,,
2014,Sulawesi Barat,1,DPR,,,,Partai Nasional Demokrat,1,"33,587",,,,,,,,,,,,,,,,
2014,Sulawesi Barat,1,DPR,,,,Partai Kebangkitan Bangsa,2,"50,166",,,,,,,,,,,,,,,,
2014,Sulawesi Barat,1,DPR,,,,Partai Keadilan Sejahtera ,3,"21,261",,,,,,,,,,,,,,,,
2014,Sulawesi Barat,1,DPR,,,,Partai Demokrasi Indonesia Perjuangan ,4,"41,678",,,,,,,,,,,,,,,,
2014,Sulawesi Barat,1,DPR,,,,Partai Golongan Karya ,5,"123,048",1,,,,,,,,,,,,,,,
2014,Sulawesi Barat,1,DPR,,,,Partai Gerakan Indonesia Raya ,6,"98,461",1,,,,,,,,,,,,,,,
2014,Sulawesi Barat,1,DPR,,,,Partai Demokrat,7,"119,801",1,,,,,,,,,,,,,,,
2014,Sulawesi Barat,1,DPR,,,,Partai Amanat Nasional ,8,"93,977",,,,,,,,,,,,,,,,
2014,Sulawesi Barat,1,DPR,,,,Partai Persatuan Pembangunan ,9,"35,619",,,,,,,,,,,,,,,,
2014,Sulawesi Barat,1,DPR,,,,Partai Hati Nurani Rakyat ,10,"22,253",,,,,,,,,,,,,,,,
2014,Sulawesi Barat,1,DPR,,,,Partai Bulan Bintang ,14,"6,292",,,,,,,,,,,,,,,,
2014,Sulawesi Barat,1,DPR,,,,Partai Keadilan dan Persatuan Indonesia,15,"13,823",,,,,,,,,,,,,,,,
2014,Sulawesi Selatan,1,DPR,"2,214,175","1,454,596",150312,,,,,,,,,,,,,,,,,,,
2014,Sulawesi Selatan,1,DPR,,,,Partai Nasional Demokrat,1,"99,135",,,,,,,,,,,,,,,,
2014,Sulawesi Selatan,1,DPR,,,,Partai Kebangkitan Bangsa,2,"46,444",,,,,,,,,,,,,,,,
2014,Sulawesi Selatan,1,DPR,,,,Partai Keadilan Sejahtera ,3,"147,115",1,,,,,,,,,,,,,,,
2014,Sulawesi Selatan,1,DPR,,,,Partai Demokrasi Indonesia Perjuangan ,4,"103,141",1,,,,,,,,,,,,,,,
2014,Sulawesi Selatan,1,DPR,,,,Partai Golongan Karya ,5,"205,288",1,,,,,,,,,,,,,,,
2014,Sulawesi Selatan,1,DPR,,,,Partai Gerakan Indonesia Raya ,6,"184,859",1,,,,,,,,,,,,,,,
2014,Sulawesi Selatan,1,DPR,,,,Partai Demokrat,7,"199,652",1,,,,,,,,,,,,,,,
2014,Sulawesi Selatan,1,DPR,,,,Partai Amanat Nasional ,8,"163,965",1,,,,,,,,,,,,,,,
2014,Sulawesi Selatan,1,DPR,,,,Partai Persatuan Pembangunan ,9,"123,091",1,,,,,,,,,,,,,,,
2014,Sulawesi Selatan,1,DPR,,,,Partai Hati Nurani Rakyat ,10,"113,526",1,,,,,,,,,,,,,,,
2014,Sulawesi Selatan,1,DPR,,,,Partai Bulan Bintang ,14,"15,364",,,,,,,,,,,,,,,,
2014,Sulawesi Selatan,1,DPR,,,,Partai Keadilan dan Persatuan Indonesia,15,"53,016",,,,,,,,,,,,,,,,
2014,Sulawesi Selatan,2,DPR,"2,267,677","1,623,915",102361,,,,,,,,,,,,,,,,,,,
2014,Sulawesi Selatan,2,DPR,,,,Partai Nasional Demokrat,1,"113,286",1,,,,,,,,,,,,,,,
2014,Sulawesi Selatan,2,DPR,,,,Partai Kebangkitan Bangsa,2,"70,266",,,,,,,,,,,,,,,,
2014,Sulawesi Selatan,2,DPR,,,,Partai Keadilan Sejahtera ,3,"107,095",1,,,,,,,,,,,,,,,
2014,Sulawesi Selatan,2,DPR,,,,Partai Demokrasi Indonesia Perjuangan ,4,"112,263",1,,,,,,,,,,,,,,,
2014,Sulawesi Selatan,2,DPR,,,,Partai Golongan Karya ,5,"373,964",2,,,,,,,,,,,,,,,
2014,Sulawesi Selatan,2,DPR,,,,Partai Gerakan Indonesia Raya ,6,"271,072",1,,,,,,,,,,,,,,,
2014,Sulawesi Selatan,2,DPR,,,,Partai Demokrat,7,"180,747",1,,,,,,,,,,,,,,,
2014,Sulawesi Selatan,2,DPR,,,,Partai Amanat Nasional ,8,"135,876",1,,,,,,,,,,,,,,,
2014,Sulawesi Selatan,2,DPR,,,,Partai Persatuan Pembangunan ,9,"137,320",1,,,,,,,,,,,,,,,
2014,Sulawesi Selatan,2,DPR,,,,Partai Hati Nurani Rakyat ,10,"90,172",,,,,,,,,,,,,,,,
2014,Sulawesi Selatan,2,DPR,,,,Partai Bulan Bintang ,14,"22,683",,,,,,,,,,,,,,,,
2014,Sulawesi Selatan,2,DPR,,,,Partai Keadilan dan Persatuan Indonesia,15,"9,171",,,,,,,,,,,,,,,,
2014,Sulawesi Selatan,3,DPR,"1,777,189","1,325,654",61792,,,,,,,,,,,,,,,,,,,
2014,Sulawesi Selatan,3,DPR,,,,Partai Nasional Demokrat,1,"104,000",1,,,,,,,,,,,,,,,
2014,Sulawesi Selatan,3,DPR,,,,Partai Kebangkitan Bangsa,2,"52,120",,,,,,,,,,,,,,,,
2014,Sulawesi Selatan,3,DPR,,,,Partai Keadilan Sejahtera ,3,"84,756",,,,,,,,,,,,,,,,
2014,Sulawesi Selatan,3,DPR,,,,Partai Demokrasi Indonesia Perjuangan ,4,"98,111",,,,,,,,,,,,,,,,
2014,Sulawesi Selatan,3,DPR,,,,Partai Golongan Karya ,5,"305,589",2,,,,,,,,,,,,,,,
2014,Sulawesi Selatan,3,DPR,,,,Partai Gerakan Indonesia Raya ,6,"204,331",1,,,,,,,,,,,,,,,
2014,Sulawesi Selatan,3,DPR,,,,Partai Demokrat,7,"109,506",1,,,,,,,,,,,,,,,
2014,Sulawesi Selatan,3,DPR,,,,Partai Amanat Nasional ,8,"107,039",1,,,,,,,,,,,,,,,
2014,Sulawesi Selatan,3,DPR,,,,Partai Persatuan Pembangunan ,9,"127,373",1,,,,,,,,,,,,,,,
2014,Sulawesi Selatan,3,DPR,,,,Partai Hati Nurani Rakyat ,10,"83,026",,,,,,,,,,,,,,,,
2014,Sulawesi Selatan,3,DPR,,,,Partai Bulan Bintang ,14,"19,613",,,,,,,,,,,,,,,,
2014,Sulawesi Selatan,3,DPR,,,,Partai Keadilan dan Persatuan Indonesia,15,"30,190",,,,,,,,,,,,,,,,
2014,Sulawesi Tengah,1,DPR,"1,901,790",1424748,72614,,,,,,,,,,,,,,,,,,,
2014,Sulawesi Tengah,1,DPR,,,,Partai Nasional Demokrat,1,"171,289",1,,,,,,,,,,,,,,,
2014,Sulawesi Tengah,1,DPR,,,,Partai Kebangkitan Bangsa,2,"71,783",,,,,,,,,,,,,,,,
2014,Sulawesi Tengah,1,DPR,,,,Partai Keadilan Sejahtera ,3,"83,990",,,,,,,,,,,,,,,,
2014,Sulawesi Tengah,1,DPR,,,,Partai Demokrasi Indonesia Perjuangan ,4,"143,106",1,,,,,,,,,,,,,,,
2014,Sulawesi Tengah,1,DPR,,,,Partai Golongan Karya ,5,"274,610",1,,,,,,,,,,,,,,,
2014,Sulawesi Tengah,1,DPR,,,,Partai Gerakan Indonesia Raya ,6,"182,217",1,,,,,,,,,,,,,,,
2014,Sulawesi Tengah,1,DPR,,,,Partai Demokrat,7,"174,006",1,,,,,,,,,,,,,,,
2014,Sulawesi Tengah,1,DPR,,,,Partai Amanat Nasional ,8,"97,049",,,,,,,,,,,,,,,,
2014,Sulawesi Tengah,1,DPR,,,,Partai Persatuan Pembangunan ,9,"52,099",,,,,,,,,,,,,,,,
2014,Sulawesi Tengah,1,DPR,,,,Partai Hati Nurani Rakyat ,10,"123,646",1,,,,,,,,,,,,,,,
2014,Sulawesi Tengah,1,DPR,,,,Partai Bulan Bintang ,14,"26,087",,,,,,,,,,,,,,,,
2014,Sulawesi Tengah,1,DPR,,,,Partai Keadilan dan Persatuan Indonesia,15,"24,866",,,,,,,,,,,,,,,,
2014,Sulawesi Tenggara,1,DPR,"1,767,004","1,180,733",140514,,,,,,,,,,,,,,,,,,,
2014,Sulawesi Tenggara,1,DPR,,,,Partai Nasional Demokrat,1,"90,363",,,,,,,,,,,,,,,,
2014,Sulawesi Tenggara,1,DPR,,,,Partai Kebangkitan Bangsa,2,"58,772",,,,,,,,,,,,,,,,
2014,Sulawesi Tenggara,1,DPR,,,,Partai Keadilan Sejahtera ,3,"60,177",,,,,,,,,,,,,,,,
2014,Sulawesi Tenggara,1,DPR,,,,Partai Demokrasi Indonesia Perjuangan ,4,"97,056",,,,,,,,,,,,,,,,
2014,Sulawesi Tenggara,1,DPR,,,,Partai Golongan Karya ,5,"178,294",1,,,,,,,,,,,,,,,
2014,Sulawesi Tenggara,1,DPR,,,,Partai Gerakan Indonesia Raya ,6,"123,957",1,,,,,,,,,,,,,,,
2014,Sulawesi Tenggara,1,DPR,,,,Partai Demokrat,7,"126,764",1,,,,,,,,,,,,,,,
2014,Sulawesi Tenggara,1,DPR,,,,Partai Amanat Nasional ,8,"271,231",1,,,,,,,,,,,,,,,
2014,Sulawesi Tenggara,1,DPR,,,,Partai Persatuan Pembangunan ,9,"99,140",1,,,,,,,,,,,,,,,
2014,Sulawesi Tenggara,1,DPR,,,,Partai Hati Nurani Rakyat ,10,"40,315",,,,,,,,,,,,,,,,
2014,Sulawesi Tenggara,1,DPR,,,,Partai Bulan Bintang ,14,"26,699",,,,,,,,,,,,,,,,
2014,Sulawesi Tenggara,1,DPR,,,,Partai Keadilan dan Persatuan Indonesia,15,"7,965",,,,,,,,,,,,,,,,
2014,Sulawesi Utara,1,DPR,"1,859,315","1,409,946",92335,,,,,,,,,,,,,,,,,,,
2014,Sulawesi Utara,1,DPR,,,,Partai Nasional Demokrat,1,"69,628",,,,,,,,,,,,,,,,
2014,Sulawesi Utara,1,DPR,,,,Partai Kebangkitan Bangsa,2,"23,930",,,,,,,,,,,,,,,,
2014,Sulawesi Utara,1,DPR,,,,Partai Keadilan Sejahtera ,3,"41,434",,,,,,,,,,,,,,,,
2014,Sulawesi Utara,1,DPR,,,,Partai Demokrasi Indonesia Perjuangan ,4,"449,675",2,,,,,,,,,,,,,,,
2014,Sulawesi Utara,1,DPR,,,,Partai Golongan Karya ,5,"217,265",1,,,,,,,,,,,,,,,
2014,Sulawesi Utara,1,DPR,,,,Partai Gerakan Indonesia Raya ,6,"146,007",1,,,,,,,,,,,,,,,
2014,Sulawesi Utara,1,DPR,,,,Partai Demokrat,7,"163,775",1,,,,,,,,,,,,,,,
2014,Sulawesi Utara,1,DPR,,,,Partai Amanat Nasional ,8,"150,989",1,,,,,,,,,,,,,,,
2014,Sulawesi Utara,1,DPR,,,,Partai Persatuan Pembangunan ,9,"31,601",,,,,,,,,,,,,,,,
2014,Sulawesi Utara,1,DPR,,,,Partai Hati Nurani Rakyat ,10,"91,875",,,,,,,,,,,,,,,,
2014,Sulawesi Utara,1,DPR,,,,Partai Bulan Bintang ,14,"8,652",,,,,,,,,,,,,,,,
2014,Sulawesi Utara,1,DPR,,,,Partai Keadilan dan Persatuan Indonesia,15,"15,115",,,,,,,,,,,,,,,,
2014,Sumatera Barat,1,DPR,"2,052,014","1,344,720",86532,,,,,,,,,,,,,,,,,,,
2014,Sumatera Barat,1,DPR,,,,Partai Nasional Demokrat,1,"136,060",1,,,,,,,,,,,,,,,
2014,Sumatera Barat,1,DPR,,,,Partai Kebangkitan Bangsa,2,"40,408",,,,,,,,,,,,,,,,
2014,Sumatera Barat,1,DPR,,,,Partai Keadilan Sejahtera ,3,"111,750",1,,,,,,,,,,,,,,,
2014,Sumatera Barat,1,DPR,,,,Partai Demokrasi Indonesia Perjuangan ,4,"103,069",1,,,,,,,,,,,,,,,
2014,Sumatera Barat,1,DPR,,,,Partai Golongan Karya ,5,"251,511",1,,,,,,,,,,,,,,,
2014,Sumatera Barat,1,DPR,,,,Partai Gerakan Indonesia Raya ,6,"153,689",1,,,,,,,,,,,,,,,
2014,Sumatera Barat,1,DPR,,,,Partai Demokrat,7,"143,703",1,,,,,,,,,,,,,,,
2014,Sumatera Barat,1,DPR,,,,Partai Amanat Nasional ,8,"150,297",1,,,,,,,,,,,,,,,
2014,Sumatera Barat,1,DPR,,,,Partai Persatuan Pembangunan ,9,"114,123",1,,,,,,,,,,,,,,,
2014,Sumatera Barat,1,DPR,,,,Partai Hati Nurani Rakyat ,10,"84,626",,,,,,,,,,,,,,,,
2014,Sumatera Barat,1,DPR,,,,Partai Bulan Bintang ,14,"37,304",,,,,,,,,,,,,,,,
2014,Sumatera Barat,1,DPR,,,,Partai Keadilan dan Persatuan Indonesia,15,"18,180",,,,,,,,,,,,,,,,
2014,Sumatera Barat,2,DPR,"1,570,451","1,060,619",72399,,,,,,,,,,,,,,,,,,,
2014,Sumatera Barat,2,DPR,,,,Partai Nasional Demokrat,1,"78,433",,,,,,,,,,,,,,,,
2014,Sumatera Barat,2,DPR,,,,Partai Kebangkitan Bangsa,2,"47,962",,,,,,,,,,,,,,,,
2014,Sumatera Barat,2,DPR,,,,Partai Keadilan Sejahtera ,3,"94,010",1,,,,,,,,,,,,,,,
2014,Sumatera Barat,2,DPR,,,,Partai Demokrasi Indonesia Perjuangan ,4,"80,996",1,,,,,,,,,,,,,,,
2014,Sumatera Barat,2,DPR,,,,Partai Golongan Karya ,5,"151,738",1,,,,,,,,,,,,,,,
2014,Sumatera Barat,2,DPR,,,,Partai Gerakan Indonesia Raya ,6,"194,591",1,,,,,,,,,,,,,,,
2014,Sumatera Barat,2,DPR,,,,Partai Demokrat,7,"158,528",1,,,,,,,,,,,,,,,
2014,Sumatera Barat,2,DPR,,,,Partai Amanat Nasional ,8,"76,351",,,,,,,,,,,,,,,,
2014,Sumatera Barat,2,DPR,,,,Partai Persatuan Pembangunan ,9,"92,173",1,,,,,,,,,,,,,,,
2014,Sumatera Barat,2,DPR,,,,Partai Hati Nurani Rakyat ,10,"51,522",,,,,,,,,,,,,,,,
2014,Sumatera Barat,2,DPR,,,,Partai Bulan Bintang ,14,"28,389",,,,,,,,,,,,,,,,
2014,Sumatera Barat,2,DPR,,,,Partai Keadilan dan Persatuan Indonesia,15,"5,926",,,,,,,,,,,,,,,,
2014,Sumatera Selatan,1,DPR,"2,717,480","1,775,835",271720,,,,,,,,,,,,,,,,,,,
2014,Sumatera Selatan,1,DPR,,,,Partai Nasional Demokrat,1,"101,481",,,,,,,,,,,,,,,,
2014,Sumatera Selatan,1,DPR,,,,Partai Kebangkitan Bangsa,2,"93,615",,,,,,,,,,,,,,,,
2014,Sumatera Selatan,1,DPR,,,,Partai Keadilan Sejahtera ,3,"107,319",1,,,,,,,,,,,,,,,
2014,Sumatera Selatan,1,DPR,,,,Partai Demokrasi Indonesia Perjuangan ,4,"292,999",1,,,,,,,,,,,,,,,
2014,Sumatera Selatan,1,DPR,,,,Partai Golongan Karya ,5,"382,985",2,,,,,,,,,,,,,,,
2014,Sumatera Selatan,1,DPR,,,,Partai Gerakan Indonesia Raya ,6,"229,436",1,,,,,,,,,,,,,,,
2014,Sumatera Selatan,1,DPR,,,,Partai Demokrat,7,"160,683",1,,,,,,,,,,,,,,,
2014,Sumatera Selatan,1,DPR,,,,Partai Amanat Nasional ,8,"163,175",1,,,,,,,,,,,,,,,
2014,Sumatera Selatan,1,DPR,,,,Partai Persatuan Pembangunan ,9,"82,937",,,,,,,,,,,,,,,,
2014,Sumatera Selatan,1,DPR,,,,Partai Hati Nurani Rakyat ,10,"103,787",1,,,,,,,,,,,,,,,
2014,Sumatera Selatan,1,DPR,,,,Partai Bulan Bintang ,14,"36,704",,,,,,,,,,,,,,,,
2014,Sumatera Selatan,1,DPR,,,,Partai Keadilan dan Persatuan Indonesia,15,"20,714",,,,,,,,,,,,,,,,
2014,Sumatera Selatan,2,DPR,"3,046,766","2,167,024",308446,,,,,,,,,,,,,,,,,,,
2014,Sumatera Selatan,2,DPR,,,,Partai Nasional Demokrat,1,"175,923",1,,,,,,,,,,,,,,,
2014,Sumatera Selatan,2,DPR,,,,Partai Kebangkitan Bangsa,2,"185,673",1,,,,,,,,,,,,,,,
2014,Sumatera Selatan,2,DPR,,,,Partai Keadilan Sejahtera ,3,"135,197",1,,,,,,,,,,,,,,,
2014,Sumatera Selatan,2,DPR,,,,Partai Demokrasi Indonesia Perjuangan ,4,"399,848",2,,,,,,,,,,,,,,,
2014,Sumatera Selatan,2,DPR,,,,Partai Golongan Karya ,5,"277,947",1,,,,,,,,,,,,,,,
2014,Sumatera Selatan,2,DPR,,,,Partai Gerakan Indonesia Raya ,6,"275,950",1,,,,,,,,,,,,,,,
2014,Sumatera Selatan,2,DPR,,,,Partai Demokrat,7,"235,682",1,,,,,,,,,,,,,,,
2014,Sumatera Selatan,2,DPR,,,,Partai Amanat Nasional ,8,"170,275",1,,,,,,,,,,,,,,,
2014,Sumatera Selatan,2,DPR,,,,Partai Persatuan Pembangunan ,9,"85,825",,,,,,,,,,,,,,,,
2014,Sumatera Selatan,2,DPR,,,,Partai Hati Nurani Rakyat ,10,"112,766",,,,,,,,,,,,,,,,
2014,Sumatera Selatan,2,DPR,,,,Partai Bulan Bintang ,14,"87,432",,,,,,,,,,,,,,,,
2014,Sumatera Selatan,2,DPR,,,,Partai Keadilan dan Persatuan Indonesia,15,"24,506",,,,,,,,,,,,,,,,
2014,Sumatera Utara,1,DPR,"3,626,000","1,907,627",211256,,,,,,,,,,,,,,,,,,,
2014,Sumatera Utara,1,DPR,,,,Partai Nasional Demokrat,1,"103,289",1,,,,,,,,,,,,,,,
2014,Sumatera Utara,1,DPR,,,,Partai Kebangkitan Bangsa,2,"73,293",,,,,,,,,,,,,,,,
2014,Sumatera Utara,1,DPR,,,,Partai Keadilan Sejahtera ,3,"206,247",1,,,,,,,,,,,,,,,
2014,Sumatera Utara,1,DPR,,,,Partai Demokrasi Indonesia Perjuangan ,4,"363,024",2,,,,,,,,,,,,,,,
2014,Sumatera Utara,1,DPR,,,,Partai Golongan Karya ,5,"265,125",1,,,,,,,,,,,,,,,
2014,Sumatera Utara,1,DPR,,,,Partai Gerakan Indonesia Raya ,6,"207,398",1,,,,,,,,,,,,,,,
2014,Sumatera Utara,1,DPR,,,,Partai Demokrat,7,"201,404",1,,,,,,,,,,,,,,,
2014,Sumatera Utara,1,DPR,,,,Partai Amanat Nasional ,8,"146,803",1,,,,,,,,,,,,,,,
2014,Sumatera Utara,1,DPR,,,,Partai Persatuan Pembangunan ,9,"113,622",1,,,,,,,,,,,,,,,
2014,Sumatera Utara,1,DPR,,,,Partai Hati Nurani Rakyat ,10,"140,224",1,,,,,,,,,,,,,,,
2014,Sumatera Utara,1,DPR,,,,Partai Bulan Bintang ,14,"42,961",,,,,,,,,,,,,,,,
2014,Sumatera Utara,1,DPR,,,,Partai Keadilan dan Persatuan Indonesia,15,"44,237",,,,,,,,,,,,,,,,
2014,Sumatera Utara,2,DPR,3045012,2221817,238375,,,,,,,,,,,,,,,,,,,
2014,Sumatera Utara,2,DPR,,,,Partai Nasional Demokrat,1,"193,191",1,,,,,,,,,,,,,,,
2014,Sumatera Utara,2,DPR,,,,Partai Kebangkitan Bangsa,2,"121,679",1,,,,,,,,,,,,,,,
2014,Sumatera Utara,2,DPR,,,,Partai Keadilan Sejahtera ,3,"114,424",1,,,,,,,,,,,,,,,
2014,Sumatera Utara,2,DPR,,,,Partai Demokrasi Indonesia Perjuangan ,4,"294,918",1,,,,,,,,,,,,,,,
2014,Sumatera Utara,2,DPR,,,,Partai Golongan Karya ,5,"271,787",1,,,,,,,,,,,,,,,
2014,Sumatera Utara,2,DPR,,,,Partai Gerakan Indonesia Raya ,6,"396,545",2,,,,,,,,,,,,,,,
2014,Sumatera Utara,2,DPR,,,,Partai Demokrat,7,"258,731",1,,,,,,,,,,,,,,,
2014,Sumatera Utara,2,DPR,,,,Partai Amanat Nasional ,8,"204,956",1,,,,,,,,,,,,,,,
2014,Sumatera Utara,2,DPR,,,,Partai Persatuan Pembangunan ,9,"92,088",,,,,,,,,,,,,,,,
2014,Sumatera Utara,2,DPR,,,,Partai Hati Nurani Rakyat ,10,"194,856",1,,,,,,,,,,,,,,,
2014,Sumatera Utara,2,DPR,,,,Partai Bulan Bintang ,14,"47,437",,,,,,,,,,,,,,,,
2014,Sumatera Utara,2,DPR,,,,Partai Keadilan dan Persatuan Indonesia,15,"31,205",,,,,,,,,,,,,,,,
2014,Sumatera Utara,3,DPR,3065720,1994915,290456,,,,,,,,,,,,,,,,,,,
2014,Sumatera Utara,3,DPR,,,,Partai Nasional Demokrat,1,"115,968",1,,,,,,,,,,,,,,,
2014,Sumatera Utara,3,DPR,,,,Partai Kebangkitan Bangsa,2,"60,086",,,,,,,,,,,,,,,,
2014,Sumatera Utara,3,DPR,,,,Partai Keadilan Sejahtera ,3,"120,894",1,,,,,,,,,,,,,,,
2014,Sumatera Utara,3,DPR,,,,Partai Demokrasi Indonesia Perjuangan ,4,"298,486",1,,,,,,,,,,,,,,,
2014,Sumatera Utara,3,DPR,,,,Partai Golongan Karya ,5,"467,586",2,,,,,,,,,,,,,,,
2014,Sumatera Utara,3,DPR,,,,Partai Gerakan Indonesia Raya ,6,"212,699",1,,,,,,,,,,,,,,,
2014,Sumatera Utara,3,DPR,,,,Partai Demokrat,7,"268,564",1,,,,,,,,,,,,,,,
2014,Sumatera Utara,3,DPR,,,,Partai Amanat Nasional ,8,"148,913",1,,,,,,,,,,,,,,,
2014,Sumatera Utara,3,DPR,,,,Partai Persatuan Pembangunan ,9,"109,234",1,,,,,,,,,,,,,,,
2014,Sumatera Utara,3,DPR,,,,Partai Hati Nurani Rakyat ,10,"130,059",1,,,,,,,,,,,,,,,
2014,Sumatera Utara,3,DPR,,,,Partai Bulan Bintang ,14,"39,302",,,,,,,,,,,,,,,,
2014,Sumatera Utara,3,DPR,,,,Partai Keadilan dan Persatuan Indonesia,15,"23,124",,,,,,,,,,,,,,,,