Year,Province name,Election ,Registered voters in district,Valid votes in district,Invalid votes,Candidate name,Candidate number,Candidate number of votes,Candidate elected to the DPD,,,,,,,,,,,
2014,Aceh ,DPD,,2240124,,,,,,,,,,,,,,,,
2014,Aceh ,DPD,,,,Adnan N.S. ,1,"75,821",,,,,,,,,,,,
2014,Aceh ,DPD,,,,"Dr. Ahmad Farhan Hamid, M.S.",2,"114,010",,,,,,,,,,,,
2014,Aceh ,DPD,,,,"Drs. H. Anharuddin, S.E., M.M.",3,"45,415",,,,,,,,,,,,
2014,Aceh ,DPD,,,,Anwar,4,"27,525",,,,,,,,,,,,
2014,Aceh ,DPD,,,,"H. Asy’ari, S.Pd.I.",5,"87,750",,,,,,,,,,,,
2014,Aceh ,DPD,,,,"Drs. Azhari Usman, M.SI.",6,"89,360",,,,,,,,,,,,
2014,Aceh ,DPD,,,,Dasleliaty,7,"30,631",,,,,,,,,,,,
2014,Aceh ,DPD,,,,"Erdarina, S.P. ",8,"52,946",,,,,,,,,,,,
2014,Aceh ,DPD,,,,"Fachrul Razi, M.I.P. ",9,"345,915",1,,,,,,,,,,,
2014,Aceh ,DPD,,,,"H. Fachrurrazi, S.E. ",10,"42,841",,,,,,,,,,,,
2014,Aceh ,DPD,,,,Fauzan Azima S,11,"38,502",,,,,,,,,,,,
2014,Aceh ,DPD,,,,Fazlun Hasan ,12,"79,916",,,,,,,,,,,,
2014,Aceh ,DPD,,,,Drs. H. Ghazali Abbas Adan,13,"144,505",1,,,,,,,,,,,
2014,Aceh ,DPD,,,,Herianto ,14,"40,952",,,,,,,,,,,,
2014,Aceh ,DPD,,,,Drs. Ibrahim Saleh ,15,"24,242",,,,,,,,,,,,
2014,Aceh ,DPD,,,,"Idham, S.P. ",16,"29,361",,,,,,,,,,,,
2014,Aceh ,DPD,,,,"Irsalina Huzna Azwir, S.Ked",17,"41,598",,,,,,,,,,,,
2014,Aceh ,DPD,,,,Drs. H. M. Yusuf Ishaq,18,"38,688",,,,,,,,,,,,
2014,Aceh ,DPD,,,,"Dra. Hj. Mediati Hafni Hanum, SH., M,Kn.",19,"42,628",,,,,,,,,,,,
2014,Aceh ,DPD,,,,"Muhammad Yusuf, S.E. ",20,"25,442",,,,,,,,,,,,
2014,Aceh ,DPD,,,,"Mukhtar, S.E. ",21,"8,154",,,,,,,,,,,,
2014,Aceh ,DPD,,,,Mursyid,22,"83,857",,,,,,,,,,,,
2014,Aceh ,DPD,,,,"Muslim, S.E. ",23,"13,998",,,,,,,,,,,,
2014,Aceh ,DPD,,,,"Nazir Adam, S.E., M.M. ",24,"103,928",,,,,,,,,,,,
2014,Aceh ,DPD,,,,Rafli ,25,"134,509",1,,,,,,,,,,,
2014,Aceh ,DPD,,,,"Saifuddin Gani, S.H. ",26,"11,320",,,,,,,,,,,,
2014,Aceh ,DPD,,,,Sudirman,27,"136,964",1,,,,,,,,,,,
2014,Aceh ,DPD,,,,"Suparno, S.T.P. ",28,"31,030",,,,,,,,,,,,
2014,Aceh ,DPD,,,,"Syamsuddin A Jalil, S.H. ",29,"21,433",,,,,,,,,,,,
2014,Aceh ,DPD,,,,H.T. Bachrum Manyak ,30,"43,539",,,,,,,,,,,,
2014,Aceh ,DPD,,,,"Ir. H.T. Suriansyah, M.Si.",31,"13,813",,,,,,,,,,,,
2014,Aceh ,DPD,,,,"Tarmilin Usman, SE, M.Si. ",32,"18,281",,,,,,,,,,,,
2014,Aceh ,DPD,,,,"Teuku Eddy Faisal Rusydi, S.H.I., M.Sc. ",33,"18,190",,,,,,,,,,,,
2014,Aceh ,DPD,,,,"Teuku Kamaruzzman, S.H. ",34,"44,283",,,,,,,,,,,,
2014,Aceh ,DPD,,,,H. Teuku Mukhtar Anshari Z.A ,35,"19,161",,,,,,,,,,,,
2014,Aceh ,DPD,,,,TGK. T. Abdul Muthalib,36,"29,354",,,,,,,,,,,,
2014,Aceh ,DPD,,,,TGK. H. Abdurrahman B.T.M ,37,"30,091",,,,,,,,,,,,
2014,Aceh ,DPD,,,,TGK. H. Rasyidin Abdullah ,38,"28,443",,,,,,,,,,,,
2014,Aceh ,DPD,,,,"Ir. TGK. H. Subki El Madny, M.T. ",39,"12,918",,,,,,,,,,,,
2014,Aceh ,DPD,,,,H. Waisul Qarany Aly ,40,"18,810",,,,,,,,,,,,
2014,Bali,DPD,,"1,941,861",,,,,,,,,,,,,,,,
2014,Bali,DPD,,,,"A.A. NGR Oka Ratmadi, S.H. ",1,"150,288",1,,,,,,,,,,,
2014,Bali ,DPD,,,,AA. Putu Ngurah Wirawan ,2,"48,850",,,,,,,,,,,,
2014,Bali ,DPD,,,,Ir. Anak Agung Kartika Putra ,3,"20,163",,,,,,,,,,,,
2014,Bali ,DPD,,,,"Dewa Ayu PT. Sri Wigunawati, S.Sos., S.H., M.Si ",4,"80,288",,,,,,,,,,,,
2014,Bali ,DPD,,,,"Drs. DEWA MADE SUAMBA NEGARA, M.Si.",5,"52,145",,,,,,,,,,,,
2014,Bali ,DPD,,,,Dewa Putu Budarsa,6,"34,237",,,,,,,,,,,,
2014,Bali ,DPD,,,,Drs. Erlangga Mantik ,7,"68,088",,,,,,,,,,,,
2014,Bali ,DPD,,,,"Gede Pasek Suardika, S.H., M.H. ",8,"132,887",1,,,,,,,,,,,
2014,Bali ,DPD,,,,"I.G.N. Kesuma Kelakan, S.T., M.Si ",9,"124,446",,,,,,,,,,,,
2014,Bali ,DPD,,,,"I Gede Dharma Wijaya, S.E., M.M., M.Kes. ",10,"48,714",,,,,,,,,,,,
2014,Bali,DPD,,,,"Drg. I Gede Putu Wirya, M.Kes",11,"27,555",,,,,,,,,,,,
2014,Bali ,DPD,,,,,12,,,,,,,,,,,,,
2014,Bali,DPD,,,,"I Gusti Ketut Adi Kertiyasa, S.H. ",13,"56,042",,,,,,,,,,,,
2014,Bali ,DPD,,,,I Gusti Ngurah Susila ,14,"11,265",,,,,,,,,,,,
2014,Bali ,DPD,,,,I Kadek Arimbawa,15,"161,607",1,,,,,,,,,,,
2014,Bali ,DPD,,,,I Ketut Pesta ,16,"11,877",,,,,,,,,,,,
2014,Bali ,DPD,,,,"Drs. I Ketut Putra Suarthana, M.M. ",17,"16,103",,,,,,,,,,,,
2014,Bali ,DPD,,,,"I Made Arimbawa, S.H., M.M. ",18,"20,121",,,,,,,,,,,,
2014,Bali ,DPD,,,,"I Made Arjaya, S.E., M.Si",19,"86,215",,,,,,,,,,,,
2014,Bali ,DPD,,,,Ir. Made Dana M. Tangkas,20,"33,996",,,,,,,,,,,,
2014,Bali ,DPD,,,,"Drs. I Made Karang, M.Pd.",21,"12,267",,,,,,,,,,,,
2014,Bali ,DPD,,,,Ir. I Made Suarnatha,22,"22,792",,,,,,,,,,,,
2014,Bali,DPD,,,,"I Made Sudiana, S.H. ",23,"34,049",,,,,,,,,,,,
2014,Bali ,DPD,,,,"I Made Sunarsa, S.E. ",24,"6,883",,,,,,,,,,,,
2014,Bali,DPD,,,,"I Made Sundayana, S.Kep., M.Si. ",25,"33,868",,,,,,,,,,,,
2014,Bali ,DPD,,,,I Made Wakil Sendana ,26,"3,920",,,,,,,,,,,,
2014,Bali ,DPD,,,,"Drs. I Nengah Parawatha, S.H., M.Si ",27,"16,477",,,,,,,,,,,,
2014,Bali ,DPD,,,,"I Nengah Wiratha, S.E.",28,"69,725",,,,,,,,,,,,
2014,Bali ,DPD,,,,"Drs. I Nyoman Cendikiawan, S.H., M.Si. ",29,"39,049",,,,,,,,,,,,
2014,Bali ,DPD,,,,"I Wayan Arthadipa, S.H., M.H. ",30,"34,484",,,,,,,,,,,,
2014,Bali ,DPD,,,,"I Wayan Gede Suyatartha, S.E., M.B.A. ",31,"11,903",,,,,,,,,,,,
2014,Bali ,DPD,,,,"I Wayan Sudirta, S.H. ",32,"95,209",,,,,,,,,,,,
2014,Bali ,DPD,,,,"I Wayan Sukla Arnata, S.H., M.H. ",33,"24,809",,,,,,,,,,,,
2014,Bali ,DPD,,,,"Ida Bagus Putra D. Mantra, Ph.D. ",34,"8,374",,,,,,,,,,,,
2014,Bali,DPD,,,,Drs. Ida Bagus Arnawa,35,"6,589",,,,,,,,,,,,
2014,Bali ,DPD,,,,"Ida Bagus Putu Astina, S.H. ",36,"26,279",,,,,,,,,,,,
2014,Bali ,DPD,,,,Ida Bagus Raka Wiryanatha,37,"4,795",,,,,,,,,,,,
2014,Bali ,DPD,,,,"Drs. H. Masrur Makmur, M.Pd.I. ",38,"83,513",,,,,,,,,,,,
2014,Bali ,DPD,,,,"Putu Arsana Atmaja, S.T. ",39,"23,531",,,,,,,,,,,,
2014,Bali,DPD,,,,Ir. Rataya B Kentjanawathy,40,"19,524",,,,,,,,,,,,
2014,Bali ,DPD,,,,Dr. Shri I G.N. Arya Wedakarna M. Wedasteraputra S. ,41,"178,934",1,,,,,,,,,,,
2014,Bangka Belitung ,DPD,,"566,772",,,,,,,,,,,,,,,,
2014,Bangka Belitung ,DPD,,,,Drs. H. A. Hudarni Rani ,1,"85,877",1,,,,,,,,,,,
2014,Bangka Belitung ,DPD,,,,"Ir. Agung Setiawan, M.M.",2,"28,193",,,,,,,,,,,,
2014,Bangka Belitung ,DPD,,,,"Bahar Buasan, S.T. ",3,"36,045",,,,,,,,,,,,
2014,Bangka Belitung ,DPD,,,,"Ir. H. Ernawan Rebuin, M.M. ",4,"21,162",,,,,,,,,,,,
2014,Bangka Belitung ,DPD,,,,"Fadjar Fairy, S.H. ",5,"28,240",,,,,,,,,,,,
2014,Bangka Belitung ,DPD,,,,"Herry Erfian, S.T. ",6,"63,318",1,,,,,,,,,,,
2014,Bangka Belitung ,DPD,,,,Ir. H. Iwansyah ,7,"18,212",,,,,,,,,,,,
2014,Bangka Belitung ,DPD,,,,"H. Jawarno, S.I.P. ",8,"19,885",,,,,,,,,,,,
2014,Bangka Belitung ,DPD,,,,H. Muhammad Sulahudin,9,"24,277",,,,,,,,,,,,
2014,Bangka Belitung ,DPD,,,,Dra. Hj. Nurlaela,10,"26,166",,,,,,,,,,,,
2014,Bangka Belitung ,DPD,,,,"Drs. H. Parhan Ali, M.M. ",11,"30,349",,,,,,,,,,,,
2014,Bangka Belitung ,DPD,,,,"H. Patris Lumumba, S.H. ",12,"8,618",,,,,,,,,,,,
2014,Bangka Belitung ,DPD,,,,"Ir. R. Rudy Irawan, M.M. ",13,"19,723",,,,,,,,,,,,
2014,Bangka Belitung ,DPD,,,,Sofian Romli,14,"7,347",,,,,,,,,,,,
2014,Bangka Belitung ,DPD,,,,"H. Syamsuddin Basari, S.Sos., M.Si. ",15,"16,962",,,,,,,,,,,,
2014,Bangka Belitung ,DPD,,,,"Tellie Gozelie, S.E. ",16,"51,552",1,,,,,,,,,,,
2014,Bangka Belitung ,DPD,,,,,17,,,,,,,,,,,,,
2014,Bangka Belitung ,DPD,,,,Zubaidah ,18,"14,286",,,,,,,,,,,,
2014,Bangka Belitung ,DPD,,,,"Zulfriandi Afan, S.E. ",19,"6,811",,,,,,,,,,,,
2014,Bangka Belitung ,DPD,,,,"Ir. H. Zulkarnaen Syamsudin, M.M., B.A. ",20,"9,909",,,,,,,,,,,,
2014,Bangka Belitung ,DPD,,,,"Drs. H. Zulkarnain Karim, M.M. ",21,"49,840",1,,,,,,,,,,,
2014,Banten,DPD,,"4,157,163",,,,,,,,,,,,,,,,
2014,Banten,DPD,,,,"Drs. H. Abdurachman, M.A.P. ",1,#REF!,,,,,,,,,,,,
2014,Banten,DPD,,,,Dr. H. Achmad Rusdi Arief ,2,#REF!,,,,,,,,,,,,
2014,Banten,DPD,,,,"H. Ahmad Imron, S.E. ",3,#REF!,,,,,,,,,,,,
2014,Banten,DPD,,,,"K.H. Ahmad Sadeli Karim, L.C. ",4,#REF!,1,,,,,,,,,,,
2014,Banten,DPD,,,,H. Ahmad Subadri ,5,#REF!,1,,,,,,,,,,,
2014,Banten,DPD,,,,Drs. H. Akhmad Haris ,6,#REF!,,,,,,,,,,,,
2014,Banten,DPD,,,,Andiara Aprilia Hikmat,7,#REF!,1,,,,,,,,,,,
2014,Banten,DPD,,,,"Dr. Andriansyah, M.Si.",8,#REF!,,,,,,,,,,,,
2014,Banten,DPD,,,,"Dr. Gidion S. Hutagalung, S.H., S.Th., M.A. ",9,#REF!,,,,,,,,,,,,
2014,Banten,DPD,,,,"H. Gondo Radityo Gambiro, M.B.A. ",10,#REF!,,,,,,,,,,,,
2014,Banten,DPD,,,,"Gousta Feriza, S.H., M.H. ",11,#REF!,,,,,,,,,,,,
2014,Banten,DPD,,,,Drs. Habib Ali Alwi ,12,#REF!,1,,,,,,,,,,,
2014,Banten,DPD,,,,"Hj. Hanif Sobari, M.Si",13,#REF!,,,,,,,,,,,,
2014,Banten,DPD,,,,"Hasan  Nuryadi, S.E., M.Ec. ",14,#REF!,,,,,,,,,,,,
2014,Banten,DPD,,,,"Hj. Himmatul Aliyah, S.Sos., M.Si. ",15,#REF!,,,,,,,,,,,,
2014,Banten,DPD,,,,Iwan Kurniawan ,16,#REF!,,,,,,,,,,,,
2014,Banten,DPD,,,,"H. Iyus Priatna, S.Sos. ",17,#REF!,,,,,,,,,,,,
2014,Banten,DPD,,,,"H. M. Irsjad Djuwaeli, S.P., M.M. ",18,#REF!,,,,,,,,,,,,
2014,Banten,DPD,,,,M. Nurdin R,19,#REF!,,,,,,,,,,,,
2014,Banten,DPD,,,,"Moh. Jembar, M.Si. ",20,#REF!,,,,,,,,,,,,
2014,Banten,DPD,,,,H. Mushin ,21,#REF!,,,,,,,,,,,,
2014,Banten,DPD,,,,H. Muhtar Imi ,22,#REF!,,,,,,,,,,,,
2014,Banten,DPD,,,,"H. Odjat Sukardjat, S.H.I., M.B.A. ",23,#REF!,,,,,,,,,,,,
2014,Banten,DPD,,,,"H. Rosyid Haerudi, S.P., M.M. ",24,#REF!,,,,,,,,,,,,
2014,Banten,DPD,,,,H. Tb. Lucky Kaking,25,#REF!,,,,,,,,,,,,
2014,Banten,DPD,,,,"Ir. Togu Pardamean Tobing, M.Si. ",26,#REF!,,,,,,,,,,,,
2014,Bengkulu ,DPD,,"895,608",,,,,,,,,,,,,,,,
2014,Bengkulu ,DPD,,,,"Ir. Ahmad Hamim Wicaksono, M.Sc. ",1,"38,912",,,,,,,,,,,,
2014,Bengkulu ,DPD,,,,"H. Ahmad Kanedi, S.H., M.H. ",2,"150,074",1,,,,,,,,,,,
2014,Bengkulu ,DPD,,,,Ir. Babulhairien A.B ,3,"26,120",,,,,,,,,,,,
2014,Bengkulu ,DPD,,,,Dipi-ing. H. Bambang Soeroso,4,"63,561",,,,,,,,,,,,
2014,Bengkulu ,DPD,,,,"Cupli Risman, S.Sos",5,"23,938",,,,,,,,,,,,
2014,Bengkulu ,DPD,,,,"Dinmar, S.Kom. ",6,"64,460",,,,,,,,,,,,
2014,Bengkulu ,DPD,,,,Djatmiko ,7,"16,968",,,,,,,,,,,,
2014,Bengkulu ,DPD,,,,"Dra. Hj. Eni Khairani, M.Si. ",8,"108,521",1,,,,,,,,,,,
2014,Bengkulu ,DPD,,,,Eri Yanto ,9,"19,364",,,,,,,,,,,,
2014,Bengkulu ,DPD,,,,"Iqbal Bastari, S.Pd. ",10,"42,904",,,,,,,,,,,,
2014,Bengkulu ,DPD,,,,"H. Mohammad Saleh, S.E. ",11,"74,275",1,,,,,,,,,,,
2014,Bengkulu ,DPD,,,,Muhammad Kosim,12,"18,666",,,,,,,,,,,,
2014,Bengkulu ,DPD,,,,"Muspani, S.H. ",13,"37,319",,,,,,,,,,,,
2014,Bengkulu ,DPD,,,,"Radianto Star, S.T. ",14,"5,676",,,,,,,,,,,,
2014,Bengkulu ,DPD,,,,"Dr. Rahimullah, S.H., M.Si. ",15,"18,919",,,,,,,,,,,,
2014,Bengkulu ,DPD,,,,Riri Damayanti ,16,"87,541",1,,,,,,,,,,,
2014,Bengkulu ,DPD,,,,"Dr. Ir. H. Ruslan Wijaya, S.E., M.A.P. ",17,"30,960",,,,,,,,,,,,
2014,Bengkulu ,DPD,,,,"Drs. H. Salamun Haris M, M.Si ",18,"29,479",,,,,,,,,,,,
2014,Bengkulu ,DPD,,,,H. Syaiful Anwar Bachsin ,19,"3,508",,,,,,,,,,,,
2014,Bengkulu ,DPD,,,,"Yuan Rasugi Sang, S.Sos., M.H. ",20,"34,443",,,,,,,,,,,,
2014,DI. Yogyakarta ,DPD,,"2,011,482",,,,,,,,,,,,,,,,
2014,DI. Yogyakarta ,DPD,,,,"Drs. H. A. Hafidh Asrom, M.M. ",1,"158,794",1,,,,,,,,,,,
2014,DI. Yogyakarta ,DPD,,,,"H. A. Taufiqurrohman, S.Ag. ",2,"53,714",,,,,,,,,,,,
2014,DI. Yogyakarta ,DPD,,,,H. Abdul Muhaimin,3,"48,885",,,,,,,,,,,,
2014,DI. Yogyakarta ,DPD,,,,"Bambang Eko Prabowo, B.Sc., S.I.P. ",4,"92,867",,,,,,,,,,,,
2014,DI. Yogyakarta ,DPD,,,,"Ir. H. Cholid Mahmud, M.T. ",5,"149,824",1,,,,,,,,,,,
2014,DI. Yogyakarta ,DPD,,,,H. Fairuz Ahmad,6,"60,842",,,,,,,,,,,,
2014,DI. Yogyakarta ,DPD,,,,"R. Fidelis Indriarto, S.SI., M.M. ",7,"77,065",,,,,,,,,,,,
2014,DI. Yogyakarta ,DPD,,,,Gusti Kanjeng Ratu Hemas ,8,"1,017,687",1,,,,,,,,,,,
2014,DI. Yogyakarta ,DPD,,,,"Ismarindayani, S.H., M.H., CN. ",9,"89,009",,,,,,,,,,,,
2014,DI. Yogyakarta ,DPD,,,,"Kombes. Pol (Purn). Muhammad Hirsam, S.H., M.Si. ",10,"21,274",,,,,,,,,,,,
2014,DI. Yogyakarta ,DPD,,,,Muhammad Afnan Hadikusumo,11,"144,820",1,,,,,,,,,,,
2014,DI. Yogyakarta ,DPD,,,,"Drs. Sidarto Danusubroto, S.H. ",12,"79,845",,,,,,,,,,,,
2014,DI. Yogyakarta ,DPD,,,,"H. Suratman, S.H., M.H. ",13,"16,856",,,,,,,,,,,,
2014,DKI Jakarta ,DPD,,"4,052,141",,,,,,,,,,,,,,,,
2014,DKI Jakarta ,DPD,,,,"A. Syamsul Zakaria, S.H., M.H.",1,"102,218",,,,,,,,,,,,
2014,DKI Jakarta ,DPD,,,,Dr. (HC.) A.M. Fatwa ,2,"475,601",1,,,,,,,,,,,
2014,DKI Jakarta ,DPD,,,,Abdi Sumaithi,3,"144,355",,,,,,,,,,,,
2014,DKI Jakarta ,DPD,,,,"Abdul Azis Khafia, S.SI., M.Si.",4,"368,397",1,,,,,,,,,,,
2014,DKI Jakarta ,DPD,,,,Ardi Putra Baramuli,5,"114,580",,,,,,,,,,,,
2014,DKI Jakarta ,DPD,,,,Prof. Dr. Dailami Firdaus,6,"416,929",1,,,,,,,,,,,
2014,DKI Jakarta ,DPD,,,,Dasril,7,"79,795",,,,,,,,,,,,
2014,DKI Jakarta ,DPD,,,,"dr. Eddi Junaidi, Sp.OG., S.H., M. Kes. ",8,"86,382",,,,,,,,,,,,
2014,DKI Jakarta ,DPD,,,,"Drs. Eddy Sadeli, S.H. ",9,"155,791",,,,,,,,,,,,
2014,DKI Jakarta ,DPD,,,,F.X. Oerip Soedjoed,10,"87,900",,,,,,,,,,,,
2014,DKI Jakarta ,DPD,,,,"Fahira Idris, S.E. ",11,"511,323",1,,,,,,,,,,,
2014,DKI Jakarta ,DPD,,,,Heru Cokro ,12,"16,734",,,,,,,,,,,,
2014,DKI Jakarta ,DPD,,,,"Dr.Ir. Heru J. Juwono, M.T.",13,"87,462",,,,,,,,,,,,
2014,DKI Jakarta ,DPD,,,,"Ivan Rinaldi, S.E., M.M. ",14,"26,031",,,,,,,,,,,,
2014,DKI Jakarta ,DPD,,,,"KH. Lutfi Hakim, M.A. ",15,"231,087",,,,,,,,,,,,
2014,DKI Jakarta ,DPD,,,,M. Rifqy,16,"82,409",,,,,,,,,,,,
2014,DKI Jakarta ,DPD,,,,"drg. Moestar Putrajaya, M.H. ",17,"16,453",,,,,,,,,,,,
2014,DKI Jakarta ,DPD,,,,Drs. Mohammad Sjohirin. M.Si ,18,"36,316",,,,,,,,,,,,
2014,DKI Jakarta ,DPD,,,,"Drs. H. Mohammad Joesoef, S.E., M.Si. ",19,"119,227",,,,,,,,,,,,
2014,DKI Jakarta ,DPD,,,,Mutiati Sejahtera,20,"59,817",,,,,,,,,,,,
2014,DKI Jakarta ,DPD,,,,"H. Pardi, S.H. ",21,"22,808",,,,,,,,,,,,
2014,DKI Jakarta ,DPD,,,,Parni Hardi ,22,"41,681",,,,,,,,,,,,
2014,DKI Jakarta ,DPD,,,,Ramdansyah,23,"29,619",,,,,,,,,,,,
2014,DKI Jakarta ,DPD,,,,"Rekson Silaban, S.E. ",24,"43,218",,,,,,,,,,,,
2014,DKI Jakarta ,DPD,,,,H. Rizki Aljupri,25,"67,762",,,,,,,,,,,,
2014,DKI Jakarta ,DPD,,,,Rommy,26,"70,429",,,,,,,,,,,,
2014,DKI Jakarta ,DPD,,,,Rudy Hamid,27,"8,316",,,,,,,,,,,,
2014,DKI Jakarta ,DPD,,,,Sabam Sirait,28,"237,273",,,,,,,,,,,,
2014,DKI Jakarta ,DPD,,,,"Santo Dewatmoko, S.T., M.M., M.A.",29,"10,785",,,,,,,,,,,,
2014,DKI Jakarta ,DPD,,,,"H. Sayogo Hendrosubroto, S.I.P. ",30,"17,415",,,,,,,,,,,,
2014,DKI Jakarta ,DPD,,,,Drs. Sergius Kelang,31,"18,502",,,,,,,,,,,,
2014,DKI Jakarta ,DPD,,,,"Usmar, S.E., M.M. ",32,"8,215",,,,,,,,,,,,
2014,DKI Jakarta ,DPD,,,,Vivi Effendy,33,"204,897",,,,,,,,,,,,
2014,DKI Jakarta ,DPD,,,,Wahyu Raharjo,34,"34,667",,,,,,,,,,,,
2014,DKI Jakarta ,DPD,,,,"H. Zuhdi Mamduhi, S.E. ",35,"17,747",,,,,,,,,,,,
2014,Gorontalo,DPD,,"634,401",,,,,,,,,,,,,,,,
2014,Gorontalo,DPD,,,,Drs. A.D. Khaly,1,"26,659",,,,,,,,,,,,
2014,Gorontalo,DPD,,,,"Dr. ABD. Razak Mozin, S.Ag., M.Si",2,"16,352",,,,,,,,,,,,
2014,Gorontalo,DPD,,,,"H. Abdurrahman Abubakar Bahmid, Lc. ",3,"42,152",1,,,,,,,,,,,
2014,Gorontalo,DPD,,,,"Adzhar Pakaya, S.I.P, ",4,"11,614",,,,,,,,,,,,
2014,Gorontalo,DPD,,,,Burhan Mantulangi,5,"9,690",,,,,,,,,,,,
2014,Gorontalo,DPD,,,,Hj. Carolina Kaluku,6,"26,540",,,,,,,,,,,,
2014,Gorontalo,DPD,,,,,7,,,,,,,,,,,,,
2014,Gorontalo,DPD,,,,"Dewi Sartika Hemeto, S.E. ",8,"28,206",1,,,,,,,,,,,
2014,Gorontalo,DPD,,,,Ir. Ethon Parman,9,"20,024",,,,,,,,,,,,
2014,Gorontalo,DPD,,,,Hana Hasanah Vadel Muhammad ,10,"185,079",1,,,,,,,,,,,
2014,Gorontalo,DPD,,,,"Hasan Abdullah, S.E. ",11,"11,597",,,,,,,,,,,,
2014,Gorontalo,DPD,,,,Herman D. Ishak,12,"9,529",,,,,,,,,,,,
2014,Gorontalo,DPD,,,,Mohammad Taufik Dalu ,13,"5,144",,,,,,,,,,,,
2014,Gorontalo,DPD,,,,"Hi. Nizam Dai, S.I.Pem",14,"20,410",,,,,,,,,,,,
2014,Gorontalo,DPD,,,,"Nur Hasan, S.E. ",15,"14,039",,,,,,,,,,,,
2014,Gorontalo,DPD,,,,Hj. Rahmijati Jahja,16,"179,789",1,,,,,,,,,,,
2014,Gorontalo,DPD,,,,"Drs. Syarief Sabara, M.Si. ",17,"4,083",,,,,,,,,,,,
2014,Gorontalo,DPD,,,,"Umar Karim, S.I.P. ",18,"23,494",,,,,,,,,,,,
2014,Jambi,DPD,,"1,565,791",,,,,,,,,,,,,,,,
2014,Jambi,DPD,,,,H. Abu Bakar Jamalia,1,"93,605",1,,,,,,,,,,,
2014,Jambi,DPD,,,,"Andi Yusman, S.E",2,"62,990",,,,,,,,,,,,
2014,Jambi,DPD,,,,"Anggi Purnama Harahap, S.H",3,"60,403",,,,,,,,,,,,
2014,Jambi,DPD,,,,"Drs. H. Asra H.D, M.Pd.I",4,"37,110",,,,,,,,,,,,
2014,Jambi,DPD,,,,"Azman, S.H",5,"34,304",,,,,,,,,,,,
2014,Jambi,DPD,,,,Azwan Herwanto,6,"44,494",,,,,,,,,,,,
2014,Jambi,DPD,,,,Benny Pratama Sofwan,7,"63,758",,,,,,,,,,,,
2014,Jambi,DPD,,,,"Hj. Daryati Uteng S, S.E., M.M ",8,"127,376",1,,,,,,,,,,,
2014,Jambi,DPD,,,,Halilintar,9,"35,886",,,,,,,,,,,,
2014,Jambi,DPD,,,,"Hasbi Anshory, S.E., M.M",10,"64,597",,,,,,,,,,,,
2014,Jambi,DPD,,,,"IIn Inawati, S.Pd",11,"40,983",,,,,,,,,,,,
2014,Jambi,DPD,,,,"H. Indra Armendaris, S.H",12,"17,470",,,,,,,,,,,,
2014,Jambi,DPD,,,,Dra. Irina Safitri,13,"20,231",,,,,,,,,,,,
2014,Jambi,DPD,,,,"H. Irsal Yunus, S.E., M.M",14,"68,359",,,,,,,,,,,,
2014,Jambi,DPD,,,,Jefri Hendrik ,15,"19,790",,,,,,,,,,,,
2014,Jambi,DPD,,,,Joni Ahyar,16,"7,007",,,,,,,,,,,,
2014,Jambi,DPD,,,,Dra. Hj. Juniwati T. Masjchun S,17,"94,841",1,,,,,,,,,,,
2014,Jambi,DPD,,,,"Ir. Kamil Rusdi, M.Si",18,"18,136",,,,,,,,,,,,
2014,Jambi,DPD,,,,"Kemas Alfarizi Arsyad, S.E ",19,"28,819",,,,,,,,,,,,
2014,Jambi,DPD,,,,"Linda Astuty, S.E., M.M",20,"82,463",,,,,,,,,,,,
2014,Jambi,DPD,,,,"M. Syukur, S.H",21,"235,943",1,,,,,,,,,,,
2014,Jambi,DPD,,,,"Mohd. Syarief Gamal, S.H., MH",22,"17,345",,,,,,,,,,,,
2014,Jambi,DPD,,,,"Mohon Indrajaya, S.H",23,"4,206",,,,,,,,,,,,
2014,Jambi,DPD,,,,"Muhammad Yasir Arafat, S.E",24,"25,772",,,,,,,,,,,,
2014,Jambi,DPD,,,,"H. Nuzran Joher, S.Ag., M.Si",25,"68,276",,,,,,,,,,,,
2014,Jambi,DPD,,,,"Sukarno, S.H",26,"15,089",,,,,,,,,,,,
2014,Jambi,DPD,,,,"H. Suryadi, S.Ag.",27,"29,831",,,,,,,,,,,,
2014,Jambi,DPD,,,,Syahri,28,"4,899",,,,,,,,,,,,
2014,Jambi,DPD,,,,"Untung Susanto, S.Pd",29,"30,009",,,,,,,,,,,,
2014,Jambi,DPD,,,,"Yatno, S.P",30,"16,449",,,,,,,,,,,,
2014,Jambi,DPD,,,,Yopi Muthalib,31,"67,798",,,,,,,,,,,,
2014,Jambi,DPD,,,,Drs. Zulkarnain Al-Fath,32,"27,552",,,,,,,,,,,,
2014,Jawa Barat,DPD,,"18,845,907",,,,,,,,,,,,,,,,
2014,Jawa Barat,DPD,,,,"H. Aceng Holik Munawar Fikri, S.Ag.",1,"1,139,556",1,,,,,,,,,,,
2014,Jawa Barat,DPD,,,,Asep Syaripudin,2,"1,010,159",,,,,,,,,,,,
2014,Jawa Barat,DPD,,,,Drs. H. Asril Das,3,"690,789",,,,,,,,,,,,
2014,Jawa Barat,DPD,,,,Ir. H. Ayi Hambali,4,"1,032,465",1,,,,,,,,,,,
2014,Jawa Barat,DPD,,,,Deni Jasmara,5,"702,344",,,,,,,,,,,,
2014,Jawa Barat,DPD,,,,Deni Saeful Hayat,6,"692,282",,,,,,,,,,,,
2014,Jawa Barat,DPD,,,,Djumono,7,"532,163",,,,,,,,,,,,
2014,Jawa Barat,DPD,,,,"Elang Raja Luqman Zulkaedin, S.H. ",8,"928,728",,,,,,,,,,,,
2014,Jawa Barat,DPD,,,,"Dr. H. Eman Suryaman, M.M.",9,"965,389",,,,,,,,,,,,
2014,Jawa Barat,DPD,,,,"Dra. Ir. Hj. Eni Sumarni, M.Kes",10,"2,042,130",1,,,,,,,,,,,
2014,Jawa Barat,DPD,,,,"Hj. Euis Atikah, S.Sos",11,"267,296",,,,,,,,,,,,
2014,Jawa Barat,DPD,,,,"Dr. H. Gunawan Undang, M.Si.",12,"233,821",,,,,,,,,,,,
2014,Jawa Barat,DPD,,,,"H.Hasan Zainal Abidin EZ, S.E., M.M.",13,"175,556",,,,,,,,,,,,
2014,Jawa Barat,DPD,,,,"Husni F. Mubarok, S.Ag., M.Si.",14,"418,783",,,,,,,,,,,,
2014,Jawa Barat,DPD,,,,"Julianda Barus, M.M., M.B.A. ",15,"124,247",,,,,,,,,,,,
2014,Jawa Barat,DPD,,,,"Drs. H. K. Edi Pariyadi, M.M.Pd. ",16,"588,204",,,,,,,,,,,,
2014,Jawa Barat,DPD,,,,"H. M. Yos Faisal Husni, M.H., M. Hum. ",17,"150,525",,,,,,,,,,,,
2014,Jawa Barat,DPD,,,,"K.H. Moh. Athoillah Mursjid, S.E., M.Si. ",18,"696,974",,,,,,,,,,,,
2014,Jawa Barat,DPD,,,,Muhammad Hafidz,19,"189,921",,,,,,,,,,,,
2014,Jawa Barat,DPD,,,,"Nace Permana, S.E.",20,"179,953",,,,,,,,,,,,
2014,Jawa Barat,DPD,,,,Nazar Hariz,21,"124,879",,,,,,,,,,,,
2014,Jawa Barat,DPD,,,,Drs. H. Nu'man Abdul Hakim,22,"229,768",,,,,,,,,,,,
2014,Jawa Barat,DPD,,,,Drs. Odik Sodikin,23,"74,720",,,,,,,,,,,,
2014,Jawa Barat,DPD,,,,Oni Suwarman,24,"2,167,485",1,,,,,,,,,,,
2014,Jawa Barat,DPD,,,,"Dra. Hj. R. Ella M. Girikomala, M.M.Pd.",25,"516,261",,,,,,,,,,,,
2014,Jawa Barat,DPD,,,,"Ratu Raja Arimbi Nurtina, S.T.",26,"221,959",,,,,,,,,,,,
2014,Jawa Barat,DPD,,,,H. Rudi Harsa Tanaya,27,"226,236",,,,,,,,,,,,
2014,Jawa Barat,DPD,,,,"Drs. H. Rukman Heryana, M.M.",28,"203,889",,,,,,,,,,,,
2014,Jawa Barat,DPD,,,,"Dr. H. Suhaeli, M.Si.",29,"233,745",,,,,,,,,,,,
2014,Jawa Barat,DPD,,,,"Drs. H. Suharna Surapranata, MT",30,"423,500",,,,,,,,,,,,
2014,Jawa Barat,DPD,,,,"H. Syarif Bastaman, S.H.",31,"268,757",,,,,,,,,,,,
2014,Jawa Barat,DPD,,,,Syifa Hananta,32,"779,871",,,,,,,,,,,,
2014,Jawa Barat,DPD,,,,"Tri Wuryantoro, S.E., M.I.Kom",33,"76,342",,,,,,,,,,,,
2014,Jawa Barat,DPD,,,,"H. Tubagus Dasep, IPS, S.Sos., S.H., B.E., M.Sc. ",34,"174,231",,,,,,,,,,,,
2014,Jawa Barat,DPD,,,,"Unang Margana, S.H., M.H. ",35,"161,729",,,,,,,,,,,,
2014,Jawa Barat,DPD,,,,"Drs. H. UU Rukmana, M.Si",36,"201,250",,,,,,,,,,,,
2014,Jawa Tengah,DPD,,"14,368,417",,,,,,,,,,,,,,,,
2014,Jawa Tengah,DPD,,,,Agus Mujiyanto,1,"598,481",,,,,,,,,,,,
2014,Jawa Tengah,DPD,,,,"Drs. H. Ahmad Niam Syukri, M.Si. ",2,"582,634",,,,,,,,,,,,
2014,Jawa Tengah,DPD,,,,"Ahsan Fauzi, S.Sos.I",3,"498,585",,,,,,,,,,,,
2014,Jawa Tengah,DPD,,,,Drs. H. Akhmad Muqowam,4,"948,673",1,,,,,,,,,,,
2014,Jawa Tengah,DPD,,,,"Bagyono, ST",5,"410,286",,,,,,,,,,,,
2014,Jawa Tengah,DPD,,,,"Dr. H. Bambang Sadono, S.H., M.H.",6,"1,235,682",1,,,,,,,,,,,
2014,Jawa Tengah,DPD,,,,"Hj. Denty Eka Widi Oratiwi, S.E., M.H.",7,"1,901,163",1,,,,,,,,,,,
2014,Jawa Tengah,DPD,,,,G.K.R. Ayu Koes Indriyah ,8,"908,036",,,,,,,,,,,,
2014,Jawa Tengah,DPD,,,,"Dra. Hj. H.R. Utami, M.Hum.",9,"417,953",,,,,,,,,,,,
2014,Jawa Tengah,DPD,,,,"Drs. H. Hendro Martojo, M.M.",10,"436,999",,,,,,,,,,,,
2014,Jawa Tengah,DPD,,,,Heriyanto,11,"215,331",,,,,,,,,,,,
2014,Jawa Tengah,DPD,,,,"Drs. H. Humam Sabroni, M.Si",12,"183,226",,,,,,,,,,,,
2014,Jawa Tengah,DPD,,,,"Ika Trisna Mulyaningsih, S.T.",13,"168,482",,,,,,,,,,,,
2014,Jawa Tengah,DPD,,,,"H. Iskandar, S.Ag., M.Si.",14,"102,548",,,,,,,,,,,,
2014,Jawa Tengah,DPD,,,,Drs. Jabir,15,"188,406",,,,,,,,,,,,
2014,Jawa Tengah,DPD,,,,"Khizanaturrohmah, S.Ag.",16,"371,272",,,,,,,,,,,,
2014,Jawa Tengah,DPD,,,,"Kundari, S.E.",17,"560,447",,,,,,,,,,,,
2014,Jawa Tengah,DPD,,,,"Ir. Kunto Endriyono, M.M.",18,"130,481",,,,,,,,,,,,
2014,Jawa Tengah,DPD,,,,Mayjen (Purn.) Drs. H. Kurdi Mustofa,19,"689,956",,,,,,,,,,,,
2014,Jawa Tengah,DPD,,,,"Muhammad Al Habsy, S.Pd",20,"404,763",,,,,,,,,,,,
2014,Jawa Tengah,DPD,,,,Poppy Dharsono,21,"487,366",,,,,,,,,,,,
2014,Jawa Tengah,DPD,,,,R. Sukarno Winarto,22,"92,144",,,,,,,,,,,,
2014,Jawa Tengah,DPD,,,,"Hj. Siti Azzah, S.Sos.",23,"385,434",,,,,,,,,,,,
2014,Jawa Tengah,DPD,,,,Ir. H. Soeharsojo,24,"127,145",,,,,,,,,,,,
2014,Jawa Tengah,DPD,,,,"Drs. St. Sukirno, M.S.",25,"133,835",,,,,,,,,,,,
2014,Jawa Tengah,DPD,,,,"H. Sudir Santoso, S.H.",26,-,,,,,,,,,,,,
2014,Jawa Tengah,DPD,,,,"Dr. H. Sulistiyo, M.Pd.",27,"1,246,129",1,,,,,,,,,,,
2014,Jawa Tengah,DPD,,,,Drs. K.P.H. Sumaryoto Padmodiningrat,28,"156,877",,,,,,,,,,,,
2014,Jawa Tengah,DPD,,,,"Suro Jogo PBSH, S.E.",29,"426,954",,,,,,,,,,,,
2014,Jawa Tengah,DPD,,,,Tjahjadi Takariawan,30,"200,820",,,,,,,,,,,,
2014,Jawa Tengah,DPD,,,,Toto Dirgantoro,31,"98,192",,,,,,,,,,,,
2014,Jawa Tengah,DPD,,,,Wakil Maghfur,32,"60,117",,,,,,,,,,,,
2014,Jawa Timur,DPD,,"16,234,511",,,,,,,,,,,,,,,,
2014,Jawa Timur,DPD,,,,"Drs. H. A. BUDIONO, M.Ed.",1,"871,422",1,,,,,,,,,,,
2014,Jawa Timur,DPD,,,,"Drs. H. A. MUHAIMIN, M.T.",2,"719,741",,,,,,,,,,,,
2014,Jawa Timur,DPD,,,,ABDUL DJALIL LTC,3,"661,537",,,,,,,,,,,,
2014,Jawa Timur,DPD,,,,"ABDUL QADIR AMIR HARTONO, S.E., S.H., M.H.",4,"917,275",1,,,,,,,,,,,
2014,Jawa Timur,DPD,,,,"Drs, H. ABDUL SUDARSONO",5,"576,253",,,,,,,,,,,,
2014,Jawa Timur,DPD,,,,"H. ACHMAD SOEDJA'I, S.H., M.M.",6,"704,259",,,,,,,,,,,,
2014,Jawa Timur,DPD,,,,AGUS PATMINTO,7,"751,953",,,,,,,,,,,,
2014,Jawa Timur,DPD,,,,"H. AHMAD NAWARDI, S.Ag.",8,"898,647",1,,,,,,,,,,,
2014,Jawa Timur,DPD,,,,AINUL YAKIN,9,"418,824",,,,,,,,,,,,
2014,Jawa Timur,DPD,,,,AKHMAD TAUFIQ,10,"398,056",,,,,,,,,,,,
2014,Jawa Timur,DPD,,,,ALI ASSEGAF,11,"397,597",,,,,,,,,,,,
2014,Jawa Timur,DPD,,,,ALI WAHDIN,12,"311,236",,,,,,,,,,,,
2014,Jawa Timur,DPD,,,,ANDI AHMAD SETYOBUDI,13,"112,701",,,,,,,,,,,,
2014,Jawa Timur,DPD,,,,"BAMBANG J. PRAMONO, S.Si.",14,"152,178",,,,,,,,,,,,
2014,Jawa Timur,DPD,,,,"HJ. CHOFSOH WAHYUNI, S.Pd., M.Si.",15,"230,512",,,,,,,,,,,,
2014,Jawa Timur,DPD,,,,DESEMBA SAGITA ALEXSANDRA NT,16,"135,200",,,,,,,,,,,,
2014,Jawa Timur,DPD,,,,"DWI ASTUTIK, S.Ag., M.Si.",17,"838,996",,,,,,,,,,,,
2014,Jawa Timur,DPD,,,,Hj. EMILIA CONTESSA,18,"1,660,542",1,,,,,,,,,,,
2014,Jawa Timur,DPD,,,,Dr. H.M. MARKUM SINGODIMEDJO,19,"659,087",,,,,,,,,,,,
2014,Jawa Timur,DPD,,,,"IMAM MUL HUDA, S.H ",20,"78,418",,,,,,,,,,,,
2014,Jawa Timur,DPD,,,,IMAM SUPENO,21,"412,016",,,,,,,,,,,,
2014,Jawa Timur,DPD,,,,"Prof. Dr. Dra. Hj. Istibsjaroh., B.A., S.H., M.A",22,"379,710",,,,,,,,,,,,
2014,Jawa Timur,DPD,,,,"KHODIJATUL QODRIYAH S.Ag., M.M. PUB, M.Si. ",23,"765,397",,,,,,,,,,,,
2014,Jawa Timur,DPD,,,,"KH. M. HASIB WAHAB CHASBULLAH, S.I.P. ",24,"473,070",,,,,,,,,,,,
2014,Jawa Timur,DPD,,,,Dr. MARDJITO GISAN ATMOJO,25,"260,702",,,,,,,,,,,,
2014,Jawa Timur,DPD,,,,"Drs. H. MASHURI, M.Si.",26,"345,894",,,,,,,,,,,,
2014,Jawa Timur,DPD,,,,MEI EKO RUSIANTO,27,"34,709",,,,,,,,,,,,
2014,Jawa Timur,DPD,,,,"H. MOCH. HAMZAH, S.T., M.M.",28,"253,351",,,,,,,,,,,,
2014,Jawa Timur,DPD,,,,Drs. MOH. SHALEH,29,"182,819",,,,,,,,,,,,
2014,Jawa Timur,DPD,,,,"MUHAMMAD AGUS MUSLIM, S.H. ",30,"78,605",,,,,,,,,,,,
2014,Jawa Timur,DPD,,,,NURSIO,31,"45,698",,,,,,,,,,,,
2014,Jawa Timur,DPD,,,,"R. MOERDJOKO, S.Pd.",32,"103,649",,,,,,,,,,,,
2014,Jawa Timur,DPD,,,,"SITI AMINAH, S.E., M.M.",33,"220,020",,,,,,,,,,,,
2014,Jawa Timur,DPD,,,,"SUBHAN, S.Pd.",34,"345,127",,,,,,,,,,,,
2014,Jawa Timur,DPD,,,,TITIN SUDARWATI,35,"86,187",,,,,,,,,,,,
2014,Jawa Timur,DPD,,,,"WARSONO, S.H.",36,"35,483",,,,,,,,,,,,
2014,Jawa Timur,DPD,,,,"WASIS SISWOYO, S.H.",37,"50,707",,,,,,,,,,,,
2014,Jawa Timur,DPD,,,,"WASONO NUGROHOHADI, S.H., M.H. ",38,"44,386",,,,,,,,,,,,
2014,Jawa Timur,DPD,,,,YULYANI,39,"279,023",,,,,,,,,,,,
2014,Jawa Timur,DPD,,,,HJ. ZUHARIAH,40,"343,524",,,,,,,,,,,,
2014,Kalimantan Barat,DPD,,"2,328,240",,,,,,,,,,,,,,,,
2014,Kalimantan Barat,DPD,,,, Drs. H. Abdul Rahmi,1,"185,625",1,,,,,,,,,,,
2014,Kalimantan Barat,DPD,,,,H. Agus Hendro Prayitno,2,"74,644",,,,,,,,,,,,
2014,Kalimantan Barat,DPD,,,,"Drs. Agustinus Clarus, M.Si",3,"61,889",,,,,,,,,,,,
2014,Kalimantan Barat,DPD,,,,"Aminudin Arianto, S.Pd., M.Si",4,"101,612",,,,,,,,,,,,
2014,Kalimantan Barat,DPD,,,,Pdt. Drs. B. Moses Siong,5,-,,,,,,,,,,,,
2014,Kalimantan Barat,DPD,,,,"Pdt. Barnabas Simin, M.Pd.K",6,"84,008",,,,,,,,,,,,
2014,Kalimantan Barat,DPD,,,,Dra. Hj. Dewi Munawar,7,"64,597",,,,,,,,,,,,
2014,Kalimantan Barat,DPD,,,,Doni Prasetya Satriadi,8,"68,300",,,,,,,,,,,,
2014,Kalimantan Barat,DPD,,,,F.X. Trides Mecer,9,"61,813",,,,,,,,,,,,
2014,Kalimantan Barat,DPD,,,,"Hj. Hairiah, S.H., M.H.",10,"131,492",,,,,,,,,,,,
2014,Kalimantan Barat,DPD,,,,Hendra Nurdiansyah,11,"19,535",,,,,,,,,,,,
2014,Kalimantan Barat,DPD,,,,Ir. Hizas Abd. Hamid,12,"16,991",,,,,,,,,,,,
2014,Kalimantan Barat,DPD,,,,Imam Muhadi,13,"33,592",,,,,,,,,,,,
2014,Kalimantan Barat,DPD,,,,"Indra Noviansyah, S.E.",14,"78,392",,,,,,,,,,,,
2014,Kalimantan Barat,DPD,,,,H. Ishaq Saleh,15,"58,262",,,,,,,,,,,,
2014,Kalimantan Barat,DPD,,,,"Drs. Jacobus Luna, M.Si",16,"67,815",,,,,,,,,,,,
2014,Kalimantan Barat,DPD,,,,Klemen Apui,17,"72,405",,,,,,,,,,,,
2014,Kalimantan Barat,DPD,,,,"Ev. Lawadi Nusah, S.Pd.K.",18,"12,309",,,,,,,,,,,,
2014,Kalimantan Barat,DPD,,,,"M.Musa Surin, S.H., M.H.",19,"11,583",,,,,,,,,,,,
2014,Kalimantan Barat,DPD,,,,"M. Tamsil Sjoekoer, S.H.",20,"46,810",,,,,,,,,,,,
2014,Kalimantan Barat,DPD,,,,"Maria Goreti, S.Sos., M.Si.",21,"246,329",1,,,,,,,,,,,
2014,Kalimantan Barat,DPD,,,,"Nagian Imawan, S.Sos",22,"83,039",,,,,,,,,,,,
2014,Kalimantan Barat,DPD,,,,Nobertus Rocki Susanto,23,"76,830",,,,,,,,,,,,
2014,Kalimantan Barat,DPD,,,,Oesman Sapta,24,"188,528",1,,,,,,,,,,,
2014,Kalimantan Barat,DPD,,,,"Drs. P. E. Chunoi, M.Pd.",25,"73,820",,,,,,,,,,,,
2014,Kalimantan Barat,DPD,,,,"Petrus SA, S.H.",26,"69,906",,,,,,,,,,,,
2014,Kalimantan Barat,DPD,,,,"Hj. Rubaeti Erlita, S.Sos.I, S.H. ",27,"139,856",1,,,,,,,,,,,
2014,Kalimantan Barat,DPD,,,,"Sakpin Prokhorus, S.Th., M.Pd.K. ",28,"22,936",,,,,,,,,,,,
2014,Kalimantan Barat,DPD,,,,Drs. Syafi'i,29,"13,082",,,,,,,,,,,,
2014,Kalimantan Barat,DPD,,,,"Syafrial Nur, S.H., M.Pd.",30,"17,537",,,,,,,,,,,,
2014,Kalimantan Barat,DPD,,,,Drs. Uray Usman Saidi. AS,31,"47,046",,,,,,,,,,,,
2014,Kalimantan Barat,DPD,,,,"Usmandy S. S.Sos., M.Si.",32,"35,130",,,,,,,,,,,,
2014,Kalimantan Barat,DPD,,,,Drs. Yakobus Kumis,33,"53,519",,,,,,,,,,,,
2014,Kalimantan Barat,DPD,,,,"Zakaria, S.H.",34,"9,008",,,,,,,,,,,,
2014,Kalimantan Selatan,DPD,,"1,684,392",,,,,,,,,,,,,,,,
2014,Kalimantan Selatan,DPD,,,,"Drs. Abdussani, M.I.Kom",1,"101,460",,,,,,,,,,,,
2014,Kalimantan Selatan,DPD,,,,Achmad Husaini,2,"87,993",,,,,,,,,,,,
2014,Kalimantan Selatan,DPD,,,,Ir. Anang Rosadi Adenansi,3,"68,770",,,,,,,,,,,,
2014,Kalimantan Selatan,DPD,,,,"Antung Fatmawati, S.T.",4,"105,972",1,,,,,,,,,,,
2014,Kalimantan Selatan,DPD,,,,"Berry Nahdian Forqan, S.P., M.S. ",5,"72,197",,,,,,,,,,,,
2014,Kalimantan Selatan,DPD,,,,"H. Gusti Farid Hasan Aman, S.E., Akt., M.B.A",6,"319,413",1,,,,,,,,,,,
2014,Kalimantan Selatan,DPD,,,,Habib Abdurrahman Bahasyim,7,"268,400",1,,,,,,,,,,,
2014,Kalimantan Selatan,DPD,,,,"Habib Hamid Abdullah, S.H., M.H",8,"239,945",1,,,,,,,,,,,
2014,Kalimantan Selatan,DPD,,,,"H. M. Husaini Aliman, S.E., M.M",9,"74,699",,,,,,,,,,,,
2014,Kalimantan Selatan,DPD,,,,"Drs. H. M. Sofwat Hadi, S.H",10,"105,864",,,,,,,,,,,,
2014,Kalimantan Selatan,DPD,,,,"H. M. Suriani Shiddiq, S.Ag., M.Si",11,"35,806",,,,,,,,,,,,
2014,Kalimantan Selatan,DPD,,,,Drs. H. Mansyah Sabri,12,"48,227",,,,,,,,,,,,
2014,Kalimantan Selatan,DPD,,,,"Drs. H. Masderiansyah, M.Si",13,"13,630",,,,,,,,,,,,
2014,Kalimantan Selatan,DPD,,,,Kol. Inf. (Purn.) Nasib Alamsyah,14,"38,788",,,,,,,,,,,,
2014,Kalimantan Selatan,DPD,,,,Drs. H. Sumiadi Burhan,15,"11,856",,,,,,,,,,,,
2014,Kalimantan Selatan,DPD,,,,"Dra. Titien Agustina, M.Si",16,"21,656",,,,,,,,,,,,
2014,Kalimantan Selatan,DPD,,,,"Yuria Wati Zai Rose, S.E",17,"69,716",,,,,,,,,,,,
2014,Kalimantan Tengah,DPD,,"1,085,984",,,,,,,,,,,,,,,,
2014,Kalimantan Tengah,DPD,,,,H. A. Mas'ad Ikhsan,1,"64,736",,,,,,,,,,,,
2014,Kalimantan Tengah,DPD,,,,Ir. H. Antang Dwi Dasono,2,"47,493",,,,,,,,,,,,
2014,Kalimantan Tengah,DPD,,,,"H. Asrani, S.E",3,"63,553",,,,,,,,,,,,
2014,Kalimantan Tengah,DPD,,,,Habib H. Said Ismail,4,"182,251",1,,,,,,,,,,,
2014,Kalimantan Tengah,DPD,,,,"Heriadi, S.T",5,"34,138",,,,,,,,,,,,
2014,Kalimantan Tengah,DPD,,,,Drs. Jecky Dahir ,6,"62,599",,,,,,,,,,,,
2014,Kalimantan Tengah,DPD,,,,Ir. Kusmayadi,7,"42,933",,,,,,,,,,,,
2014,Kalimantan Tengah,DPD,,,,H. Mohammad Ali,8,"28,349",,,,,,,,,,,,
2014,Kalimantan Tengah,DPD,,,,"Ir. H. Mohammad Mawardi, M.M., M.Si",9,"93,577",1,,,,,,,,,,,
2014,Kalimantan Tengah,DPD,,,,"H. Muhammad Rakhman, S.E., S.T",10,"81,966",,,,,,,,,,,,
2014,Kalimantan Tengah,DPD,,,,"Muliadi, S.E",11,"10,615",,,,,,,,,,,,
2014,Kalimantan Tengah,DPD,,,,Napa J. awat,12,"69,517",,,,,,,,,,,,
2014,Kalimantan Tengah,DPD,,,,"Hj. Permana Sari, S.Si., M.M., M.B.A",13,"83,015",1,,,,,,,,,,,
2014,Kalimantan Tengah,DPD,,,,Rinco Norkim,14,"14,070",,,,,,,,,,,,
2014,Kalimantan Tengah,DPD,,,,Pdt. Rugas Binti,15,"118,598",1,,,,,,,,,,,
2014,Kalimantan Tengah,DPD,,,,"H. Said Ahmad Fauzi Bahsin, S.Hi",16,"37,193",,,,,,,,,,,,
2014,Kalimantan Tengah,DPD,,,,H. Sholeh Anshori. S.Pd.i ,17,"35,144",,,,,,,,,,,,
2014,Kalimantan Tengah,DPD,,,,Totok Sugiyanto S.Ag,18,"16,237",,,,,,,,,,,,
2014,Kalimantan Timur,DPD,,"1,657,625",,,,,,,,,,,,,,,,
2014,Kalimantan Timur,DPD,,,,H. Ahmad Hendry,1,"113,696",,,,,,,,,,,,
2014,Kalimantan Timur,DPD,,,,"Aji Muhammad Mirza Wardana, S.T",2,"114,121",1,,,,,,,,,,,
2014,Kalimantan Timur,DPD,,,,Drs. H. Amir Hamzah B. M.Si,3,"43,233",,,,,,,,,,,,
2014,Kalimantan Timur,DPD,,,,"Ir. H. Bambang Susilo, M.M",4,"271,658",1,,,,,,,,,,,
2014,Kalimantan Timur,DPD,,,,Benny R.B. Kowel,5,"72,350",,,,,,,,,,,,
2014,Kalimantan Timur,DPD,,,,H. Erhamsyah,6,"51,721",,,,,,,,,,,,
2014,Kalimantan Timur,DPD,,,,"Harmanto, S.P",7,"95,666",,,,,,,,,,,,
2014,Kalimantan Timur,DPD,,,,"H. Hasanuddin. S.H., M.Si",8,"47,224",,,,,,,,,,,,
2014,Kalimantan Timur,DPD,,,,Hengki,9,"46,240",,,,,,,,,,,,
2014,Kalimantan Timur,DPD,,,,Dr. Khalep Rahmat,10,"48,036",,,,,,,,,,,,
2014,Kalimantan Timur,DPD,,,,M. Said,11,"33,114",,,,,,,,,,,,
2014,Kalimantan Timur,DPD,,,,"Dr. Drs. Marthin Billa, M.M",12,"213,055",1,,,,,,,,,,,
2014,Kalimantan Timur,DPD,,,,Drs. H. Muhammad Idris S,13,"113,740",,,,,,,,,,,,
2014,Kalimantan Timur,DPD,,,,"H. Muhayan Hayan, S.E",14,"16,152",,,,,,,,,,,,
2014,Kalimantan Timur,DPD,,,,"K.H. Muslihuddin Abdurrasyid, Lc., M.Pd.I.",15,"121,853",1,,,,,,,,,,,
2014,Kalimantan Timur,DPD,,,,"dr. Naomi Patioran, Sp.M.",16,"99,059",,,,,,,,,,,,
2014,Kalimantan Timur,DPD,,,,"Drs. H. Ramli, M.Hum",17,"44,162",,,,,,,,,,,,
2014,Kalimantan Timur,DPD,,,,"Samsudin S., S.H.",18,"23,488",,,,,,,,,,,,
2014,Kalimantan Timur,DPD,,,,Trisno Widodo,19,"31,179",,,,,,,,,,,,
2014,Kalimantan Timur,DPD,,,,Usman Yusuf,20,"57,878",,,,,,,,,,,,
2014,Kepulauan Riau,DPD,,"791,700",,,,,,,,,,,,,,,,
2014,Kepulauan Riau,DPD,,,,"Djasarmen Purba, S.H.",1,"83,748",1,,,,,,,,,,,
2014,Kepulauan Riau,DPD,,,,"Fahruddin Nasution, B.A.",2,"26,264",,,,,,,,,,,,
2014,Kepulauan Riau,DPD,,,,Hardi Selamat Hood,3,"93,170",1,,,,,,,,,,,
2014,Kepulauan Riau,DPD,,,,Haripinto Tanuwidjaja,4,"82,115",1,,,,,,,,,,,
2014,Kepulauan Riau,DPD,,,,Heri Irianto,5,"25,447",,,,,,,,,,,,
2014,Kepulauan Riau,DPD,,,,Mangara Sonang Nasution,6,"12,087",,,,,,,,,,,,
2014,Kepulauan Riau,DPD,,,,"Ir. Mohamad Nabil, M.Si",7,"77,267",,,,,,,,,,,,
2014,Kepulauan Riau,DPD,,,,"Peris Temba, S.E., M.M.",8,"12,010",,,,,,,,,,,,
2014,Kepulauan Riau,DPD,,,,Raden Hari Tjahyono,9,"40,552",,,,,,,,,,,,
2014,Kepulauan Riau,DPD,,,,"Rahmatsyah Ramadhany Dhany Ismeth, M.B.A., M.Sc.",10,"36,316",,,,,,,,,,,,
2014,Kepulauan Riau,DPD,,,,Ria Saptarika,11,"122,817",1,,,,,,,,,,,
2014,Kepulauan Riau,DPD,,,,"Dr. Richard H Pasaribu, B.Sc., M.Sc.",12,"47,076",,,,,,,,,,,,
2014,Kepulauan Riau,DPD,,,,H. Saidul Khudri,13,"28,369",,,,,,,,,,,,
2014,Kepulauan Riau,DPD,,,,"Dra. Hj. Syamsinar Yusuf, M.M.",14,"49,788",,,,,,,,,,,,
2014,Kepulauan Riau,DPD,,,,"Drs. H. Zulbahri M,M.Pd.",15,"54,674",,,,,,,,,,,,
2014,Lampung,DPD,,"3,813,104",,,,,,,,,,,,,,,,
2014,Lampung,DPD,,,,"Ir. A. Azis Adyas, S.H.",1,"252,912",,,,,,,,,,,,
2014,Lampung,DPD,,,,"H. Achmad Syabirin H. A. Koenang, S.H., M.H.",2,"189,954",,,,,,,,,,,,
2014,Lampung,DPD,,,,Ir. Agusman Effendi,3,"159,344",,,,,,,,,,,,
2014,Lampung,DPD,,,,"Ahmad Farmadi Putra, S.H.",4,"154,965",,,,,,,,,,,,
2014,Lampung,DPD,,,,"H. Ahmad Jajuli, S.I.P., M.Si.",5,"338,596",1,,,,,,,,,,,
2014,Lampung,DPD,,,,"Ananda Thopati.N. R,S.P.Si.",6,"145,718",,,,,,,,,,,,
2014,Lampung,DPD,,,,Ir. Anang Prihantoro,7,"546,287",1,,,,,,,,,,,
2014,Lampung,DPD,,,,Dr.H. Andi Surya,8,"295,910",1,,,,,,,,,,,
2014,Lampung,DPD,,,,"Ardian Saputra, SH",9,"163,676",,,,,,,,,,,,
2014,Lampung,DPD,,,,"Arief Budi Atmoko, S.T., M.T.",10,"44,285",,,,,,,,,,,,
2014,Lampung,DPD,,,,"Ir. H. Aryodhia Febriansya, S.H.",11,"185,797",,,,,,,,,,,,
2014,Lampung,DPD,,,,H. ismail Zulkarnain,12,"85,329",,,,,,,,,,,,
2014,Lampung,DPD,,,,"Iswandi, A.Md.",13,"40,235",,,,,,,,,,,,
2014,Lampung,DPD,,,,"H. Khairudin Gustam, S.E.",14,"59,057",,,,,,,,,,,,
2014,Lampung,DPD,,,,Moh. Yusuf,15,"49,428",,,,,,,,,,,,
2014,Lampung,DPD,,,,"Muhyidin Thohir, S.Pd.I.",16,"73,332",,,,,,,,,,,,
2014,Lampung,DPD,,,,Ir.Hi. Nur Zaini,17,"55,300",,,,,,,,,,,,
2014,Lampung,DPD,,,,Rida Budiyati S.Kom.,18,"138,467",,,,,,,,,,,,
2014,Lampung,DPD,,,,"H. SM. Herlambang, S.H., M.H.",19,"79,610",,,,,,,,,,,,
2014,Lampung,DPD,,,,Ir. Suhendra Ratu Prawira Negara,20,"105,466",,,,,,,,,,,,
2014,Lampung,DPD,,,,"H. SUMINTO MARTONO,S.H.",21,"36,922",,,,,,,,,,,,
2014,Lampung,DPD,,,,"KOLONEL (Purn.) H. SUNARDI, S.Sos, M.H.",22,"67,176",,,,,,,,,,,,
2014,Lampung,DPD,,,,"SYARIF, S.H.",23,"270,882",1,,,,,,,,,,,
2014,Lampung,DPD,,,,Hj. TUTI W. MALANO,24,"139,269",,,,,,,,,,,,
2014,Lampung,DPD,,,,Ir. WORO ARY WERDHANI,25,"112,893",,,,,,,,,,,,
2014,Lampung,DPD,,,,ZAINAL MA'ARIF,26,"22,294",,,,,,,,,,,,
2014,Maluku,DPD,,"914,824",,,,,,,,,,,,,,,,
2014,Maluku,DPD,,,,ABD HAMID RAHAYAAN,1,"55,735",,,,,,,,,,,,
2014,Maluku,DPD,,,,Drs. ABDULLAH ASSAGAF,2,"21,496",,,,,,,,,,,,
2014,Maluku,DPD,,,,ABUKASIM SANGADJI,3,"33,997",,,,,,,,,,,,
2014,Maluku,DPD,,,,"AGUSTINUS DADIARA, S.H.",4,"17,995",,,,,,,,,,,,
2014,Maluku,DPD,,,,ANNA LATUCONSINA,5,"108,876",1,,,,,,,,,,,
2014,Maluku,DPD,,,,"ARSI DIVINUBUN, S.H.",6,"18,150",,,,,,,,,,,,
2014,Maluku,DPD,,,,"COSMAS E. REFRA, S.H.",7,"44,439",,,,,,,,,,,,
2014,Maluku,DPD,,,,"DEKY ISAK SINMIASA, S.H.",8,"34,842",,,,,,,,,,,,
2014,Maluku,DPD,,,,Dipl. Oek. ENGELINA. PATTIASINA,9,"50,718",,,,,,,,,,,,
2014,Maluku,DPD,,,,ETHA AISYAH HENTIHU,10,"53,300",,,,,,,,,,,,
2014,Maluku,DPD,,,,"ISMAIL PELU, S.H.",11,"25,091",,,,,,,,,,,,
2014,Maluku,DPD,,,,"JACOB JACK OSPARA, S.Th., M.Th.",12,"42,161",,,,,,,,,,,,
2014,Maluku,DPD,,,,"Prof. Dr, JOHN PIERIS, S.H.,M.S.",13,"63,016",1,,,,,,,,,,,
2014,Maluku,DPD,,,,"LA ODE RAHIM BIN ALI, S.H.",14,-,,,,,,,,,,,,
2014,Maluku,DPD,,,,"H. LA ODE SALIMIN, S.Pd.",15,"60,548",,,,,,,,,,,,
2014,Maluku,DPD,,,,M. RAMLI KAMIDIN ,16,"32,517",,,,,,,,,,,,
2014,Maluku,DPD,,,,HJ. MERRY ASSEGAF,17,"42,862",,,,,,,,,,,,
2014,Maluku,DPD,,,,"MIDIN B. LAMANY, S.H.",18,"12,279",,,,,,,,,,,,
2014,Maluku,DPD,,,,"MUHAMAD RAMLI USWANAS, S.E.",19,"12,843",,,,,,,,,,,,
2014,Maluku,DPD,,,,"Letjen TNI (Marinir) Purn. Dr. NONO SAMPONO, M.SI.",20,"65,189",1,,,,,,,,,,,
2014,Maluku,DPD,,,,"NOVITA ANAKOTTA, S.H, M.H.",21,"62,501",1,,,,,,,,,,,
2014,Maluku,DPD,,,,POLICARPUS ULUKYANAN,22,"7,548",,,,,,,,,,,,
2014,Maluku,DPD,,,,"SOLEMAN LENDE DAPPA, S.Hut, M.Th.",23,"13,369",,,,,,,,,,,,
2014,Maluku,DPD,,,,"Drs. SULAIMAN WASAHUA, M.SI.",24,"12,749",,,,,,,,,,,,
2014,Maluku,DPD,,,,"ZULKARNAIN AWAT AMIR, S.P.",25,"22,603",,,,,,,,,,,,
2014,Maluku Utara,DPD,,"622,821",,,,,,,,,,,,,,,,
2014,Maluku Utara,DPD,,,,Drs. AB. BUANG BUAMONABOT,1,#REF!,,,,,,,,,,,,
2014,Maluku Utara,DPD,,,,Ir. H. ABD HAMID UMAHUK ,2,#REF!,,,,,,,,,,,,
2014,Maluku Utara,DPD,,,,H. ABD. RAHMAN ADAM,3,#REF!,,,,,,,,,,,,
2014,Maluku Utara,DPD,,,,dr. H. ABDUL GAFUR T. IDRIS,4,#REF!,,,,,,,,,,,,
2014,Maluku Utara,DPD,,,,"ABDULLAH ALI, S.T",5,#REF!,,,,,,,,,,,,
2014,Maluku Utara,DPD,,,,Drs. Hi. ABDULRACHMAN LAHABATO,6,#REF!,,,,,,,,,,,,
2014,Maluku Utara,DPD,,,,ADE ADAM NOCH,7,#REF!,,,,,,,,,,,,
2014,Maluku Utara,DPD,,,,ALI DJAIDUN,8,#REF!,,,,,,,,,,,,
2014,Maluku Utara,DPD,,,,Hi. ANWAR HI. IBRAHIM ,9,#REF!,,,,,,,,,,,,
2014,Maluku Utara,DPD,,,,AZFAD AMIRULLAH GAFARULLAH SOAMOLE,10,#REF!,,,,,,,,,,,,
2014,Maluku Utara,DPD,,,,"BASRI SALAMA, S.Pd. ",11,#REF!,1,,,,,,,,,,,
2014,Maluku Utara,DPD,,,,"DAYAN RENLEUW, S.T.",12,#REF!,,,,,,,,,,,,
2014,Maluku Utara,DPD,,,,"H. GAWI ABAS, S.E.",13,#REF!,,,,,,,,,,,,
2014,Maluku Utara,DPD,,,,Hi. HALIM DO BAYAN ,14,#REF!,,,,,,,,,,,,
2014,Maluku Utara,DPD,,,,"IMRAN S. DJUMADIL, S.H. ",15,#REF!,,,,,,,,,,,,
2014,Maluku Utara,DPD,,,,"JACUB ZADRAK KAREL MATEKOHY, S.H. ",16,#REF!,,,,,,,,,,,,
2014,Maluku Utara,DPD,,,,Drs. JUANDA BAKAR ,17,#REF!,,,,,,,,,,,,
2014,Maluku Utara,DPD,,,,"KADARIN PODA, S.E. ",18,#REF!,,,,,,,,,,,,
2014,Maluku Utara,DPD,,,,"H.M. IQBAL BOPENG, SH",19,#REF!,,,,,,,,,,,,
2014,Maluku Utara,DPD,,,,"MATHEUS STEFI PASIMANJEKU, S.H. ",20,#REF!,1,,,,,,,,,,,
2014,Maluku Utara,DPD,,,,"Drs. H. MUDAFFAR SJAH, M.Si",21,#REF!,1,,,,,,,,,,,
2014,Maluku Utara,DPD,,,,MUHAMMADd M. BANAPON,22,#REF!,,,,,,,,,,,,
2014,Maluku Utara,DPD,,,,MUHAMMAD SYADRI ,23,#REF!,,,,,,,,,,,,
2014,Maluku Utara,DPD,,,,Ir. MUHLIS A. ADAM ,24,#REF!,,,,,,,,,,,,
2014,Maluku Utara,DPD,,,,Ir. MUSRIYONI NABIU,25,#REF!,,,,,,,,,,,,
2014,Maluku Utara,DPD,,,,NURDIN ABAS ,26,#REF!,,,,,,,,,,,,
2014,Maluku Utara,DPD,,,,REVLI ,27,#REF!,,,,,,,,,,,,
2014,Maluku Utara,DPD,,,,RUSLI H. ARIFIN ,28,#REF!,,,,,,,,,,,,
2014,Maluku Utara,DPD,,,,Hj. SURIATI ARMAIYN,29,#REF!,1,,,,,,,,,,,
2014,Maluku Utara,DPD,,,,"Hi. SYARIF DO. HI. MUHAMMAD, S. Hut. ",30,#REF!,,,,,,,,,,,,
2014,Maluku Utara,DPD,,,,Ir. UDIYANTO I. BASIR ,31,"2,564",,,,,,,,,,,,
2014,Maluku Utara,DPD,,,,"Pdt. VIKTOR CH. S.PAY, S.Si Teol. ",32,"15,239",,,,,,,,,,,,
2014,Nusa Tenggara Barat,DPD,,"2,256,632",,,,,,,,,,,,,,,,
2014,Nusa Tenggara Barat,DPD,,,,"A. ZULKARNAEN ARIPIN ABDUL MAJID, S.Ag.",1,"111,593",,,,,,,,,,,,
2014,Nusa Tenggara Barat,DPD,,,,"H. ABDUL HARIS, M.Sc, M.M.",2,"79,814",,,,,,,,,,,,
2014,Nusa Tenggara Barat,DPD,,,,"H. ABDUL KASIM, S.H. ",3,"98,958",,,,,,,,,,,,
2014,Nusa Tenggara Barat,DPD,,,,drh. H. ABDUL SAMAD,4,"87,653",,,,,,,,,,,,
2014,Nusa Tenggara Barat,DPD,,,,"ANDI MAPPERUMAH, M.S.",5,"89,469",,,,,,,,,,,,
2014,Nusa Tenggara Barat,DPD,,,,"Ir. H. BADRUL MUNIR, M.M.",6,"112,261",,,,,,,,,,,,
2014,Nusa Tenggara Barat,DPD,,,,"BAIQ DIYAH RATU GANEFI, S.H.",7,"187,695",1,,,,,,,,,,,
2014,Nusa Tenggara Barat,DPD,,,,"DJAIDUN HASAN, S.E., M.M.",8,"55,443",,,,,,,,,,,,
2014,Nusa Tenggara Barat,DPD,,,,Prof. Dr. FAROUK MUHAMMAD,9,"152,306",1,,,,,,,,,,,
2014,Nusa Tenggara Barat,DPD,,,,HAJI PADLI,10,"95,583",,,,,,,,,,,,
2014,Nusa Tenggara Barat,DPD,,,,"HALIMAH TUSA'ADIAH, S.Pd.I.",11,"25,185",,,,,,,,,,,,
2014,Nusa Tenggara Barat,DPD,,,,Ir. ILHAM SABIL,12,"29,429",,,,,,,,,,,,
2014,Nusa Tenggara Barat,DPD,,,,"KAHRUL ZAMAN, S.H., M.H.",13,"15,764",,,,,,,,,,,,
2014,Nusa Tenggara Barat,DPD,,,,"L. NASRULLAH WIJAYA KUSUMA, S.P., M.H.",14,"27,468",,,,,,,,,,,,
2014,Nusa Tenggara Barat,DPD,,,,TGH. L. NURUL WATHONI S. Pd.I.,15,"42,480",,,,,,,,,,,,
2014,Nusa Tenggara Barat,DPD,,,,"H. L. SAHRIAL AKHMADI, S.H.",16,"44,634",,,,,,,,,,,,
2014,Nusa Tenggara Barat,DPD,,,,Drs. LALU AGUS SARJANA,17,"21,654",,,,,,,,,,,,
2014,Nusa Tenggara Barat,DPD,,,,"TGH. LALU MALA SAR'I, S.Ag.",18,"71,871",,,,,,,,,,,,
2014,Nusa Tenggara Barat,DPD,,,,,19,-,,,,,,,,,,,,
2014,Nusa Tenggara Barat,DPD,,,,Drs. H. LALU SUHAIMI ISMY,20,"172,375",1,,,,,,,,,,,
2014,Nusa Tenggara Barat,DPD,,,,"H. LALU WIRATMAJA, S.H.",21,"71,883",,,,,,,,,,,,
2014,Nusa Tenggara Barat,DPD,,,,Ir. H. M. IKHSAN GEMALA PUTRA,22,"16,761",,,,,,,,,,,,
2014,Nusa Tenggara Barat,DPD,,,,Drs. H. M. IKROM,23,"12,226",,,,,,,,,,,,
2014,Nusa Tenggara Barat,DPD,,,,"H. M. SUPARJITO, S.Sos.",24,"14,418",,,,,,,,,,,,
2014,Nusa Tenggara Barat,DPD,,,,H. MASYKUR SIMAN,25,"8,524",,,,,,,,,,,,
2014,Nusa Tenggara Barat,DPD,,,,"Drs. TGH. MUCHLIS IBRAHIM, M.Si.",26,"61,889",,,,,,,,,,,,
2014,Nusa Tenggara Barat,DPD,,,,"MUH. TURMUZI, S.H. M.M.Pd.",27,"19,667",,,,,,,,,,,,
2014,Nusa Tenggara Barat,DPD,,,,"H. MUHAIMIN YAHYA, S.SOS.",28,"33,922",,,,,,,,,,,,
2014,Nusa Tenggara Barat,DPD,,,,MUHAMAD MUSANNIP,29,"12,748",,,,,,,,,,,,
2014,Nusa Tenggara Barat,DPD,,,,"H. MUHAMMAD, S.H.",30,"23,091",,,,,,,,,,,,
2014,Nusa Tenggara Barat,DPD,,,,"MUHAMMAD NASRULLAH, S.Ag.",31,"32,414",,,,,,,,,,,,
2014,Nusa Tenggara Barat,DPD,,,,TGH. MUHARRAR MAHFUZ,32,"129,002",,,,,,,,,,,,
2014,Nusa Tenggara Barat,DPD,,,,"NAJAMUDDIN UMAR, S.E.",33,"23,676",,,,,,,,,,,,
2014,Nusa Tenggara Barat,DPD,,,,"Hj. ROBIATUL ADAWIYAH, S.E.",34,"129,878",1,,,,,,,,,,,
2014,Nusa Tenggara Barat,DPD,,,,"RUKMAN, S.E.",35,"19,022",,,,,,,,,,,,
2014,Nusa Tenggara Barat,DPD,,,,"Ir. Hj. SRI SUSTINI. NS, M.M.",36,"38,991",,,,,,,,,,,,
2014,Nusa Tenggara Barat,DPD,,,,"Dr. SUHARYANTO H. SORO, A.CA., S.Pd. M.Pd.",37,"22,306",,,,,,,,,,,,
2014,Nusa Tenggara Barat,DPD,,,,"SUPRATMAN, S.E.",38,"19,259",,,,,,,,,,,,
2014,Nusa Tenggara Barat,DPD,,,,THAMRIN MARDJUN,39,"5,920",,,,,,,,,,,,
2014,Nusa Tenggara Barat,DPD,,,,Ir. TJATUR KUKUH SURJANTO,40,"12,695",,,,,,,,,,,,
2014,Nusa Tenggara Barat,DPD,,,,YANI SAGAROA,41,"26,705",,,,,,,,,,,,
2014,Nusa Tenggara Timur,DPD,," 2,248,902 ",,,,,,,,,,,,,,,,
2014,Nusa Tenggara Timur,DPD,,,,Ir. ABRAHAM LIYANTO ,1,"177,119",1,,,,,,,,,,,
2014,Nusa Tenggara Timur,DPD,,,,"ADRIANUS GARU, S.E., M.SI.",2,"140,502",1,,,,,,,,,,,
2014,Nusa Tenggara Timur,DPD,,,,"Drs. AGUSTINUS BEBOK QUINTUS, M.S",3,"37,763",,,,,,,,,,,,
2014,Nusa Tenggara Timur,DPD,,,,"ALEKSIUS ARMANJAYA, S.S., M.H.",4,-,,,,,,,,,,,,
2014,Nusa Tenggara Timur,DPD,,,,"ANTONIUS ELISEUS RASI WANGGE, S.S.",5,"75,324",,,,,,,,,,,,
2014,Nusa Tenggara Timur,DPD,,,,"ARIESTON DAPPA, S.T.",6,"70,286",,,,,,,,,,,,
2014,Nusa Tenggara Timur,DPD,,,,dr. ASYERA R.A. WONDALERO,7,"63,811",,,,,,,,,,,,
2014,Nusa Tenggara Timur,DPD,,,,"Ir. BERNADUS YOHANES RALDY DOY, M.SI.",8,"96,314",,,,,,,,,,,,
2014,Nusa Tenggara Timur,DPD,,,,CAROLINA NUBATONIS-KONDO,9,"75,352",,,,,,,,,,,,
2014,Nusa Tenggara Timur,DPD,,,,Drs. E. ENSE DA CUNHA SOLAPUNG,10,"58,631",,,,,,,,,,,,
2014,Nusa Tenggara Timur,DPD,,,,"FERDINANDUS SENTOSA NGGAO, S.Sos, M.SI.",11,"38,939",,,,,,,,,,,,
2014,Nusa Tenggara Timur,DPD,,,,FRANCISCO DEODATO ROSARIO OSORIO SOARES,12,"14,171",,,,,,,,,,,,
2014,Nusa Tenggara Timur,DPD,,,,"FRANSISKUS XAVERIUS ELVIS HANCU, S.Fil.",13,"25,390",,,,,,,,,,,,
2014,Nusa Tenggara Timur,DPD,,,,"Drs. H. R. TONUBESSI, M.Hum., M.Si.",14,"14,789",,,,,,,,,,,,
2014,Nusa Tenggara Timur,DPD,,,,Drs. IBRAHIM AGUSTINUS MEDAH,15,"382,122",1,,,,,,,,,,,
2014,Nusa Tenggara Timur,DPD,,,,Drs. JOHANES MAT NGARE,16,"27,592",,,,,,,,,,,,
2014,Nusa Tenggara Timur,DPD,,,,Drs. JOHN TH. BLEGUR,17,"53,854",,,,,,,,,,,,
2014,Nusa Tenggara Timur,DPD,,,,JULIA STEVANNY E. BLEGUR,18,"33,882",,,,,,,,,,,,
2014,Nusa Tenggara Timur,DPD,,,,Drs. MAKABORANG HAMATARA,19,"28,868",,,,,,,,,,,,
2014,Nusa Tenggara Timur,DPD,,,,"MAKARIUS PASKALIS BAUT, S.H.",20,"68,054",,,,,,,,,,,,
2014,Nusa Tenggara Timur,DPD,,,,MARCUS HENDRIK,21,"9,922",,,,,,,,,,,,
2014,Nusa Tenggara Timur,DPD,,,,"MARIA NUBAN SAKU, S.H.",22,"17,948",,,,,,,,,,,,
2014,Nusa Tenggara Timur,DPD,,,,Ir. MARTINUS JAWA,23,"26,423",,,,,,,,,,,,
2014,Nusa Tenggara Timur,DPD,,,,Dra. MIEN HADJON PATTYMANGOE,24,"28,504",,,,,,,,,,,,
2014,Nusa Tenggara Timur,DPD,,,,MIKAEL UMBU ZASA ,25,"58,620",,,,,,,,,,,,
2014,Nusa Tenggara Timur,DPD,,,,MOSES MOGO,26,"75,271",,,,,,,,,,,,
2014,Nusa Tenggara Timur,DPD,,,,"NUNIK ELIZABETH MERUKH, M.B.A.",27,"28,971",,,,,,,,,,,,
2014,Nusa Tenggara Timur,DPD,,,,Drs. PAULUS MOA,28,"63,866",,,,,,,,,,,,
2014,Nusa Tenggara Timur,DPD,,,,PITER THINUNG PITOBY,29,"19,685",,,,,,,,,,,,
2014,Nusa Tenggara Timur,DPD,,,,"Drs. REFAFI GAH, M.Pd.",30,"21,708",,,,,,,,,,,,
2014,Nusa Tenggara Timur,DPD,,,,"RENGKA PIUS, S.H., M.Sc.",31,"10,971",,,,,,,,,,,,
2014,Nusa Tenggara Timur,DPD,,,,ROMANUS NDAU,32,"30,859",,,,,,,,,,,,
2014,Nusa Tenggara Timur,DPD,,,,Ir. SARAH LERY MBOEIK,33,"56,131",,,,,,,,,,,,
2014,Nusa Tenggara Timur,DPD,,,,SIMON NUBATONIS,34,"18,102",,,,,,,,,,,,
2014,Nusa Tenggara Timur,DPD,,,,Drs. STEFANUS MONE KAKA,35,"19,739",,,,,,,,,,,,
2014,Nusa Tenggara Timur,DPD,,,,SYAFRUDIN ATASOGE,36,"103,876",1,,,,,,,,,,,
2014,Nusa Tenggara Timur,DPD,,,,TENGGUDAI PETRONELLA LITTIK,37,-,,,,,,,,,,,,
2014,Nusa Tenggara Timur,DPD,,,,"UMBU SAPPY SAMAPATY, S.H., M.H.",38,"70,866",,,,,,,,,,,,
2014,Nusa Tenggara Timur,DPD,,,,"UMBU WULANG TANAAMAH PARANGGI, S.SoS.",39,"29,008",,,,,,,,,,,,
2014,Nusa Tenggara Timur,DPD,,,,"dr. WERA DAMIANUS, M.M",40,"42,057",,,,,,,,,,,,
2014,Nusa Tenggara Timur,DPD,,,,WIHERS RIHI HEREWILA,41,"33,612",,,,,,,,,,,,
2014,Papua,DPD,,"2,904,716",,,,,,,,,,,,,,,,
2014,Papua,DPD,,,,"ANTON H.M. WALAB GEBZE, S.H. ",1,"71,433",,,,,,,,,,,,
2014,Papua,DPD,,,,"Pdt. CARLES SIMAREMARE, S.Th., M.Si. ",2,"394,138",1,,,,,,,,,,,
2014,Papua,DPD,,,,"DANIEL BUTU, B.A. ",3,"79,421",,,,,,,,,,,,
2014,Papua,DPD,,,,Drs. Dirk DICKY RUMBOIRUSI ,4,"58,742",,,,,,,,,,,,
2014,Papua,DPD,,,,EDISON LAMBE ,5,"206,503",1,,,,,,,,,,,
2014,Papua,DPD,,,,"EMANUEL TEBAI, S.Pd., M.B.A. ",6,"168,949",,,,,,,,,,,,
2014,Papua,DPD,,,,FERDINANDA W. IBO YATIPAY,7,"115,766",,,,,,,,,,,,
2014,Papua,DPD,,,,"FREDERIK WAKUM, S.Sos",8,"148,767",,,,,,,,,,,,
2014,Papua,DPD,,,,HABELINO SAWAKI ,9,"83,581",,,,,,,,,,,,
2014,Papua,DPD,,,,HELINA MURIB ,10,"84,611",,,,,,,,,,,,
2014,Papua,DPD,,,,"JOHN WEMPI WONA, S.H. ",11,"195,831",,,,,,,,,,,,
2014,Papua,DPD,,,,"JOSHUA ONIM, S.E. ",12,"66,630",,,,,,,,,,,,
2014,Papua,DPD,,,,"LA MADI, S.E. ",13,"68,900",,,,,,,,,,,,
2014,Papua,DPD,,,,MESAKH MIRIN ,14,"297,604",1,,,,,,,,,,,
2014,Papua,DPD,,,,"NATAN NAFTALI TEBAI, S.Sos",15,"113,925",,,,,,,,,,,,
2014,Papua,DPD,,,,"Drs. PAULUS YOHANES SUMINO, M.M.",16,"164,554",,,,,,,,,,,,
2014,Papua,DPD,,,,RAFAEL YOSEP SIHOMBING,17,"21,361",,,,,,,,,,,,
2014,Papua,DPD,,,,"Drs. ROBERT ISIR, M.A., M.M. ",18,-,,,,,,,,,,,,
2014,Papua,DPD,,,,Drs. S.P. RUMBORIYAS ,19,"14,790",,,,,,,,,,,,
2014,Papua,DPD,,,,"TENIUS TABUNI, S.T. ",20,"46,532",,,,,,,,,,,,
2014,Papua,DPD,,,,THEOFILUS WAIMURI,21,"16,585",,,,,,,,,,,,
2014,Papua,DPD,,,,"Dr. H. TONI VICTOR MANDAWIRI WANGGAI, M.A.",22,"148,717",,,,,,,,,,,,
2014,Papua,DPD,,,,"YANES MURIB, M.M. ",23,"259,444",1,,,,,,,,,,,
2014,Papua,DPD,,,,"YUBERINA TABUNI, S.SOs.",24,"53,961",,,,,,,,,,,,
2014,Papua,DPD,,,,"Drs. YULIANUS NIKODEMUS WONMALY, M.A.",25,"23,971",,,,,,,,,,,,
2014,Papua Barat,DPD,,"531,198",,,,,,,,,,,,,,,,
2014,Papua Barat,DPD,,,,"Abdullah Manaray, S.T.",1,"94,307",1,,,,,,,,,,,
2014,Papua Barat,DPD,,,,"Chaidir Djafar, S.E., M.Si.",2,"43,900",1,,,,,,,,,,,
2014,Papua Barat,DPD,,,,"Ester Margareth Mandosir, S.Sos., M.H. ",3,"30,211",,,,,,,,,,,,
2014,Papua Barat,DPD,,,,"Ishak Mandacan, S.H.",4,"30,497",,,,,,,,,,,,
2014,Papua Barat,DPD,,,,"Ivan Ismail Madu, S.Sos. ",5,"18,441",,,,,,,,,,,,
2014,Papua Barat,DPD,,,,"Jacob Esau Komigi, S.H., M.M.",6,"83,619",1,,,,,,,,,,,
2014,Papua Barat,DPD,,,,La Jumad,7,-,,,,,,,,,,,,
2014,Papua Barat,DPD,,,,"Mamberob Yosephus Rumakiek, S.Si. ",8,"39,401",,,,,,,,,,,,
2014,Papua Barat,DPD,,,,Mervin Sadipun Komber ,9,"74,021",1,,,,,,,,,,,
2014,Papua Barat,DPD,,,,"Mika Dumais, S.H.",10,"16,873",,,,,,,,,,,,
2014,Papua Barat,DPD,,,,"Salomie Christina Saway, S.H. ",11,"9,933",,,,,,,,,,,,
2014,Papua Barat,DPD,,,,Sayid Fadhal Alhamid,12,"25,674",,,,,,,,,,,,
2014,Papua Barat,DPD,,,,"Sopia Maipauw, S.H.",13,"30,869",,,,,,,,,,,,
2014,Papua Barat,DPD,,,,Usman Difinubun,14,-,,,,,,,,,,,,
2014,Papua Barat,DPD,,,,"Victor Juventusn G. May, S.Hut.",15,"33,452",,,,,,,,,,,,
2014,Riau,DPD,,"2,561,671",,,,,,,,,,,,,,,,
2014,Riau,DPD,,,,"Drs. H. ABDUL GAFAR USMAN, M.M",1,"227,991",1,,,,,,,,,,,
2014,Riau,DPD,,,,"AFRI, S.P",2,"147,951",,,,,,,,,,,,
2014,Riau,DPD,,,,"AGUSTIAN RASMANTO, S.E",3,"160,568",,,,,,,,,,,,
2014,Riau,DPD,,,,AMRIL PILIANG ,4,"62,374",,,,,,,,,,,,
2014,Riau,DPD,,,,H. ARSADIANTO RACHMAN,5,"87,217",,,,,,,,,,,,
2014,Riau,DPD,,,,DESMIANTO,6,"88,117",,,,,,,,,,,,
2014,Riau,DPD,,,,"H. ILYAS LABAY, S.Sos., M.Si",7,"103,652",,,,,,,,,,,,
2014,Riau,DPD,,,,"INTSIAWATI AYUS, S.H., M.H",8,"352,603",1,,,,,,,,,,,
2014,Riau,DPD,,,,"IWA SIRWANI BIBRA, S.Sos., M.Ag,. ",9,"167,171",,,,,,,,,,,,
2014,Riau,DPD,,,,"KHAIRUDDIN, S.H.I., M.Ag.",10,"77,044",,,,,,,,,,,,
2014,Riau,DPD,,,,"Dr. Hj. MAIMANAH UMAR, M.A",11,"184,625",1,,,,,,,,,,,
2014,Riau,DPD,,,,"KH. MOCH. ALWI ARIFIN, S.Pd",12,"80,298",,,,,,,,,,,,
2014,Riau,DPD,,,,"MUHAMMAD MUZAMIL, S.E",13,"32,993",,,,,,,,,,,,
2014,Riau,DPD,,,,"NARLIS, M.A",14,"150,488",,,,,,,,,,,,
2014,Riau,DPD,,,,"Ir. H. NAWASIR KADIR, M.M",15,"12,270",,,,,,,,,,,,
2014,Riau,DPD,,,,"RIBHAN DWI JAYANA, S.H., M.H",16,"50,998",,,,,,,,,,,,
2014,Riau,DPD,,,,ROSTI ULI PURBA,17,"197,562",1,,,,,,,,,,,
2014,Riau,DPD,,,,"H. SAID ZOHRIN, S.H., M.H",18,"65,782",,,,,,,,,,,,
2014,Riau,DPD,,,,"Drs. SUDARMO HASAN, M.A",19,"39,973",,,,,,,,,,,,
2014,Riau,DPD,,,,"H. SUSILO, S.E., M.M",20,"14,648",,,,,,,,,,,,
2014,Riau,DPD,,,,SUTRISNO. S,21,"18,092",,,,,,,,,,,,
2014,Riau,DPD,,,,Drs. H. TAUFIK IKRAM JAMIL,22,"51,725",,,,,,,,,,,,
2014,Riau,DPD,,,,WAN ABU BAKAR,23,"97,164",,,,,,,,,,,,
2014,Riau,DPD,,,,ZULHUSNI DOMO,24,"40,555",,,,,,,,,,,,
2014,Riau,DPD,,,,"H. ZULKARNAEN, S.H., M.H",25,"49,810",,,,,,,,,,,,
2014,Sulawesi Barat,DPD,,"654,197",,,,,,,,,,,,,,,,
2014,Sulawesi Barat,DPD,,,,H. Amri Mustafa,1,"29,748",,,,,,,,,,,,
2014,Sulawesi Barat,DPD,,,,H. Andi Maksum Dai,2,"22,096",,,,,,,,,,,,
2014,Sulawesi Barat,DPD,,,,"H. Andi R. Endong Patompo, M.B.A., CRE",3,"16,123",,,,,,,,,,,,
2014,Sulawesi Barat,DPD,,,,"Ir. H. Andi Surianto B. Mappangara, M.T. ",4,"31,340",,,,,,,,,,,,
2014,Sulawesi Barat,DPD,,,,"Andi Zastrawati, S.E., M.Si",5,"26,730",,,,,,,,,,,,
2014,Sulawesi Barat,DPD,,,,Drs. H. Hasan Sulur,6,"26,100",,,,,,,,,,,,
2014,Sulawesi Barat,DPD,,,,Drs. H. Husain Haenur,7,"29,381",,,,,,,,,,,,
2014,Sulawesi Barat,DPD,,,,I Ketut Sutama ,8,"17,056",,,,,,,,,,,,
2014,Sulawesi Barat,DPD,,,,"Indah Mayasari, S.Pd.",9,"19,043",,,,,,,,,,,,
2014,Sulawesi Barat,DPD,,,,Ir. H. Iskandar Muda Baharuddin Lopa,10,"48,245",1,,,,,,,,,,,
2014,Sulawesi Barat,DPD,,,,"Drs. Johari Rugani, M.A.",11,"6,669",,,,,,,,,,,,
2014,Sulawesi Barat,DPD,,,,H. M. Ramlie A,12,"14,369",,,,,,,,,,,,
2014,Sulawesi Barat,DPD,,,,"Marthen, M.Th.",13,"63,686",1,,,,,,,,,,,
2014,Sulawesi Barat,DPD,,,,Muh. Asri Anas,14,"58,151",1,,,,,,,,,,,
2014,Sulawesi Barat,DPD,,,,"Muh. Ilman Nadjamuddin, S.P.",15,"10,034",,,,,,,,,,,,
2014,Sulawesi Barat,DPD,,,,"Muh. Rafi, S.E.",16,"4,195",,,,,,,,,,,,
2014,Sulawesi Barat,DPD,,,,K.H. Muh. Syibli Sahabuddin,17,"51,580",1,,,,,,,,,,,
2014,Sulawesi Barat,DPD,,,,Drs. H. M. Gaus Bastary,18,"7,387",,,,,,,,,,,,
2014,Sulawesi Barat,DPD,,,,Muhammad Zakir Akbar,19,"36,766",,,,,,,,,,,,
2014,Sulawesi Barat,DPD,,,,"Hj. Mulyana Isham, S.H, M.M.",20,"41,165",,,,,,,,,,,,
2014,Sulawesi Barat,DPD,,,,"Drs. Naharuddin, M.Si. ",21,"13,868",,,,,,,,,,,,
2014,Sulawesi Barat,DPD,,,,Noegroho Eko Mardiyono,22,"3,825",,,,,,,,,,,,
2014,Sulawesi Barat,DPD,,,,Radhitya Ardimas Anwar ,23,"36,138",,,,,,,,,,,,
2014,Sulawesi Barat,DPD,,,,Sudirman Zuhdi ,24,"9,050",,,,,,,,,,,,
2014,Sulawesi Barat,DPD,,,,H. Syahrir Hamdani,25,"31,452",,,,,,,,,,,,
2014,Sulawesi Selatan,DPD,,"4,193,154",,,,,,,,,,,,,,,,
2014,Sulawesi Selatan,DPD,,,,A. Wahyuddin Malik,1,"198,171",,,,,,,,,,,,
2014,Sulawesi Selatan,DPD,,,,A.M. Iqbal Parewangi ,2,"233,785",1,,,,,,,,,,,
2014,Sulawesi Selatan,DPD,,,,"Ir.H. Abdul Aziz Qahar Mudzakkar, M.Si",3,"1,032,113",1,,,,,,,,,,,
2014,Sulawesi Selatan,DPD,,,,H. Abdul Djalil Thahir ,4,"110,008",,,,,,,,,,,,
2014,Sulawesi Selatan,DPD,,,,Drs. Abdul Kadir Patwa ,5,"96,248",,,,,,,,,,,,
2014,Sulawesi Selatan,DPD,,,,"Drs. Agussalim Andi Gadjong, S.H., M.H. ",6,"92,585",,,,,,,,,,,,
2014,Sulawesi Selatan,DPD,,,,"Dr. H. Ajiep Padindang, S.E., M.M",7,"304,466",1,,,,,,,,,,,
2014,Sulawesi Selatan,DPD,,,,Hj. Amru Rijal Junaid,8,"50,477",,,,,,,,,,,,
2014,Sulawesi Selatan,DPD,,,,Hj. Andi Fatimah,9,"98,597",,,,,,,,,,,,
2014,Sulawesi Selatan,DPD,,,,Drs. H. Andi Harta Sanjaya ,10,-,,,,,,,,,,,,
2014,Sulawesi Selatan,DPD,,,,Andi Muh. Ihsan ,11,"228,333",,,,,,,,,,,,
2014,Sulawesi Selatan,DPD,,,,"Arman Arfah, S.E., M.M",12,"67,568",,,,,,,,,,,,
2014,Sulawesi Selatan,DPD,,,,Drs. H. Bahar Ngitung,13,"262,437",1,,,,,,,,,,,
2014,Sulawesi Selatan,DPD,,,,"Bung Ari Reza Ali, S.E",14,"43,218",,,,,,,,,,,,
2014,Sulawesi Selatan,DPD,,,,"Burhanuddin, S.H., M.H",15,"58,144",,,,,,,,,,,,
2014,Sulawesi Selatan,DPD,,,,"Drs. H. Ibrahim Ambong, M.A",16,"36,115",,,,,,,,,,,,
2014,Sulawesi Selatan,DPD,,,,"Irmawaty Habie, S.H",17,"77,680",,,,,,,,,,,,
2014,Sulawesi Selatan,DPD,,,,Pdt. Dr. Ishak P.  Lambe,18,"183,827",,,,,,,,,,,,
2014,Sulawesi Selatan,DPD,,,,Dr. Hj. Kasmawati T.Z. Basalamah ,19,"112,837",,,,,,,,,,,,
2014,Sulawesi Selatan,DPD,,,,"Litha Brent, S.E",20,"101,451",,,,,,,,,,,,
2014,Sulawesi Selatan,DPD,,,,"Lukman Nur, S.E",21,"116,007",,,,,,,,,,,,
2014,Sulawesi Selatan,DPD,,,,"M. Gusti Zainal, S.S",22,"27,575",,,,,,,,,,,,
2014,Sulawesi Selatan,DPD,,,,"H. Muhammad Seniman Latif, S.E",23,"31,534",,,,,,,,,,,,
2014,Sulawesi Selatan,DPD,,,,Mahir Takaka,24,"60,524",,,,,,,,,,,,
2014,Sulawesi Selatan,DPD,,,,"Hj. Monirah Jafar Hafsah, S.E",25,"91,353",,,,,,,,,,,,
2014,Sulawesi Selatan,DPD,,,,"Drs. Muhammad Asmin, M.Pd",26,"150,607",,,,,,,,,,,,
2014,Sulawesi Selatan,DPD,,,,"H. Muhammad Asri, S.Pd, MM",27,"81,888",,,,,,,,,,,,
2014,Sulawesi Selatan,DPD,,,,"Mulawarman, S.E",28,"38,498",,,,,,,,,,,,
2014,Sulawesi Selatan,DPD,,,,Dra. Hj. Oelfah A. Syahrullah Harmanto,29,"84,423",,,,,,,,,,,,
2014,Sulawesi Selatan,DPD,,,,"Pither Singkali, S.H., M.H",30,"68,263",,,,,,,,,,,,
2014,Sulawesi Selatan,DPD,,,,Syamsuddin HB,31,"13,789",,,,,,,,,,,,
2014,Sulawesi Selatan,DPD,,,,"Drs. H. Tadjuddin Noer, M.M",32,"27,157",,,,,,,,,,,,
2014,Sulawesi Selatan,DPD,,,,"Wahidah Anwar, S.E., M.M",33,"13,476",,,,,,,,,,,,
2014,Sulawesi Tengah,DPD,,"1,380,836",,,,,,,,,,,,,,,,
2014,Sulawesi Tengah,DPD,,,,"Abraham M. Larobu, S.H, M.H",1,"54,948",,,,,,,,,,,,
2014,Sulawesi Tengah,DPD,,,,Agung,2,"59,405",,,,,,,,,,,,
2014,Sulawesi Tengah,DPD,,,,"Ahmad Syaifullah Malonda, S.P",3,"102,977",1,,,,,,,,,,,
2014,Sulawesi Tengah,DPD,,,,Darma Tongku,4,"33,615",,,,,,,,,,,,
2014,Sulawesi Tengah,DPD,,,,dr. Delis Julkarson Hehi,5,"101,620",1,,,,,,,,,,,
2014,Sulawesi Tengah,DPD,,,,"Deny Salmon Galamba, S.Ap",6,"61,249",,,,,,,,,,,,
2014,Sulawesi Tengah,DPD,,,,Djekcy Ras Umbas,7,"24,850",,,,,,,,,,,,
2014,Sulawesi Tengah,DPD,,,,Ir. Emil Salim Podungge,8,"31,583",,,,,,,,,,,,
2014,Sulawesi Tengah,DPD,,,,"Femmy Sangian, S.H",9,"65,204",,,,,,,,,,,,
2014,Sulawesi Tengah,DPD,,,,Ferenc Raymond Sahetapy,10,"32,510",,,,,,,,,,,,
2014,Sulawesi Tengah,DPD,,,,"Drs. F. Eddy Bungkudapu, M.Si, M.Th",11,"11,885",,,,,,,,,,,,
2014,Sulawesi Tengah,DPD,,,,"Drs. Gatot Margono, M.M",12,"26,208",,,,,,,,,,,,
2014,Sulawesi Tengah,DPD,,,,Herman Agan,13,"7,485",,,,,,,,,,,,
2014,Sulawesi Tengah,DPD,,,,"Idrus A. Hafid, S.H",14,"16,887",,,,,,,,,,,,
2014,Sulawesi Tengah,DPD,,,,"Drs. Landri Tandung, M.Pd",15,"41,810",,,,,,,,,,,,
2014,Sulawesi Tengah,DPD,,,,M. Ridha Saleh ,16,"34,143",,,,,,,,,,,,
2014,Sulawesi Tengah,DPD,,,,Drs. Ma'mun Amir,17,"116,040",1,,,,,,,,,,,
2014,Sulawesi Tengah,DPD,,,,Maziru L. Masri ,18,"51,129",,,,,,,,,,,,
2014,Sulawesi Tengah,DPD,,,,Drs. Moh. Nadjib H. Umar,19,"15,456",,,,,,,,,,,,
2014,Sulawesi Tengah,DPD,,,,"Mohammad Sofyan, S.T",20,"63,478",,,,,,,,,,,,
2014,Sulawesi Tengah,DPD,,,,"Drs. H. Murad U. Nasir, M.Si",21,"25,902",,,,,,,,,,,,
2014,Sulawesi Tengah,DPD,,,,"Drs. Nirman Yans Winter, M.H",22,"17,431",,,,,,,,,,,,
2014,Sulawesi Tengah,DPD,,,,"Hj. Nurmawati Dewi Bantilan, S.E",23,"135,845",1,,,,,,,,,,,
2014,Sulawesi Tengah,DPD,,,,"Hj. Samsudin Pay, S.Ag. M.Si",24,"58,116",,,,,,,,,,,,
2014,Sulawesi Tengah,DPD,,,,"Shaleh Muhammad Aldjufri, Lc, M.A",25,"84,283",,,,,,,,,,,,
2014,Sulawesi Tengah,DPD,,,,"Pdt. Dr. Silviana H. Pandegirot, M.Th",26,"40,963",,,,,,,,,,,,
2014,Sulawesi Tengah,DPD,,,,"Supriadi, S.H",27,"31,808",,,,,,,,,,,,
2014,Sulawesi Tengah,DPD,,,,Suwandhi Y. Ritupalu,28,"7,097",,,,,,,,,,,,
2014,Sulawesi Tengah,DPD,,,,H. Syamsuddin Said,29,"16,171",,,,,,,,,,,,
2014,Sulawesi Tengah,DPD,,,,Yapto Suryo Saputro Bantilan ,30,-,,,,,,,,,,,,
2014,Sulawesi Tengah,DPD,,,,Zainuddin T. Aminullah,31,"10,738",,,,,,,,,,,,
2014,Sulawesi Tenggara,DPD,,"1,111,429",,,,,,,,,,,,,,,,
2014,Sulawesi Tenggara,DPD,,,,Ir. H. ABDUL JABBAR TOBA,1,"52,204",1,,,,,,,,,,,
2014,Sulawesi Tenggara,DPD,,,,ABDUL MUIS,2,"18,084",,,,,,,,,,,,
2014,Sulawesi Tenggara,DPD,,,,"H. ABDUL SAMAD, S.Sos",3,"23,358",,,,,,,,,,,,
2014,Sulawesi Tenggara,DPD,,,,"ABDUL SYAHIR, S.Sos., S.H., M.H",4,"24,603",,,,,,,,,,,,
2014,Sulawesi Tenggara,DPD,,,,"ADIPUTERA, S.T",5,"22,595",,,,,,,,,,,,
2014,Sulawesi Tenggara,DPD,,,,"AFIAT TAWAKAL, S.SI",6,"25,706",,,,,,,,,,,,
2014,Sulawesi Tenggara,DPD,,,,Drs. AHYAR ANDI RAUF ,7,"29,454",,,,,,,,,,,,
2014,Sulawesi Tenggara,DPD,,,,"ALEX PANGAIBALI, S.Th",8,"21,553",,,,,,,,,,,,
2014,Sulawesi Tenggara,DPD,,,,"ALI LAOPA, S.H",9,"29,372",,,,,,,,,,,,
2014,Sulawesi Tenggara,DPD,,,,Drs. H. ANAS MAISA ,10,"11,969",,,,,,,,,,,,
2014,Sulawesi Tenggara,DPD,,,,"Ir. H. ANDI SYAMSUL BAHRI, M.Si",11,"12,693",,,,,,,,,,,,
2014,Sulawesi Tenggara,DPD,,,,ARSYAD,12,"19,614",,,,,,,,,,,,
2014,Sulawesi Tenggara,DPD,,,,ASMAUN PARATE,13,"5,471",,,,,,,,,,,,
2014,Sulawesi Tenggara,DPD,,,,ASMIN ,14,"5,772",,,,,,,,,,,,
2014,Sulawesi Tenggara,DPD,,,,"BOSMAN, S.Si., S.H., M.H",15,"22,968",,,,,,,,,,,,
2014,Sulawesi Tenggara,DPD,,,,"EDHI SUSILO HADISUTANTO, S.H",16,"11,641",,,,,,,,,,,,
2014,Sulawesi Tenggara,DPD,,,,H. HASAN KAMAL SAID ABD. QAHHAR MUDZAKKAR,17,"17,610",,,,,,,,,,,,
2014,Sulawesi Tenggara,DPD,,,,"H.HERRY HERMANSYAH SILONDAE, S.E",18,"26,187",,,,,,,,,,,,
2014,Sulawesi Tenggara,DPD,,,,"Drs. H. HOESEIN EFFENDY, S.H",19,"19,135",,,,,,,,,,,,
2014,Sulawesi Tenggara,DPD,,,,Drs. ILHAM,20,"13,975",,,,,,,,,,,,
2014,Sulawesi Tenggara,DPD,,,,"IRWAN MUSTAKIM, S.T",21,"10,088",,,,,,,,,,,,
2014,Sulawesi Tenggara,DPD,,,,"H. JUNAIS DARANGA, S.E",22,-,,,,,,,,,,,,
2014,Sulawesi Tenggara,DPD,,,,"Drs. H. KAMARUDDIN, M.H",23,"23,234",,,,,,,,,,,,
2014,Sulawesi Tenggara,DPD,,,,Drs. KASMIR,24,-,,,,,,,,,,,,
2014,Sulawesi Tenggara,DPD,,,,"L.M. RUSMAN EMBA, S.T",25,"56,232",1,,,,,,,,,,,
2014,Sulawesi Tenggara,DPD,,,,"LA DJADI SIHARIS, M.SI",26,"17,419",,,,,,,,,,,,
2014,Sulawesi Tenggara,DPD,,,,"LA ODE ABDUL AZIZ NADIA, S.Ag., M.Si",27,"15,101",,,,,,,,,,,,
2014,Sulawesi Tenggara,DPD,,,,"Drs. H. LA ODE ALI HANAFI, M.Si",28,"19,180",,,,,,,,,,,,
2014,Sulawesi Tenggara,DPD,,,,Drs. LA ODE ALI TANDA,29,"11,007",,,,,,,,,,,,
2014,Sulawesi Tenggara,DPD,,,,"LA ODE ASADI, S.E., M.Si",30,"11,939",,,,,,,,,,,,
2014,Sulawesi Tenggara,DPD,,,,"dr. H. LA ODE BARIUN, M.Kes",31,"13,483",,,,,,,,,,,,
2014,Sulawesi Tenggara,DPD,,,,"Drs. LA ODE DJABARU, M.Si",32,"10,555",,,,,,,,,,,,
2014,Sulawesi Tenggara,DPD,,,,"H. LA ODE HAMIRU, M.Sc",33,"22,583",,,,,,,,,,,,
2014,Sulawesi Tenggara,DPD,,,,"LA ODE RUSYAMIN, S.Km",34,"25,805",,,,,,,,,,,,
2014,Sulawesi Tenggara,DPD,,,,LA ODE SABRI,35,-,,,,,,,,,,,,
2014,Sulawesi Tenggara,DPD,,,,H.M. YASIN WELSON LAJAHA,36,"39,840",,,,,,,,,,,,
2014,Sulawesi Tenggara,DPD,,,,Ir. H. M. YUNUS SJAMSOEDDIN ,37,"11,952",,,,,,,,,,,,
2014,Sulawesi Tenggara,DPD,,,,Ir. MAS'UDI,38,"11,804",,,,,,,,,,,,
2014,Sulawesi Tenggara,DPD,,,,"MASWATY MADJID, S.Km., M.Si",39,"18,638",,,,,,,,,,,,
2014,Sulawesi Tenggara,DPD,,,,"H. MUCHLIS PATAHNA, S.H., M.Kn",40,"23,937",,,,,,,,,,,,
2014,Sulawesi Tenggara,DPD,,,,Ir. MUDAWING SAENONG,41,"6,007",,,,,,,,,,,,
2014,Sulawesi Tenggara,DPD,,,,Drs. H. MUH. RATMAN ,42,"15,932",,,,,,,,,,,,
2014,Sulawesi Tenggara,DPD,,,,MUHAMMAD KOBAR,43,"6,391",,,,,,,,,,,,
2014,Sulawesi Tenggara,DPD,,,,"MULIATI SAIMAN, S.Si",44,"75,171",1,,,,,,,,,,,
2014,Sulawesi Tenggara,DPD,,,,Drs. H. MUSTAFA RANSE AMIN,45,"7,605",,,,,,,,,,,,
2014,Sulawesi Tenggara,DPD,,,,Ir. PADANG SUGIARTO,46,"5,069",,,,,,,,,,,,
2014,Sulawesi Tenggara,DPD,,,,RAHMAN JIHAD,47,-,,,,,,,,,,,,
2014,Sulawesi Tenggara,DPD,,,,Drs. SAIFUL AMIN,48,"25,173",,,,,,,,,,,,
2014,Sulawesi Tenggara,DPD,,,,"SAIPUDDIN, S.P",49,"10,053",,,,,,,,,,,,
2014,Sulawesi Tenggara,DPD,,,,H. SUDARMAN SAFRIEN ,50,"9,735",,,,,,,,,,,,
2014,Sulawesi Tenggara,DPD,,,,"SUHARMAN, S.Pi., M.S",51,"6,422",,,,,,,,,,,,
2014,Sulawesi Tenggara,DPD,,,,"H. SUKIMAN PABELU, S.Sos",52,-,,,,,,,,,,,,
2014,Sulawesi Tenggara,DPD,,,,"SYAM ABDUL DJALIL HAMRA, S.E",53,"13,578",,,,,,,,,,,,
2014,Sulawesi Tenggara,DPD,,,,"TASLIMIN, S.P",54,"7,548",,,,,,,,,,,,
2014,Sulawesi Tenggara,DPD,,,,"TATA SUNARTA, S.Pd., M.Pd",55,"11,809",,,,,,,,,,,,
2014,Sulawesi Tenggara,DPD,,,,TITING SURYANA SARANANI,56,"7,077",,,,,,,,,,,,
2014,Sulawesi Tenggara,DPD,,,,Ir. VENCE SAMUEL TUMANAN ,57,"25,678",,,,,,,,,,,,
2014,Sulawesi Tenggara,DPD,,,,"Ir. WA ODE HAMSINAH BOLU, M.Sc",58,"46,548",,,,,,,,,,,,
2014,Sulawesi Tenggara,DPD,,,,"WENCESLAUS LA RANGKA, S.H",59,"4,949",,,,,,,,,,,,
2014,Sulawesi Tenggara,DPD,,,,YAFRUDDIN,60,-,,,,,,,,,,,,
2014,Sulawesi Tenggara,DPD,,,,"YAN SULAEMAN, S.E",61,"3,944",,,,,,,,,,,,
2014,Sulawesi Tenggara,DPD,,,,"Drs. H. YUSRAN A. SILONDAE, M.Si",62,"47,759",1,,,,,,,,,,,
2014,Sulawesi Tenggara,DPD,,,,"H. YUSRAN TARIDALA, S.P",63,"18,270",,,,,,,,,,,,
2014,Sulawesi Utara,DPD,,"1,390,215",,,,,,,,,,,,,,,,
2014,Sulawesi Utara,DPD,,,,"Dr. Ir. Adolf Lucky Longdong, M.Ed",1,"27,759",,,,,,,,,,,,
2014,Sulawesi Utara,DPD,,,,"H. Ali Hardi Kiaidemak, S.H., M.Si",2,"35,292",,,,,,,,,,,,
2014,Sulawesi Utara,DPD,,,,"Ir. Andry Harits Umboh, M.Si",3,"69,835",,,,,,,,,,,,
2014,Sulawesi Utara,DPD,,,,Drs. Arudji Mongilong,4,"72,533",,,,,,,,,,,,
2014,Sulawesi Utara,DPD,,,,"Aryanthi Baramuli Putri, S.H., M.H.",5,"150,181",1,,,,,,,,,,,
2014,Sulawesi Utara,DPD,,,,"Bachtiar Kodja, S.Sos",6,"12,788",,,,,,,,,,,,
2014,Sulawesi Utara,DPD,,,,Baso Affandi ,7,"29,817",,,,,,,,,,,,
2014,Sulawesi Utara,DPD,,,,Benny Rhamdani,8,"94,646",1,,,,,,,,,,,
2014,Sulawesi Utara,DPD,,,,Drs. Berny Tamara,9,"26,002",,,,,,,,,,,,
2014,Sulawesi Utara,DPD,,,,Dolfie Maringka ,10,"8,293",,,,,,,,,,,,
2014,Sulawesi Utara,DPD,,,,"Drs. E.C. Harly Weku, M.M., Ak. ",11,"19,663",,,,,,,,,,,,
2014,Sulawesi Utara,DPD,,,,"Emmanuel J. Tular, S.I.P., M.Si",12,"18,904",,,,,,,,,,,,
2014,Sulawesi Utara,DPD,,,,Fabian Richard Sarundajang,13,"127,508",1,,,,,,,,,,,
2014,Sulawesi Utara,DPD,,,,"Hamdi Paputungan, SH",14,"38,734",,,,,,,,,,,,
2014,Sulawesi Utara,DPD,,,,Dra. Hermin Ririswati Katamsi,15,"63,865",,,,,,,,,,,,
2014,Sulawesi Utara,DPD,,,,Ismail Mo'o,16,"15,836",,,,,,,,,,,,
2014,Sulawesi Utara,DPD,,,,Jhony Krisen,17,"39,088",,,,,,,,,,,,
2014,Sulawesi Utara,DPD,,,,Jimmy Mikael Walewangko ,18,"17,965",,,,,,,,,,,,
2014,Sulawesi Utara,DPD,,,,Joseph Theodorus Pati ,19,"14,342",,,,,,,,,,,,
2014,Sulawesi Utara,DPD,,,,"Prof. Dr. Ir. L. W. Sondakh, M.Ec.",20,"30,086",,,,,,,,,,,,
2014,Sulawesi Utara,DPD,,,,-,21,-,,,,,,,,,,,,
2014,Sulawesi Utara,DPD,,,,Ir. Marhany V.P. PUA,22,"86,457",,,,,,,,,,,,
2014,Sulawesi Utara,DPD,,,,Marthin N. Mohede,23,"12,795",,,,,,,,,,,,
2014,Sulawesi Utara,DPD,,,,Maya Rumantir,24,"206,946",1,,,,,,,,,,,
2014,Sulawesi Utara,DPD,,,,Ir. Stefanus B.A.N. Liow,25,"94,112",,,,,,,,,,,,
2014,Sulawesi Utara,DPD,,,,"H. Sujahri Van Gobel, S.H., M.T.",26,"26,062",,,,,,,,,,,,
2014,Sulawesi Utara,DPD,,,,"Drs. Teddy Manueke, M.M. ",27,"24,339",,,,,,,,,,,,
2014,Sulawesi Utara,DPD,,,,Yuda Abram Mokoginta,28,"13,121",,,,,,,,,,,,
2014,Sulawesi Utara,DPD,,,,"Zeth Walo, S.Sos.",29,"13,246",,,,,,,,,,,,
2014,Sumatera Barat,DPD,,"2,278,870",,,,,,,,,,,,,,,,
2014,Sumatera Barat,DPD,,,,"Hj. Afrizalty, S.H",1,"70,987",,,,,,,,,,,,
2014,Sumatera Barat,DPD,,,,"H. Alirman Sori, S.H., M.Hum., M.M. ",2,"123,140",,,,,,,,,,,,
2014,Sumatera Barat,DPD,,,,"Ir. H. Andi Harmaini, M.M",3,"67,457",,,,,,,,,,,,
2014,Sumatera Barat,DPD,,,,"Davip Maldian, S.Sos",4,"46,613",,,,,,,,,,,,
2014,Sumatera Barat,DPD,,,,Hj. Emma Yohanna,5,"314,053",1,,,,,,,,,,,
2014,Sumatera Barat,DPD,,,,"Dr. Ir. H. Herman Darnel Ibrahim, M.Sc",6,"135,787",,,,,,,,,,,,
2014,Sumatera Barat,DPD,,,,Drs. H. Irdinansyah Tarmizi,7,-,,,,,,,,,,,,
2014,Sumatera Barat,DPD,,,,Irman Gusman,8,"407,443",1,,,,,,,,,,,
2014,Sumatera Barat,DPD,,,,Jefrie Geovanie,9,"195,930",1,,,,,,,,,,,
2014,Sumatera Barat,DPD,,,,Drs. Jhoni Afrizal ,10,"51,657",,,,,,,,,,,,
2014,Sumatera Barat,DPD,,,,"H. Leonardy Harmainy Dt. Bandaro Basa, S.I.P., M.H.",11,"146,466",,,,,,,,,,,,
2014,Sumatera Barat,DPD,,,,"Drs. M. Sayuti, M.Pd",12,"29,501",,,,,,,,,,,,
2014,Sumatera Barat,DPD,,,,"H. M. Yamin Ferrianto Tara, S.E",13,"39,150",,,,,,,,,,,,
2014,Sumatera Barat,DPD,,,,"Drs. H. Mardinas N. Syair, M.M., M.H",14,"58,130",,,,,,,,,,,,
2014,Sumatera Barat,DPD,,,,"Masrizal Munaf, S.T., M.M",15,"81,595",,,,,,,,,,,,
2014,Sumatera Barat,DPD,,,,H. Mizwar Abbas ,16,"53,503",,,,,,,,,,,,
2014,Sumatera Barat,DPD,,,,Muhammad Rahmad ,17,"107,656",,,,,,,,,,,,
2014,Sumatera Barat,DPD,,,,"H. Nofi Candra, S.E",18,"169,268",1,,,,,,,,,,,
2014,Sumatera Barat,DPD,,,,Rahmad Hidayat,19,"17,311",,,,,,,,,,,,
2014,Sumatera Barat,DPD,,,,"H. Sani Mariko, SH, M.Hum ",20,"30,006",,,,,,,,,,,,
2014,Sumatera Barat,DPD,,,,S.T. Khairul Azmi Dt. Bijo Dirajo,21,"24,373",,,,,,,,,,,,
2014,Sumatera Barat,DPD,,,,Syafwan DT. Sampono Alam ,22,"12,604",,,,,,,,,,,,
2014,Sumatera Barat,DPD,,,,"Yong Hendri, S.H",23,"18,022",,,,,,,,,,,,
2014,Sumatera Barat,DPD,,,,"Zulherman, S.Pd., M.M",24,"50,644",,,,,,,,,,,,
2014,Sumatera Barat,DPD,,,,"Ir. H. Zulkarnain Kamsya, M.S",25,"27,574",,,,,,,,,,,,
2014,Sumatera Selatan,DPD,,"3,680,358",,,,,,,,,,,,,,,,
2014,Sumatera Selatan,DPD,,,,"Abdul Aziz, S.H. ",1,"221,355",,,,,,,,,,,,
2014,Sumatera Selatan,DPD,,,,Abdul Aziz Kamis,2,"122,648",,,,,,,,,,,,
2014,Sumatera Selatan,DPD,,,,"Achmad Barnas, S.E., M.M. ",3,"73,058",,,,,,,,,,,,
2014,Sumatera Selatan,DPD,,,,"Drs. H. Aidil Fitri Syah, M.M. ",4,"306,632",1,,,,,,,,,,,
2014,Sumatera Selatan,DPD,,,,Alamsyah Mustomi,5,"158,666",,,,,,,,,,,,
2014,Sumatera Selatan,DPD,,,,"Hj. Asmawati, S.E., M.M. ",6,"347,107",1,,,,,,,,,,,
2014,Sumatera Selatan,DPD,,,,"Drs. H. Darwin Azhar, M.M. ",7,"103,444",,,,,,,,,,,,
2014,Sumatera Selatan,DPD,,,,Drs. Daryono,8,"82,894",,,,,,,,,,,,
2014,Sumatera Selatan,DPD,,,,"Endu Santoso, S.T. ",9,"50,760",,,,,,,,,,,,
2014,Sumatera Selatan,DPD,,,,"Firmansyah, S.E., M.Si. ",10,"70,675",,,,,,,,,,,,
2014,Sumatera Selatan,DPD,,,,"Helmi Ibrahim, S.H., M.Hum.",11,"47,688",,,,,,,,,,,,
2014,Sumatera Selatan,DPD,,,,Hendri Zainuddin ,12,"186,521",,,,,,,,,,,,
2014,Sumatera Selatan,DPD,,,,"H. Idham Khalid, S.H. ",13,"30,333",,,,,,,,,,,,
2014,Sumatera Selatan,DPD,,,,"Kartila, S.E. ",14,"77,513",,,,,,,,,,,,
2014,Sumatera Selatan,DPD,,,,H.M. Basyir D.A,15,"122,332",,,,,,,,,,,,
2014,Sumatera Selatan,DPD,,,,H. Mohd. Lutfi Izzuddin,16,"83,622",,,,,,,,,,,,
2014,Sumatera Selatan,DPD,,,,Dr. H. Much. Baryadi,17,"123,487",,,,,,,,,,,,
2014,Sumatera Selatan,DPD,,,,Drs. H. Noviarman Kailani,18,"51,008",,,,,,,,,,,,
2014,Sumatera Selatan,DPD,,,,"Hj. Percha Leanpuri, B.Bus., M.B.A.",19,"834,342",1,,,,,,,,,,,
2014,Sumatera Selatan,DPD,,,,"Hj. Rogayati Baidjuri, S.H.",20,"160,510",,,,,,,,,,,,
2014,Sumatera Selatan,DPD,,,,"Hj. Shinta Paramita Sari, S.H., M.Hum.",21,-,,,,,,,,,,,,
2014,Sumatera Selatan,DPD,,,,"Siska Marleni, S.E., M.Si.",22,"221,444",1,,,,,,,,,,,
2014,Sumatera Selatan,DPD,,,,"Hj. Siti Farida, S.Pd.",23,"24,430",,,,,,,,,,,,
2014,Sumatera Selatan,DPD,,,,"Solehun, M.Pd.",24,"29,115",,,,,,,,,,,,
2014,Sumatera Selatan,DPD,,,,"Drs. H. Syarifudin Ali Amin, S.H.",25,"29,882",,,,,,,,,,,,
2014,Sumatera Selatan,DPD,,,,Ir.Syukri Zuber ,26,"80,675",,,,,,,,,,,,
2014,Sumatera Selatan,DPD,,,,"Taufikurrohman, S.Sos.",27,-,,,,,,,,,,,,
2014,Sumatera Selatan,DPD,,,,"Zulkifli, S.Pd.I.",28,"40,217",,,,,,,,,,,,
2014,Sumatera Utara,DPD,,"5,484,280",,,,,,,,,,,,,,,,
2014,Sumatera Utara,DPD,,,,"Dr. Badikenita B.R Sitepu, S.E., M.Si",1,"383,569",,,,,,,,,,,,
2014,Sumatera Utara,DPD,,,,"Dr. Ir. Benny Pasaribu, M.Ec.",2,"345,444",,,,,,,,,,,,
2014,Sumatera Utara,DPD,,,,Drs. Binrot Rajagukguk,3,"94,997",,,,,,,,,,,,
2014,Sumatera Utara,DPD,,,,Prof. Dr. Ir. Hj. Darmayanti Lubis ,4,"622,168",1,,,,,,,,,,,
2014,Sumatera Utara,DPD,,,,Darwin Hamonangan Lubis,5,"129,928",,,,,,,,,,,,
2014,Sumatera Utara,DPD,,,,"Dedi Iskandar Batubara, S.Sos., S.H., M.S.P.",6,"430,516",1,,,,,,,,,,,
2014,Sumatera Utara,DPD,,,,"Drs. E.B. Sinaga, M.M. ",7,"183,182",,,,,,,,,,,,
2014,Sumatera Utara,DPD,,,,Eddy G.P Manurung ,8,"143,943",,,,,,,,,,,,
2014,Sumatera Utara,DPD,,,,Ir. Edison Sianturi,9,-,,,,,,,,,,,,
2014,Sumatera Utara,DPD,,,,"Eka Dharmayanto, S.E.",10,"97,768",,,,,,,,,,,,
2014,Sumatera Utara,DPD,,,,"Ir. Erick Sitompul, M.H. ",11,"75,879",,,,,,,,,,,,
2014,Sumatera Utara,DPD,,,,Drs. Haris ,12,"81,675",,,,,,,,,,,,
2014,Sumatera Utara,DPD,,,,"Drs. H. Ibrahim Sakty Batubara, MAP",13,"274,519",,,,,,,,,,,,
2014,Sumatera Utara,DPD,,,,"Manandus Sitanggang, S.Sos.",14,"92,156",,,,,,,,,,,,
2014,Sumatera Utara,DPD,,,,"H. Muhammad Nuh, M.S.P. ",15,"378,657",,,,,,,,,,,,
2014,Sumatera Utara,DPD,,,,Drs. Ir. Nagasakti Perangin-angin ,16,"66,912",,,,,,,,,,,,
2014,Sumatera Utara,DPD,,,,"Parlindungan Purba, S.H., M.M. ",17,"440,032",1,,,,,,,,,,,
2014,Sumatera Utara,DPD,,,,"Rafdinal, S.Sos., M.A.P.",18,"83,739",,,,,,,,,,,,
2014,Sumatera Utara,DPD,,,,"Rahmat Hidayat, S.E. ",19,"183,678",,,,,,,,,,,,
2014,Sumatera Utara,DPD,,,,Drs. H. Rijal Sirait ,20,"445,059",1,,,,,,,,,,,
2014,Sumatera Utara,DPD,,,,Rudolf Mazuoka Pardede,21,"226,487",,,,,,,,,,,,
2014,Sumatera Utara,DPD,,,,"Drs. H. Syariful Mahya Bandar, M.A.P. ",22,"364,662",,,,,,,,,,,,
2014,Sumatera Utara,DPD,,,,"Dr. Togu Harlen LBN. Raja, S.E., M.Si",23,"43,421",,,,,,,,,,,,
2014,Sumatera Utara,DPD,,,,"Turunan Gulo, S.P., M.S.P. ",24,"295,889",,,,,,,,,,,,
,,,,,,,,,,,,,,,,,,,,
,,,,,,,,,,,,,,,,,,,,
,,,,,,,,,,,,,,,,,,,,
,,,,,,,,,,,,,,,,,,,,
,,,,,,,,,,,,,,,,,,,,
,,,,,,,,,,,,,,,,,,,,
,,,,,,,,,,,,,,,,,,,,
,,,,,,,,,,,,,,,,,,,,
,,,,,,,,,,,,,,,,,,,,
,,,,,,,,,,,,,,,,,,,,
,,,,,,,,,,,,,,,,,,,,
,,,,,,,,,,,,,,,,,,,,
,,,,,,,,,,,,,,,,,,,,
,,,,,,,,,,,,,,,,,,,,
,,,,,,,,,,,,,,,,,,,,
,,,,,,,,,,,,,,,,,,,,
,,,,,,,,,,,,,,,,,,,,
,,,,,,,,,,,,,,,,,,,,
,,,,,,,,,,,,,,,,,,,,
,,,,,,,,,,,,,,,,,,,,
,,,,,,,,,,,,,,,,,,,,
,,,,,,,,,,,,,,,,,,,,