Year,Province name,District number,Election,Registered voters in district,Total Valid votes in district,Invalid votes,Party name,Party number,Party number of votes,Number seats
2019,Aceh,1,DPR,"1,834,465","1,387,863","167,483",,,,
2019,Aceh,1,DPR,,,,Partai Kebangkitan Bangsa,1,94194,1
2019,Aceh,1,DPR,,,,Partai Gerakan Indonesia Raya,2,154257,1
2019,Aceh,1,DPR,,,,Partai Demokrasi Indonesia Perjuangan,3,25499,0
2019,Aceh,1,DPR,,,,Partai Golongan Karya,4,233634,1
2019,Aceh,1,DPR,,,,Partai Nasdem,5,90445,0
2019,Aceh,1,DPR,,,,Partai Gerakan Perubahan Indonesia,6,6880,0
2019,Aceh,1,DPR,,,,Partai Berkarya,7,42082,0
2019,Aceh,1,DPR,,,,Partai Keadilan Sejahtera,8,101953,1
2019,Aceh,1,DPR,,,,Partai Persatuan Indonesia ,9,9593,0
2019,Aceh,1,DPR,,,,Partai Persatuan Pembangunan,10,101895,1
2019,Aceh ,1,DPR,,,,Partai Solidaritas Indonesia,11,12703,0
2019,Aceh,1,DPR,,,,Partai Amanat Nasional,12,234346,1
2019,Aceh,1,DPR,,,,Partai Hati Nurani Rakyat,13,14419,0
2019,Aceh,1,DPR,,,,Partai Demokrat,14,230798,1
2019,Aceh,1,DPR,,,,Partai Bulan Bintang,19,28660,0
2019,Aceh,1,DPR,,,,Partai Keadilan dan Persatuan Indonesia,20,6505,0
2019,Aceh,2,DPR,"1,689,309","1,174,616","154,114",,,,
2019,Aceh,2,DPR,,,,Partai Kebangkitan Bangsa,1,92120,1
2019,Aceh,2,DPR,,,,Partai Gerakan Indonesia Raya,2,222527,1
2019,Aceh,2,DPR,,,,Partai Demokrasi Indonesia Perjuangan,3,85882,0
2019,Aceh,2,DPR,,,,Partai Golongan Karya,4,91787,1
2019,Aceh,2,DPR,,,,Partai Nasdem,5,86564,0
2019,Aceh,2,DPR,,,,Partai Gerakan Perubahan Indonesia,6,8703,0
2019,Aceh,2,DPR,,,,Partai Berkarya,7,23942,0
2019,Aceh,2,DPR,,,,Partai Keadilan Sejahtera,8,107058,1
2019,Aceh,2,DPR,,,,Partai Persatuan Indonesia ,9,8673,0
2019,Aceh,2,DPR,,,,Partai Persatuan Pembangunan,10,113625,1
2019,Aceh,2,DPR,,,,Partai Solidaritas Indonesia,11,16219,0
2019,Aceh,2,DPR,,,,Partai Amanat Nasional,12,83856,0
2019,Aceh,2,DPR,,,,Partai Hati Nurani Rakyat,13,11267,0
2019,Aceh,2,DPR,,,,Partai Demokrat,14,182640,1
2019,Aceh,2,DPR,,,,Partai Bulan Bintang,19,37787,0
2019,Aceh,2,DPR,,,,Partai Keadilan dan Persatuan Indonesia,20,1966,0
2019,Bali,1,DPR,"3,130,288","2,313,366","292,835",,,,
2019,Bali,1,DPR,,,,Partai Kebangkitan Bangsa,1,49695,0
2019,Bali,1,DPR,,,,Partai Gerakan Indonesia Raya,2,109600,0
2019,Bali,1,DPR,,,,Partai Demokrasi Indonesia Perjuangan,3,1257590,6
2019,Bali,1,DPR,,,,Partai Golongan Karya,4,382607,2
2019,Bali,1,DPR,,,,Partai Nasdem,5,102966,0
2019,Bali,1,DPR,,,,Partai Gerakan Perubahan Indonesia,6,8825,0
2019,Bali,1,DPR,,,,Partai Berkarya,7,42158,0
2019,Bali,1,DPR,,,,Partai Keadilan Sejahtera,8,39024,0
2019,Bali,1,DPR,,,,Partai Persatuan Indonesia,9,36467,0
2019,Bali,1,DPR,,,,Partai Persatuan Pembangunan,10,12195,0
2019,Bali,1,DPR,,,,Partai Solidaritas Indonesia,11,55399,0
2019,Bali,1,DPR,,,,Partai Amanat Nasional,12,8136,0
2019,Bali,1,DPR,,,,Partai Hati Nurani Rakyat,13,84012,0
2019,Bali,1,DPR,,,,Partai Demokrat ,14,118830,1
2019,Bali,1,DPR,,,,Partai Bulan Bintang,19,2445,0
2019,Bali,1,DPR,,,,Partai Keadilan dan Persaatuan Indonesia,20,3417,0
2019,Banten,1,DPR,"1,918,272","1,327,906","173,492",,,,
2019,Banten,1,DPR,,,,Partai Kebangkitan Bangsa,1,93166,0
2019,Banten,1,DPR,,,,Partai Gerakan Indonesia Raya,2,225079,1
2019,Banten,1,DPR,,,,Partai Demokrasi Indonesia Perjuangan,3,141747,1
2019,Banten,1,DPR,,,,Partai Golongan Karya,4,144194,1
2019,Banten,1,DPR,,,,Partai Nasdem,5,100611,0
2019,Banten,1,DPR,,,,Partai Gerakan Perubahan Indonesia,6,6878,0
2019,Banten ,1,DPR,,,,Partai Berkarya,7,28256,0
2019,Banten,1,DPR,,,,Partai Keadilan Sejahtera,8,151646,1
2019,Banten,1,DPR,,,,Partai Persatuan Indonesia,9,68160,0
2019,Banten,1,DPR,,,,Partai Persatuan Pembangunan,10,110823,1
2019,Banten,1,DPR,,,,Partai Solidaritas Indonesia,11,7807,0
2019,Banten,1,DPR,,,,Partai Amanat Nasional,12,46433,0
2019,Banten,1,DPR,,,,Partai Hati Nurani Rakyat,13,11475,0
2019,Banten,1,DPR,,,,Partai Demokrat ,14,178316,1
2019,Banten,1,DPR,,,,Partai Bulan Bintang,19,10752,0
2019,Banten,1,DPR,,,,Partai Keadilan dan Persaatuan Indonesia,20,2563,0
2019,Banten,2,DPR,"1,932,700","1,344,336","1,626,656",,,,
2019,Banten,2,DPR,,,,Partai Kebangkitan Bangsa,1,97954,0
2019,Banten,2,DPR,,,,Partai Gerakan Indonesia Raya,2,231080,1
2019,Banten,2,DPR,,,,Partai Demokrasi Indonesia Perjuangan,3,125339,1
2019,Banten,2,DPR,,,,Partai Golongan Karya,4,163639,1
2019,Banten,2,DPR,,,,Partai Nasdem,5,83509,0
2019,Banten,2,DPR,,,,Partai Gerakan Perubahan Indonesia,6,7747,0
2019,Banten ,2,DPR,,,,Partai Berkarya,7,67916,0
2019,Banten,2,DPR,,,,Partai Keadilan Sejahtera,8,151297,1
2019,Banten,2,DPR,,,,Partai Persatuan Indonesia,9,21214,0
2019,Banten,2,DPR,,,,Partai Persatuan Pembangunan,10,82440,0
2019,Banten,2,DPR,,,,Partai Solidaritas Indonesia,11,13660,0
2019,Banten,2,DPR,,,,Partai Amanat Nasional,12,114668,1
2019,Banten,2,DPR,,,,Partai Hati Nurani Rakyat,13,37584,0
2019,Banten,2,DPR,,,,Partai Demokrat ,14,130447,1
2019,Banten,2,DPR,,,,Partai Bulan Bintang,19,13871,0
2019,Banten,2,DPR,,,,Partai Keadilan dan Persaatuan Indonesia,20,1971,0
2019,Banten,3,DPR,"4,261,505","3,161,522","462,320",,,,
2019,Banten,3,DPR,,,,Partai Kebangkitan Bangsa,1,256685,1
2019,Banten,3,DPR,,,,Partai Gerakan Indonesia Raya,2,420429,2
2019,Banten,3,DPR,,,,Partai Demokrasi Indonesia Perjuangan,3,647633,3
2019,Banten,3,DPR,,,,Partai Golongan Karya,4,375725,1
2019,Banten,3,DPR,,,,Partai Nasdem,5,123128,0
2019,Banten,3,DPR,,,,Partai Gerakan Perubahan Indonesia,6,11300,0
2019,Banten ,3,DPR,,,,Partai Berkarya,7,100018,0
2019,Banten,3,DPR,,,,Partai Keadilan Sejahtera,8,375097,1
2019,Banten,3,DPR,,,,Partai Persatuan Indonesia,9,75546,0
2019,Banten,3,DPR,,,,Partai Persatuan Pembangunan,10,119749,0
2019,Banten,3,DPR,,,,Partai Solidaritas Indonesia,11,130010,0
2019,Banten,3,DPR,,,,Partai Amanat Nasional,12,188924,1
2019,Banten,3,DPR,,,,Partai Hati Nurani Rakyat,13,59906,0
2019,Banten,3,DPR,,,,Partai Demokrat ,14,244628,1
2019,Banten,3,DPR,,,,Partai Bulan Bintang,19,26793,0
2019,Banten,3,DPR,,,,Partai Keadilan dan Persaatuan Indonesia,20,5951,0
2019,Bengkulu,1,DPR,"1,399,108","986,984","207,984",,,,
2019,Bengkulu,1,DPR,,,,Partai Kebangkitan Bangsa,1,76751,0
2019,Bengkulu,1,DPR,,,,Partai Gerakan Indonesia Raya,2,130846,1
2019,Bengkulu,1,DPR,,,,Partai Demokrasi Indonesia Perjuangan,3,137006,1
2019,Bengkulu,1,DPR,,,,Partai Golongan Karya,4,136581,1
2019,Bengkulu,1,DPR,,,,Partai Nasdem,5,94172,0
2019,Bengkulu,1,DPR,,,,Partai Gerakan Perubahan Indonesia,6,7582,0
2019,Bengkulu,1,DPR,,,,Partai Berkarya,7,23633,0
2019,Bengkulu,1,DPR,,,,Partai Keadilan Sejahtera,8,98952,0
2019,Bengkulu,1,DPR,,,,Partai Persatuan Indonesia,9,37657,0
2019,Bengkulu,1,DPR,,,,Partai Persatuan Pembangunan,10,30394,0
2019,Bengkulu,1,DPR,,,,Partai Solidaritas Indonesia,11,17759,0
2019,Bengkulu,1,DPR,,,,Partai Amanat Nasional,12,121990,1
2019,Bengkulu,1,DPR,,,,Partai Hati Nurani Rakyat,13,16392,0
2019,Bengkulu,1,DPR,,,,Partai Demokrat ,14,38426,0
2019,Bengkulu,1,DPR,,,,Partai Bulan Bintang,19,8210,0
2019,Bengkulu,1,DPR,,,,Partai Keadilan dan Persaatuan Indonesia,20,10633,0
2019,DI. Yogyakarta,1,DPR,"2,731,874","2,184,355","230,006",,,,
2019,DI. Yogyakarta,1,DPR,,,,Partai Kebangkitan Bangsa,1,264698,1
2019,DI. Yogyakarta,1,DPR,,,,Partai Gerakan Indonesia Raya,2,191346,1
2019,DI. Yogyakarta,1,DPR,,,,Partai Demokrasi Indonesia Perjuangan,3,654088,2
2019,DI. Yogyakarta,1,DPR,,,,Partai Golongan Karya,4,152903,1
2019,DI. Yogyakarta,1,DPR,,,,Partai Nasdem,5,166680,1
2019,DI. Yogyakarta,1,DPR,,,,Partai Gerakan Perubahan Indonesia,6,8675,0
2019,DI. Yogyakarta,1,DPR,,,,Partai Berkarya,7,60611,0
2019,DI. Yogyakarta,1,DPR,,,,Partai Keadilan Sejahtera,8,229815,1
2019,DI. Yogyakarta,1,DPR,,,,Partai Persatuan Indonesia,9,27364,0
2019,DI. Yogyakarta,1,DPR,,,,Partai Persatuan Pembangunan,10,62357,0
2019,DI. Yogyakarta,1,DPR,,,,Partai Solidaritas Indonesia,11,45347,0
2019,DI. Yogyakarta,1,DPR,,,,Partai Amanat Nasional,12,237731,1
2019,DI. Yogyakarta,1,DPR,,,,Partai Hati Nurani Rakyat,13,6987,0
2019,DI. Yogyakarta,1,DPR,,,,Partai Demokrat ,14,62708,0
2019,DI. Yogyakarta,1,DPR,,,,Partai Bulan Bintang,19,9378,0
2019,DI. Yogyakarta,1,DPR,,,,Partai Keadilan dan Persaatuan Indonesia,20,3667,0
2019,DKI Jakarta,1,DPR,"2,246,279","1,732,022","121,865",,,,
2019,DKI Jakarta,1,DPR,,,,Partai Kebangkitan Bangsa,1,99114,0
2019,DKI Jakarta,1,DPR,,,,Partai Gerakan Indonesia Raya,2,251054,1
2019,DKI Jakarta,1,DPR,,,,Partai Demokrasi Indonesia Perjuangan,3,360141,2
2019,DKI Jakarta ,1,DPR,,,,Partai Golongan Karya,4,79644,0
2019,DKI Jakarta,1,DPR,,,,Partai Nasdem,5,56313,0
2019,DKI Jakarta,1,DPR,,,,Partai Gerakan Perubahan Indonesia,6,4273,0
2019,DKI Jakarta ,1,DPR,,,,Partai Berkarya,7,23115,0
2019,DKI Jakarta ,1,DPR,,,,Partai Keadilan Sejahtera,8,343789,2
2019,DKI Jakarta ,1,DPR,,,,Partai Persatuan Indonesia,9,42632,0
2019,DKI Jakarta,1,DPR,,,,Partai Persatuan Pembangunan,10,68986,0
2019,DKI Jakarta,1,DPR,,,,Partai Solidaritas Indonesia,11,105136,0
2019,DKI Jakarta,1,DPR,,,,Partai Amanat Nasional,12,171081,1
2019,DKI Jakarta,1,DPR,,,,Partai Hati Nurani Rakyat,13,30184,0
2019,DKI Jakarta ,1,DPR,,,,Partai Demokrat ,14,82964,0
2019,DKI Jakarta,1,DPR,,,,Partai Bulan Bintang,19,10614,0
2019,DKI Jakarta,1,DPR,,,,Partai Keadilan dan Persaatuan Indonesia,20,2982,0
2019,DKI Jakarta,2,DPR,"4,495,436","2,622,791","255,162",,,,
2019,DKI Jakarta,2,DPR,,,,Partai Kebangkitan Bangsa,1,126501,0
2019,DKI Jakarta,2,DPR,,,,Partai Gerakan Indonesia Raya,2,393674,1
2019,DKI Jakarta,2,DPR,,,,Partai Demokrasi Indonesia Perjuangan,3,595249,2
2019,DKI Jakarta ,2,DPR,,,,Partai Golongan Karya,4,162706,1
2019,DKI Jakarta,2,DPR,,,,Partai Nasdem,5,126439,0
2019,DKI Jakarta,2,DPR,,,,Partai Gerakan Perubahan Indonesia,6,7802,0
2019,DKI Jakarta ,2,DPR,,,,Partai Berkarya,7,36722,0
2019,DKI Jakarta ,2,DPR,,,,Partai Keadilan Sejahtera,8,477773,2
2019,DKI Jakarta ,2,DPR,,,,Partai Persatuan Indonesia,9,92228,0
2019,DKI Jakarta,2,DPR,,,,Partai Persatuan Pembangunan,10,68896,0
2019,DKI Jakarta,2,DPR,,,,Partai Solidaritas Indonesia,11,232268,0
2019,DKI Jakarta,2,DPR,,,,Partai Amanat Nasional,12,118225,0
2019,DKI Jakarta,2,DPR,,,,Partai Hati Nurani Rakyat,13,17240,0
2019,DKI Jakarta ,2,DPR,,,,Partai Demokrat ,14,143673,1
2019,DKI Jakarta,2,DPR,,,,Partai Bulan Bintang,19,16490,0
2019,DKI Jakarta,2,DPR,,,,Partai Keadilan dan Persaatuan Indonesia,20,6905,0
2019,DKI Jakarta,3,DPR,"3,011,028","2,295,476","169,914",,,,
2019,DKI Jakarta,3,DPR,,,,Partai Kebangkitan Bangsa,1,78548,0
2019,DKI Jakarta,3,DPR,,,,Partai Gerakan Indonesia Raya,2,344131,1
2019,DKI Jakarta,3,DPR,,,,Partai Demokrasi Indonesia Perjuangan,3,669652,3
2019,DKI Jakarta ,3,DPR,,,,Partai Golongan Karya,4,80414,0
2019,DKI Jakarta,3,DPR,,,,Partai Nasdem,5,151908,1
2019,DKI Jakarta,3,DPR,,,,Partai Gerakan Perubahan Indonesia,6,4729,0
2019,DKI Jakarta ,3,DPR,,,,Partai Berkarya,7,24933,0
2019,DKI Jakarta ,3,DPR,,,,Partai Keadilan Sejahtera,8,295143,1
2019,DKI Jakarta ,3,DPR,,,,Partai Persatuan Indonesia,9,62891,0
2019,DKI Jakarta,3,DPR,,,,Partai Persatuan Pembangunan,10,40749,0
2019,DKI Jakarta,3,DPR,,,,Partai Solidaritas Indonesia,11,245667,0
2019,DKI Jakarta,3,DPR,,,,Partai Amanat Nasional,12,123537,1
2019,DKI Jakarta,3,DPR,,,,Partai Hati Nurani Rakyat,13,15821,0
2019,DKI Jakarta ,3,DPR,,,,Partai Demokrat ,14,133666,1
2019,DKI Jakarta,3,DPR,,,,Partai Bulan Bintang,19,20730,0
2019,DKI Jakarta,3,DPR,,,,Partai Keadilan dan Persaatuan Indonesia,20,2957,0
2019,Jawa Barat ,1,DPR,"2,114,944","1,703,628","130,750",,,,
2019,Jawa Barat ,1,DPR,,,,Partai Kebangkitan Bangsa,1,64194,0
2019,Jawa Barat ,1,DPR,,,,Partai Gerakan Indonesia Raya,2,274433,1
2019,Jawa Barat,1,DPR,,,,Partai Demokrasi Indonesia Perjuangan,3,280555,1
2019,Jawa Barat ,1,DPR,,,,Partai Golongan Karya,4,154182,1
2019,Jawa Barat,1,DPR,,,,Partai Nasdem,5,100826,1
2019,Jawa Barat,1,DPR,,,,Partai Gerakan Perubahan Indonesia,6,6976,0
2019,Jawa Barat ,1,DPR,,,,Partai Berkarya,7,20379,0
2019,Jawa Barat ,1,DPR,,,,Partai Keadilan Sejahtera,8,344632,2
2019,Jawa Barat,1,DPR,,,,Partai Persatuan Indonesia,9,72546,0
2019,Jawa Barat ,1,DPR,,,,Partai Persatuan Pembangunan,10,41624,0
2019,Jawa Barat,1,DPR,,,,Partai Solidaritas Indonesia,11,93161,0
2019,Jawa Barat,1,DPR,,,,Partai Amanat Nasional,12,67053,0
2019,Jawa Barat ,1,DPR,,,,Partai Hati Nurani Rakyat,13,16650,0
2019,Jawa Barat ,1,DPR,,,,Partai Demokrat ,14,145538,1
2019,Jawa Barat,1,DPR,,,,Partai Bulan Bintang,19,17927,0
2019,Jawa Barat ,1,DPR,,,,Partai Keadilan dan Persaatuan Indonesia,20,2952,0
2019,Jawa Barat ,2,DPR,"3,550,743","2,816,732","274,197",,,,
2019,Jawa Barat ,2,DPR,,,,Partai Kebangkitan Bangsa,1,235607,1
2019,Jawa Barat ,2,DPR,,,,Partai Gerakan Indonesia Raya,2,463231,2
2019,Jawa Barat,2,DPR,,,,Partai Demokrasi Indonesia Perjuangan,3,357145,1
2019,Jawa Barat ,2,DPR,,,,Partai Golongan Karya,4,433249,2
2019,Jawa Barat,2,DPR,,,,Partai Nasdem,5,206603,1
2019,Jawa Barat,2,DPR,,,,Partai Gerakan Perubahan Indonesia,6,10787,0
2019,Jawa Barat ,2,DPR,,,,Partai Berkarya,7,64845,0
2019,Jawa Barat ,2,DPR,,,,Partai Keadilan Sejahtera,8,371251,1
2019,Jawa Barat,2,DPR,,,,Partai Persatuan Indonesia,9,87086,0
2019,Jawa Barat ,2,DPR,,,,Partai Persatuan Pembangunan,10,67232,0
2019,Jawa Barat,2,DPR,,,,Partai Solidaritas Indonesia,11,44278,0
2019,Jawa Barat,2,DPR,,,,Partai Amanat Nasional,12,144832,1
2019,Jawa Barat ,2,DPR,,,,Partai Hati Nurani Rakyat,13,17813,0
2019,Jawa Barat ,2,DPR,,,,Partai Demokrat ,14,265700,1
2019,Jawa Barat,2,DPR,,,,Partai Bulan Bintang,19,39934,0
2019,Jawa Barat ,2,DPR,,,,Partai Keadilan dan Persaatuan Indonesia,20,7139,0
2019,Jawa Barat ,3,DPR,"2,383,452","1,709,037","215,346",,,,
2019,Jawa Barat ,3,DPR,,,,Partai Kebangkitan Bangsa,1,112226,1
2019,Jawa Barat ,3,DPR,,,,Partai Gerakan Indonesia Raya,2,282653,2
2019,Jawa Barat,3,DPR,,,,Partai Demokrasi Indonesia Perjuangan,3,212966,1
2019,Jawa Barat ,3,DPR,,,,Partai Golongan Karya,4,210231,1
2019,Jawa Barat,3,DPR,,,,Partai Nasdem,5,90986,1
2019,Jawa Barat,3,DPR,,,,Partai Gerakan Perubahan Indonesia,6,10087,0
2019,Jawa Barat ,3,DPR,,,,Partai Berkarya,7,40128,0
2019,Jawa Barat ,3,DPR,,,,Partai Keadilan Sejahtera,8,253043,1
2019,Jawa Barat,3,DPR,,,,Partai Persatuan Indonesia,9,39558,0
2019,Jawa Barat ,3,DPR,,,,Partai Persatuan Pembangunan,10,82932,0
2019,Jawa Barat,3,DPR,,,,Partai Solidaritas Indonesia,11,26025,0
2019,Jawa Barat,3,DPR,,,,Partai Amanat Nasional,12,106378,1
2019,Jawa Barat ,3,DPR,,,,Partai Hati Nurani Rakyat,13,38389,0
2019,Jawa Barat ,3,DPR,,,,Partai Demokrat ,14,170323,1
2019,Jawa Barat,3,DPR,,,,Partai Bulan Bintang,19,28233,0
2019,Jawa Barat ,3,DPR,,,,Partai Keadilan dan Persaatuan Indonesia,20,4879,0
2019,Jawa Barat ,4,DPR,"2,058,702","1,452,993","211,076",,,,
2019,Jawa Barat ,4,DPR,,,,Partai Kebangkitan Bangsa,1,79865,0
2019,Jawa Barat ,4,DPR,,,,Partai Gerakan Indonesia Raya,2,305557,1
2019,Jawa Barat,4,DPR,,,,Partai Demokrasi Indonesia Perjuangan,3,128847,1
2019,Jawa Barat ,4,DPR,,,,Partai Golongan Karya,4,182677,1
2019,Jawa Barat,4,DPR,,,,Partai Nasdem,5,52262,0
2019,Jawa Barat,4,DPR,,,,Partai Gerakan Perubahan Indonesia,6,4691,0
2019,Jawa Barat ,4,DPR,,,,Partai Berkarya,7,28105,0
2019,Jawa Barat ,4,DPR,,,,Partai Keadilan Sejahtera,8,220166,1
2019,Jawa Barat,4,DPR,,,,Partai Persatuan Indonesia,9,29242,0
2019,Jawa Barat ,4,DPR,,,,Partai Persatuan Pembangunan,10,79385,0
2019,Jawa Barat,4,DPR,,,,Partai Solidaritas Indonesia,11,10757,0
2019,Jawa Barat,4,DPR,,,,Partai Amanat Nasional,12,176501,1
2019,Jawa Barat ,4,DPR,,,,Partai Hati Nurani Rakyat,13,32803,0
2019,Jawa Barat ,4,DPR,,,,Partai Demokrat ,14,111452,1
2019,Jawa Barat,4,DPR,,,,Partai Bulan Bintang,19,7674,0
2019,Jawa Barat ,4,DPR,,,,Partai Keadilan dan Persaatuan Indonesia,20,3009,0
2019,Jawa Barat ,5,DPR,"3,472,622","2,618,368","345,341",,,,
2019,Jawa Barat ,5,DPR,,,,Partai Kebangkitan Bangsa,1,134107,1
2019,Jawa Barat ,5,DPR,,,,Partai Gerakan Indonesia Raya,2,624731,2
2019,Jawa Barat,5,DPR,,,,Partai Demokrasi Indonesia Perjuangan,3,285639,1
2019,Jawa Barat ,5,DPR,,,,Partai Golongan Karya,4,326505,1
2019,Jawa Barat,5,DPR,,,,Partai Nasdem,5,111164,0
2019,Jawa Barat,5,DPR,,,,Partai Gerakan Perubahan Indonesia,6,12171,0
2019,Jawa Barat ,5,DPR,,,,Partai Berkarya,7,86716,0
2019,Jawa Barat ,5,DPR,,,,Partai Keadilan Sejahtera,8,325515,1
2019,Jawa Barat,5,DPR,,,,Partai Persatuan Indonesia,9,73807,0
2019,Jawa Barat ,5,DPR,,,,Partai Persatuan Pembangunan,10,193416,1
2019,Jawa Barat,5,DPR,,,,Partai Solidaritas Indonesia,11,32294,0
2019,Jawa Barat,5,DPR,,,,Partai Amanat Nasional,12,197356,1
2019,Jawa Barat ,5,DPR,,,,Partai Hati Nurani Rakyat,13,19870,0
2019,Jawa Barat ,5,DPR,,,,Partai Demokrat ,14,173094,1
2019,Jawa Barat,5,DPR,,,,Partai Bulan Bintang,19,16159,0
2019,Jawa Barat ,5,DPR,,,,Partai Keadilan dan Persaatuan Indonesia,20,5824,0
2019,Jawa Barat ,6,DPR,"2,991,458","2,283,953","185,441",,,,
2019,Jawa Barat ,6,DPR,,,,Partai Kebangkitan Bangsa,1,128716,0
2019,Jawa Barat ,6,DPR,,,,Partai Gerakan Indonesia Raya,2,369993,1
2019,Jawa Barat,6,DPR,,,,Partai Demokrasi Indonesia Perjuangan,3,446351,1
2019,Jawa Barat ,6,DPR,,,,Partai Golongan Karya,4,215851,1
2019,Jawa Barat,6,DPR,,,,Partai Nasdem,5,78889,0
2019,Jawa Barat,6,DPR,,,,Partai Gerakan Perubahan Indonesia,6,6847,0
2019,Jawa Barat ,6,DPR,,,,Partai Berkarya,7,31577,0
2019,Jawa Barat ,6,DPR,,,,Partai Keadilan Sejahtera,8,500048,2
2019,Jawa Barat,6,DPR,,,,Partai Persatuan Indonesia,9,53649,0
2019,Jawa Barat ,6,DPR,,,,Partai Persatuan Pembangunan,10,73733,0
2019,Jawa Barat,6,DPR,,,,Partai Solidaritas Indonesia,11,83600,0
2019,Jawa Barat,6,DPR,,,,Partai Amanat Nasional,12,161405,1
2019,Jawa Barat ,6,DPR,,,,Partai Hati Nurani Rakyat,13,13939,0
2019,Jawa Barat ,6,DPR,,,,Partai Demokrat ,14,103469,0
2019,Jawa Barat,6,DPR,,,,Partai Bulan Bintang,19,12245,0
2019,Jawa Barat ,6,DPR,,,,Partai Keadilan dan Persaatuan Indonesia,20,3641,0
2019,Jawa Barat ,7,DPR,"4,411,646","3,182,441","464,233",,,,
2019,Jawa Barat ,7,DPR,,,,Partai Kebangkitan Bangsa,1,234496,1
2019,Jawa Barat ,7,DPR,,,,Partai Gerakan Indonesia Raya,2,588135,2
2019,Jawa Barat,7,DPR,,,,Partai Demokrasi Indonesia Perjuangan,3,413842,1
2019,Jawa Barat ,7,DPR,,,,Partai Golongan Karya,4,523248,2
2019,Jawa Barat,7,DPR,,,,Partai Nasdem,5,147717,1
2019,Jawa Barat,7,DPR,,,,Partai Gerakan Perubahan Indonesia,6,15117,0
2019,Jawa Barat ,7,DPR,,,,Partai Berkarya,7,70996,0
2019,Jawa Barat ,7,DPR,,,,Partai Keadilan Sejahtera,8,440318,1
2019,Jawa Barat,7,DPR,,,,Partai Persatuan Indonesia,9,115576,0
2019,Jawa Barat ,7,DPR,,,,Partai Persatuan Pembangunan,10,86496,0
2019,Jawa Barat,7,DPR,,,,Partai Solidaritas Indonesia,11,38106,0
2019,Jawa Barat,7,DPR,,,,Partai Amanat Nasional,12,172469,1
2019,Jawa Barat ,7,DPR,,,,Partai Hati Nurani Rakyat,13,36176,0
2019,Jawa Barat ,7,DPR,,,,Partai Demokrat ,14,259139,1
2019,Jawa Barat,7,DPR,,,,Partai Bulan Bintang,19,35775,0
2019,Jawa Barat ,7,DPR,,,,Partai Keadilan dan Persaatuan Indonesia,20,4835,0
2019,Jawa Barat ,8,DPR,"3,293,881","2,172,423","347,831",,,,
2019,Jawa Barat ,8,DPR,,,,Partai Kebangkitan Bangsa,1,305698,1
2019,Jawa Barat ,8,DPR,,,,Partai Gerakan Indonesia Raya,2,245048,1
2019,Jawa Barat,8,DPR,,,,Partai Demokrasi Indonesia Perjuangan,3,372952,2
2019,Jawa Barat ,8,DPR,,,,Partai Golongan Karya,4,409150,2
2019,Jawa Barat,8,DPR,,,,Partai Nasdem,5,167625,1
2019,Jawa Barat,8,DPR,,,,Partai Gerakan Perubahan Indonesia,6,12210,0
2019,Jawa Barat ,8,DPR,,,,Partai Berkarya,7,59797,0
2019,Jawa Barat ,8,DPR,,,,Partai Keadilan Sejahtera,8,149375,1
2019,Jawa Barat,8,DPR,,,,Partai Persatuan Indonesia,9,76081,0
2019,Jawa Barat ,8,DPR,,,,Partai Persatuan Pembangunan,10,67900,0
2019,Jawa Barat,8,DPR,,,,Partai Solidaritas Indonesia,11,24043,0
2019,Jawa Barat,8,DPR,,,,Partai Amanat Nasional,12,99190,0
2019,Jawa Barat ,8,DPR,,,,Partai Hati Nurani Rakyat,13,49578,0
2019,Jawa Barat ,8,DPR,,,,Partai Demokrat ,14,120520,1
2019,Jawa Barat,8,DPR,,,,Partai Bulan Bintang,19,10409,0
2019,Jawa Barat ,8,DPR,,,,Partai Keadilan dan Persaatuan Indonesia,20,2847,0
2019,Jawa Barat ,9,DPR,"2,993,825","2,169,971","312,315",,,,
2019,Jawa Barat ,9,DPR,,,,Partai Kebangkitan Bangsa,1,188357,1
2019,Jawa Barat ,9,DPR,,,,Partai Gerakan Indonesia Raya,2,322543,1
2019,Jawa Barat,9,DPR,,,,Partai Demokrasi Indonesia Perjuangan,3,420236,2
2019,Jawa Barat ,9,DPR,,,,Partai Golongan Karya,4,340563,1
2019,Jawa Barat,9,DPR,,,,Partai Nasdem,5,100948,0
2019,Jawa Barat,9,DPR,,,,Partai Gerakan Perubahan Indonesia,6,14555,0
2019,Jawa Barat ,9,DPR,,,,Partai Berkarya,7,59325,0
2019,Jawa Barat ,9,DPR,,,,Partai Keadilan Sejahtera,8,184341,1
2019,Jawa Barat,9,DPR,,,,Partai Persatuan Indonesia,9,70881,0
2019,Jawa Barat ,9,DPR,,,,Partai Persatuan Pembangunan,10,91074,0
2019,Jawa Barat,9,DPR,,,,Partai Solidaritas Indonesia,11,21803,0
2019,Jawa Barat,9,DPR,,,,Partai Amanat Nasional,12,207961,1
2019,Jawa Barat ,9,DPR,,,,Partai Hati Nurani Rakyat,13,7353,0
2019,Jawa Barat ,9,DPR,,,,Partai Demokrat ,14,116512,1
2019,Jawa Barat,9,DPR,,,,Partai Bulan Bintang,19,19188,0
2019,Jawa Barat ,9,DPR,,,,Partai Keadilan dan Persaatuan Indonesia,20,4331,0
2019,Jawa Barat ,10,DPR,"2,258,999","1,604,079","184,896",,,,
2019,Jawa Barat ,10,DPR,,,,Partai Kebangkitan Bangsa,1,116840,1
2019,Jawa Barat ,10,DPR,,,,Partai Gerakan Indonesia Raya,2,215437,1
2019,Jawa Barat,10,DPR,,,,Partai Demokrasi Indonesia Perjuangan,3,314659,1
2019,Jawa Barat ,10,DPR,,,,Partai Golongan Karya,4,173415,1
2019,Jawa Barat,10,DPR,,,,Partai Nasdem,5,65114,0
2019,Jawa Barat,10,DPR,,,,Partai Gerakan Perubahan Indonesia,6,7591,0
2019,Jawa Barat ,10,DPR,,,,Partai Berkarya,7,37880,0
2019,Jawa Barat ,10,DPR,,,,Partai Keadilan Sejahtera,8,229530,1
2019,Jawa Barat,10,DPR,,,,Partai Persatuan Indonesia,9,34506,0
2019,Jawa Barat ,10,DPR,,,,Partai Persatuan Pembangunan,10,126892,1
2019,Jawa Barat,10,DPR,,,,Partai Solidaritas Indonesia,11,9305,0
2019,Jawa Barat,10,DPR,,,,Partai Amanat Nasional,12,105724,0
2019,Jawa Barat ,10,DPR,,,,Partai Hati Nurani Rakyat,13,5512,0
2019,Jawa Barat ,10,DPR,,,,Partai Demokrat ,14,143057,1
2019,Jawa Barat,10,DPR,,,,Partai Bulan Bintang,19,16294,0
2019,Jawa Barat ,10,DPR,,,,Partai Keadilan dan Persaatuan Indonesia,20,2323,0
2019,Jawa Barat ,11,DPR,"3,746,633","2,702,571","299,558",,,,
2019,Jawa Barat ,11,DPR,,,,Partai Kebangkitan Bangsa,1,296151,1
2019,Jawa Barat ,11,DPR,,,,Partai Gerakan Indonesia Raya,2,628289,3
2019,Jawa Barat,11,DPR,,,,Partai Demokrasi Indonesia Perjuangan,3,277333,1
2019,Jawa Barat ,11,DPR,,,,Partai Golongan Karya,4,257891,1
2019,Jawa Barat,11,DPR,,,,Partai Nasdem,5,91280,0
2019,Jawa Barat,11,DPR,,,,Partai Gerakan Perubahan Indonesia,6,13862,0
2019,Jawa Barat ,11,DPR,,,,Partai Berkarya,7,65194,0
2019,Jawa Barat ,11,DPR,,,,Partai Keadilan Sejahtera,8,268387,1
2019,Jawa Barat,11,DPR,,,,Partai Persatuan Indonesia,9,42151,0
2019,Jawa Barat ,11,DPR,,,,Partai Persatuan Pembangunan,10,200678,1
2019,Jawa Barat,11,DPR,,,,Partai Solidaritas Indonesia,11,18463,0
2019,Jawa Barat,11,DPR,,,,Partai Amanat Nasional,12,251952,1
2019,Jawa Barat ,11,DPR,,,,Partai Hati Nurani Rakyat,13,33121,0
2019,Jawa Barat ,11,DPR,,,,Partai Demokrat ,14,221761,1
2019,Jawa Barat,11,DPR,,,,Partai Bulan Bintang,19,32466,0
2019,Jawa Barat ,11,DPR,,,,Partai Keadilan dan Persaatuan Indonesia,20,3592,0
2019,Jawa Tengah ,1,DPR,"2,868,846","2,134,890","321,305",,,,
2019,Jawa Tengah ,1,DPR,,,,Partai Kebangkitan Bangsa,1,233929,1
2019,Jawa Tengah ,1,DPR,,,,Partai Gerakan Indonesia Raya,2,176775,1
2019,Jawa Tengah ,1,DPR,,,,Partai Demokrasi Indonesia Perjuangan,3,672174,2
2019,Jawa Tengah,1,DPR,,,,Partai Golongan Karya,4,161305,1
2019,Jawa Tengah,1,DPR,,,,Partai Nasdem,5,157678,1
2019,Jawa Tengah ,1,DPR,,,,Partai Gerakan Perubahan Indonesia,6,8446,0
2019,Jawa Tengah ,1,DPR,,,,Partai Berkarya,7,33987,0
2019,Jawa Tengah ,1,DPR,,,,Partai Keadilan Sejahtera,8,138626,1
2019,Jawa Tengah,1,DPR,,,,Partai Persatuan Indonesia,9,82106,0
2019,Jawa Tengah,1,DPR,,,,Partai Persatuan Pembangunan,10,127595,0
2019,Jawa Tengah ,1,DPR,,,,Partai Solidaritas Indonesia,11,83420,0
2019,Jawa Tengah ,1,DPR,,,,Partai Amanat Nasional,12,96382,0
2019,Jawa Tengah ,1,DPR,,,,Partai Hati Nurani Rakyat,13,12976,0
2019,Jawa Tengah,1,DPR,,,,Partai Demokrat ,14,140734,1
2019,Jawa Tengah,1,DPR,,,,Partai Bulan Bintang,19,5595,0
2019,Jawa Tengah,1,DPR,,,,Partai Keadilan dan Persaatuan Indonesia,20,3162,0
2019,Jawa Tengah ,2,DPR,"2,384,451","1,716,030","295,792",,,,
2019,Jawa Tengah ,2,DPR,,,,Partai Kebangkitan Bangsa,1,255860,1
2019,Jawa Tengah ,2,DPR,,,,Partai Gerakan Indonesia Raya,2,169802,1
2019,Jawa Tengah,2,DPR,,,,Partai Demokrasi Indonesia Perjuangan,3,403488,2
2019,Jawa Tengah,2,DPR,,,,Partai Golongan Karya,4,199956,1
2019,Jawa Tengah ,2,DPR,,,,Partai Nasdem,5,258668,1
2019,Jawa Tengah ,2,DPR,,,,Partai Gerakan Perubahan Indonesia,6,5478,0
2019,Jawa Tengah ,2,DPR,,,,Partai Berkarya,7,28268,0
2019,Jawa Tengah,2,DPR,,,,Partai Keadilan Sejahtera,8,46778,0
2019,Jawa Tengah,2,DPR,,,,Partai Persatuan Indonesia,9,29037,0
2019,Jawa Tengah ,2,DPR,,,,Partai Persatuan Pembangunan,10,129121,1
2019,Jawa Tengah ,2,DPR,,,,Partai Solidaritas Indonesia,11,23847,0
2019,Jawa Tengah ,2,DPR,,,,Partai Amanat Nasional,12,63013,0
2019,Jawa Tengah,2,DPR,,,,Partai Hati Nurani Rakyat,13,8260,0
2019,Jawa Tengah,2,DPR,,,,Partai Demokrat ,14,87385,0
2019,Jawa Tengah,2,DPR,,,,Partai Bulan Bintang,19,5295,0
2019,Jawa Tengah,2,DPR,,,,Partai Keadilan dan Persaatuan Indonesia,20,1774,0
2019,Jawa Tengah ,3,DPR,"3,352,042","2,254,098","472,242",,,,
2019,Jawa Tengah ,3,DPR,,,,Partai Kebangkitan Bangsa,1,290631,1
2019,Jawa Tengah ,3,DPR,,,,Partai Gerakan Indonesia Raya,2,205355,1
2019,Jawa Tengah,3,DPR,,,,Partai Demokrasi Indonesia Perjuangan,3,611451,3
2019,Jawa Tengah,3,DPR,,,,Partai Golongan Karya,4,191356,1
2019,Jawa Tengah ,3,DPR,,,,Partai Nasdem,5,237319,1
2019,Jawa Tengah ,3,DPR,,,,Partai Gerakan Perubahan Indonesia,6,14235,0
2019,Jawa Tengah ,3,DPR,,,,Partai Berkarya,7,55104,0
2019,Jawa Tengah,3,DPR,,,,Partai Keadilan Sejahtera,8,75555,0
2019,Jawa Tengah,3,DPR,,,,Partai Persatuan Indonesia,9,48376,0
2019,Jawa Tengah ,3,DPR,,,,Partai Persatuan Pembangunan,10,165750,1
2019,Jawa Tengah ,3,DPR,,,,Partai Solidaritas Indonesia,11,20028,0
2019,Jawa Tengah ,3,DPR,,,,Partai Amanat Nasional,12,37534,0
2019,Jawa Tengah,3,DPR,,,,Partai Hati Nurani Rakyat,13,56032,0
2019,Jawa Tengah,3,DPR,,,,Partai Demokrat ,14,235887,1
2019,Jawa Tengah,3,DPR,,,,Partai Bulan Bintang,19,6833,0
2019,Jawa Tengah,3,DPR,,,,Partai Keadilan dan Persaatuan Indonesia,20,2652,0
2019,Jawa Tengah ,4,DPR,"2,341,751","1,656,321","186,691",,,,
2019,Jawa Tengah ,4,DPR,,,,Partai Kebangkitan Bangsa,1,113869,1
2019,Jawa Tengah ,4,DPR,,,,Partai Gerakan Indonesia Raya,2,83961,0
2019,Jawa Tengah,4,DPR,,,,Partai Demokrasi Indonesia Perjuangan,3,698416,4
2019,Jawa Tengah,4,DPR,,,,Partai Golongan Karya,4,258694,1
2019,Jawa Tengah ,4,DPR,,,,Partai Nasdem,5,57220,0
2019,Jawa Tengah ,4,DPR,,,,Partai Gerakan Perubahan Indonesia,6,4536,0
2019,Jawa Tengah ,4,DPR,,,,Partai Berkarya,7,26076,0
2019,Jawa Tengah,4,DPR,,,,Partai Keadilan Sejahtera,8,144568,1
2019,Jawa Tengah,4,DPR,,,,Partai Persatuan Indonesia,9,16547,0
2019,Jawa Tengah ,4,DPR,,,,Partai Persatuan Pembangunan,10,15855,0
2019,Jawa Tengah ,4,DPR,,,,Partai Solidaritas Indonesia,11,17668,0
2019,Jawa Tengah ,4,DPR,,,,Partai Amanat Nasional,12,91928,0
2019,Jawa Tengah,4,DPR,,,,Partai Hati Nurani Rakyat,13,34760,0
2019,Jawa Tengah,4,DPR,,,,Partai Demokrat ,14,87549,0
2019,Jawa Tengah,4,DPR,,,,Partai Bulan Bintang,19,2931,0
2019,Jawa Tengah,4,DPR,,,,Partai Keadilan dan Persaatuan Indonesia,20,1743,0
2019,Jawa Tengah ,5,DPR,"2,904,540","2,219,782","226,103",,,,
2019,Jawa Tengah ,5,DPR,,,,Partai Kebangkitan Bangsa,1,177672,1
2019,Jawa Tengah ,5,DPR,,,,Partai Gerakan Indonesia Raya,2,121311,0
2019,Jawa Tengah,5,DPR,,,,Partai Demokrasi Indonesia Perjuangan,3,899047,4
2019,Jawa Tengah,5,DPR,,,,Partai Golongan Karya,4,283671,1
2019,Jawa Tengah ,5,DPR,,,,Partai Nasdem,5,239283,1
2019,Jawa Tengah ,5,DPR,,,,Partai Gerakan Perubahan Indonesia,6,4527,0
2019,Jawa Tengah ,5,DPR,,,,Partai Berkarya,7,31232,0
2019,Jawa Tengah,5,DPR,,,,Partai Keadilan Sejahtera,8,167148,1
2019,Jawa Tengah,5,DPR,,,,Partai Persatuan Indonesia,9,49281,0
2019,Jawa Tengah ,5,DPR,,,,Partai Persatuan Pembangunan,10,25747,0
2019,Jawa Tengah ,5,DPR,,,,Partai Solidaritas Indonesia,11,32790,0
2019,Jawa Tengah ,5,DPR,,,,Partai Amanat Nasional,12,121260,0
2019,Jawa Tengah,5,DPR,,,,Partai Hati Nurani Rakyat,13,3274,0
2019,Jawa Tengah,5,DPR,,,,Partai Demokrat ,14,56612,0
2019,Jawa Tengah,5,DPR,,,,Partai Bulan Bintang,19,5085,0
2019,Jawa Tengah,5,DPR,,,,Partai Keadilan dan Persaatuan Indonesia,20,1842,0
2019,Jawa Tengah ,6,DPR,"2,976,228","2,152,785","335,446",,,,
2019,Jawa Tengah ,6,DPR,,,,Partai Kebangkitan Bangsa,1,449821,2
2019,Jawa Tengah ,6,DPR,,,,Partai Gerakan Indonesia Raya,2,178666,1
2019,Jawa Tengah,6,DPR,,,,Partai Demokrasi Indonesia Perjuangan,3,598419,2
2019,Jawa Tengah,6,DPR,,,,Partai Golongan Karya,4,208206,1
2019,Jawa Tengah ,6,DPR,,,,Partai Nasdem,5,119778,0
2019,Jawa Tengah ,6,DPR,,,,Partai Gerakan Perubahan Indonesia,6,7225,0
2019,Jawa Tengah ,6,DPR,,,,Partai Berkarya,7,33779,0
2019,Jawa Tengah,6,DPR,,,,Partai Keadilan Sejahtera,8,101855,0
2019,Jawa Tengah,6,DPR,,,,Partai Persatuan Indonesia,9,43226,0
2019,Jawa Tengah ,6,DPR,,,,Partai Persatuan Pembangunan,10,136544,1
2019,Jawa Tengah ,6,DPR,,,,Partai Solidaritas Indonesia,11,20518,0
2019,Jawa Tengah ,6,DPR,,,,Partai Amanat Nasional,12,108610,0
2019,Jawa Tengah,6,DPR,,,,Partai Hati Nurani Rakyat,13,18911,0
2019,Jawa Tengah,6,DPR,,,,Partai Demokrat ,14,120020,1
2019,Jawa Tengah,6,DPR,,,,Partai Bulan Bintang,19,4695,0
2019,Jawa Tengah,6,DPR,,,,Partai Keadilan dan Persaatuan Indonesia,20,2512,0
2019,Jawa Tengah ,7,DPR,"2,609,089","1,685,621","284,909",,,,
2019,Jawa Tengah ,7,DPR,,,,Partai Kebangkitan Bangsa,1,248836,1
2019,Jawa Tengah ,7,DPR,,,,Partai Gerakan Indonesia Raya,2,154433,1
2019,Jawa Tengah,7,DPR,,,,Partai Demokrasi Indonesia Perjuangan,3,392334,2
2019,Jawa Tengah,7,DPR,,,,Partai Golongan Karya,4,186370,1
2019,Jawa Tengah ,7,DPR,,,,Partai Nasdem,5,121889,0
2019,Jawa Tengah ,7,DPR,,,,Partai Gerakan Perubahan Indonesia,6,6930,0
2019,Jawa Tengah ,7,DPR,,,,Partai Berkarya,7,26968,0
2019,Jawa Tengah,7,DPR,,,,Partai Keadilan Sejahtera,8,171270,1
2019,Jawa Tengah,7,DPR,,,,Partai Persatuan Indonesia,9,32722,0
2019,Jawa Tengah ,7,DPR,,,,Partai Persatuan Pembangunan,10,90571,0
2019,Jawa Tengah ,7,DPR,,,,Partai Solidaritas Indonesia,11,11272,0
2019,Jawa Tengah ,7,DPR,,,,Partai Amanat Nasional,12,73770,0
2019,Jawa Tengah,7,DPR,,,,Partai Hati Nurani Rakyat,13,6919,0
2019,Jawa Tengah,7,DPR,,,,Partai Demokrat ,14,154740,1
2019,Jawa Tengah,7,DPR,,,,Partai Bulan Bintang,19,4890,0
2019,Jawa Tengah,7,DPR,,,,Partai Keadilan dan Persaatuan Indonesia,20,1707,0
2019,Jawa Tengah ,8,DPR,"2,839,477","1,973,532","189,796",,,,
2019,Jawa Tengah ,8,DPR,,,,Partai Kebangkitan Bangsa,1,262576,1
2019,Jawa Tengah ,8,DPR,,,,Partai Gerakan Indonesia Raya,2,201425,1
2019,Jawa Tengah,8,DPR,,,,Partai Demokrasi Indonesia Perjuangan,3,522986,2
2019,Jawa Tengah,8,DPR,,,,Partai Golongan Karya,4,355738,2
2019,Jawa Tengah ,8,DPR,,,,Partai Nasdem,5,156820,1
2019,Jawa Tengah ,8,DPR,,,,Partai Gerakan Perubahan Indonesia,6,5349,0
2019,Jawa Tengah ,8,DPR,,,,Partai Berkarya,7,31871,0
2019,Jawa Tengah,8,DPR,,,,Partai Keadilan Sejahtera,8,81925,0
2019,Jawa Tengah,8,DPR,,,,Partai Persatuan Indonesia,9,40692,0
2019,Jawa Tengah ,8,DPR,,,,Partai Persatuan Pembangunan,10,96084,0
2019,Jawa Tengah ,8,DPR,,,,Partai Solidaritas Indonesia,11,18636,0
2019,Jawa Tengah ,8,DPR,,,,Partai Amanat Nasional,12,72150,0
2019,Jawa Tengah,8,DPR,,,,Partai Hati Nurani Rakyat,13,2996,0
2019,Jawa Tengah,8,DPR,,,,Partai Demokrat ,14,116578,1
2019,Jawa Tengah,8,DPR,,,,Partai Bulan Bintang,19,4307,0
2019,Jawa Tengah,8,DPR,,,,Partai Keadilan dan Persaatuan Indonesia,20,3399,0
2019,Jawa Tengah ,9,DPR,"2,939,681","1,860,636","276,170",,,,
2019,Jawa Tengah ,9,DPR,,,,Partai Kebangkitan Bangsa,1,287180,2
2019,Jawa Tengah ,9,DPR,,,,Partai Gerakan Indonesia Raya,2,269166,1
2019,Jawa Tengah,9,DPR,,,,Partai Demokrasi Indonesia Perjuangan,3,575390,3
2019,Jawa Tengah,9,DPR,,,,Partai Golongan Karya,4,210642,1
2019,Jawa Tengah ,9,DPR,,,,Partai Nasdem,5,39458,0
2019,Jawa Tengah ,9,DPR,,,,Partai Gerakan Perubahan Indonesia,6,5972,0
2019,Jawa Tengah ,9,DPR,,,,Partai Berkarya,7,22540,0
2019,Jawa Tengah,9,DPR,,,,Partai Keadilan Sejahtera,8,113829,1
2019,Jawa Tengah,9,DPR,,,,Partai Persatuan Indonesia,9,47112,0
2019,Jawa Tengah ,9,DPR,,,,Partai Persatuan Pembangunan,10,72217,0
2019,Jawa Tengah ,9,DPR,,,,Partai Solidaritas Indonesia,11,10040,0
2019,Jawa Tengah ,9,DPR,,,,Partai Amanat Nasional,12,95277,0
2019,Jawa Tengah,9,DPR,,,,Partai Hati Nurani Rakyat,13,15399,0
2019,Jawa Tengah,9,DPR,,,,Partai Demokrat ,14,92071,0
2019,Jawa Tengah,9,DPR,,,,Partai Bulan Bintang,19,2940,0
2019,Jawa Tengah,9,DPR,,,,Partai Keadilan dan Persaatuan Indonesia,20,1403,0
2019,Jawa Tengah ,10,DPR,"2,680,797","1,764,319","323,202",,,,
2019,Jawa Tengah ,10,DPR,,,,Partai Kebangkitan Bangsa,1,406356,2
2019,Jawa Tengah ,10,DPR,,,,Partai Gerakan Indonesia Raya,2,140416,1
2019,Jawa Tengah,10,DPR,,,,Partai Demokrasi Indonesia Perjuangan,3,395959,2
2019,Jawa Tengah,10,DPR,,,,Partai Golongan Karya,4,325627,1
2019,Jawa Tengah ,10,DPR,,,,Partai Nasdem,5,108212,0
2019,Jawa Tengah ,10,DPR,,,,Partai Gerakan Perubahan Indonesia,6,3575,0
2019,Jawa Tengah ,10,DPR,,,,Partai Berkarya,7,31473,0
2019,Jawa Tengah,10,DPR,,,,Partai Keadilan Sejahtera,8,75388,0
2019,Jawa Tengah,10,DPR,,,,Partai Persatuan Indonesia,9,29843,0
2019,Jawa Tengah ,10,DPR,,,,Partai Persatuan Pembangunan,10,111655,1
2019,Jawa Tengah ,10,DPR,,,,Partai Solidaritas Indonesia,11,11587,0
2019,Jawa Tengah ,10,DPR,,,,Partai Amanat Nasional,12,72086,0
2019,Jawa Tengah,10,DPR,,,,Partai Hati Nurani Rakyat,13,7247,0
2019,Jawa Tengah,10,DPR,,,,Partai Demokrat ,14,40844,0
2019,Jawa Tengah,10,DPR,,,,Partai Bulan Bintang,19,2707,0
2019,Jawa Tengah,10,DPR,,,,Partai Keadilan dan Persaatuan Indonesia,20,1344,0
2019,Jawa Timur,1,DPR,"3,529,326","2,480,074","336,466",,,,
2019,Jawa Timur,1,DPR,,,,Partai Kebangkitan Bangsa,1,421447,2
2019,Jawa Timur,1,DPR,,,,Partai Gerakan Indonesia Raya,2,308754,1
2019,Jawa Timur,1,DPR,,,,Partai Demokrasi Indonesia Perjuangan,3,620688,3
2019,Jawa Timur,1,DPR,,,,Partai Golongan Karya,4,260537,1
2019,Jawa Timur,1,DPR,,,,Partai Nasdem,5,104918,0
2019,Jawa Timur,1,DPR,,,,Partai Gerakan Perubahan Indonesia,6,9063,0
2019,Jawa Timur,1,DPR,,,,Partai Berkarya,7,26140,0
2019,Jawa Timur,1,DPR,,,,Partai Keadilan Sejahtera,8,155367,1
2019,Jawa Timur,1,DPR,,,,Partai Persatuan Indonesia,9,73316,0
2019,Jawa Timur,1,DPR,,,,Partai Persatuan Pembangunan,10,76142,0
2019,Jawa Timur,1,DPR,,,,Partai Solidaritas Indonesia,11,109130,0
2019,Jawa Timur,1,DPR,,,,Partai Amanat Nasional,12,165910,1
2019,Jawa Timur,1,DPR,,,,Partai Hati Nurani Rakyat,13,15910,0
2019,Jawa Timur,1,DPR,,,,Partai Demokrat ,14,112828,1
2019,Jawa Timur,1,DPR,,,,Partai Bulan Bintang,19,15895,0
2019,Jawa Timur,1,DPR,,,,Partai Keadilan dan Persaatuan Indonesia,20,4029,0
2019,Jawa Timur,2,DPR,"2,379,078","1,691,252","338,937",,,,
2019,Jawa Timur,2,DPR,,,,Partai Kebangkitan Bangsa,1,321876,2
2019,Jawa Timur,2,DPR,,,,Partai Gerakan Indonesia Raya,2,164604,1
2019,Jawa Timur,2,DPR,,,,Partai Demokrasi Indonesia Perjuangan,3,276360,1
2019,Jawa Timur,2,DPR,,,,Partai Golongan Karya,4,207962,1
2019,Jawa Timur,2,DPR,,,,Partai Nasdem,5,320325,2
2019,Jawa Timur,2,DPR,,,,Partai Gerakan Perubahan Indonesia,6,7396,0
2019,Jawa Timur,2,DPR,,,,Partai Berkarya,7,39200,0
2019,Jawa Timur,2,DPR,,,,Partai Keadilan Sejahtera,8,60328,0
2019,Jawa Timur,2,DPR,,,,Partai Persatuan Indonesia,9,23535,0
2019,Jawa Timur,2,DPR,,,,Partai Persatuan Pembangunan,10,94886,0
2019,Jawa Timur,2,DPR,,,,Partai Solidaritas Indonesia,11,11545,0
2019,Jawa Timur,2,DPR,,,,Partai Amanat Nasional,12,27278,0
2019,Jawa Timur,2,DPR,,,,Partai Hati Nurani Rakyat,13,67446,0
2019,Jawa Timur,2,DPR,,,,Partai Demokrat ,14,55655,0
2019,Jawa Timur,2,DPR,,,,Partai Bulan Bintang,19,10583,0
2019,Jawa Timur,2,DPR,,,,Partai Keadilan dan Persaatuan Indonesia,20,2273,0
2019,Jawa Timur,3,DPR,"2,409,767","1,669,507","264,486",,,,
2019,Jawa Timur,3,DPR,,,,Partai Kebangkitan Bangsa,1,462683,2
2019,Jawa Timur,3,DPR,,,,Partai Gerakan Indonesia Raya,2,178062,1
2019,Jawa Timur,3,DPR,,,,Partai Demokrasi Indonesia Perjuangan,3,329464,1
2019,Jawa Timur,3,DPR,,,,Partai Golongan Karya,4,131699,1
2019,Jawa Timur,3,DPR,,,,Partai Nasdem,5,120361,1
2019,Jawa Timur,3,DPR,,,,Partai Gerakan Perubahan Indonesia,6,8106,0
2019,Jawa Timur,3,DPR,,,,Partai Berkarya,7,35410,0
2019,Jawa Timur,3,DPR,,,,Partai Keadilan Sejahtera,8,50478,0
2019,Jawa Timur,3,DPR,,,,Partai Persatuan Indonesia,9,25488,0
2019,Jawa Timur,3,DPR,,,,Partai Persatuan Pembangunan,10,127135,1
2019,Jawa Timur,3,DPR,,,,Partai Solidaritas Indonesia,11,21589,0
2019,Jawa Timur,3,DPR,,,,Partai Amanat Nasional,12,40147,0
2019,Jawa Timur,3,DPR,,,,Partai Hati Nurani Rakyat,13,13004,0
2019,Jawa Timur,3,DPR,,,,Partai Demokrat ,14,117859,0
2019,Jawa Timur,3,DPR,,,,Partai Bulan Bintang,19,5982,0
2019,Jawa Timur,3,DPR,,,,Partai Keadilan dan Persaatuan Indonesia,20,2040,0
2019,Jawa Timur,4,DPR,"2,698,531","1,819,740","268,992",,,,
2019,Jawa Timur,4,DPR,,,,Partai Kebangkitan Bangsa,1,327716,2
2019,Jawa Timur,4,DPR,,,,Partai Gerakan Indonesia Raya,2,284469,1
2019,Jawa Timur,4,DPR,,,,Partai Demokrasi Indonesia Perjuangan,3,298418,2
2019,Jawa Timur,4,DPR,,,,Partai Golongan Karya,4,137452,1
2019,Jawa Timur,4,DPR,,,,Partai Nasdem,5,249989,1
2019,Jawa Timur,4,DPR,,,,Partai Gerakan Perubahan Indonesia,6,7958,0
2019,Jawa Timur,4,DPR,,,,Partai Berkarya,7,34628,0
2019,Jawa Timur,4,DPR,,,,Partai Keadilan Sejahtera,8,111678,1
2019,Jawa Timur,4,DPR,,,,Partai Persatuan Indonesia,9,58676,0
2019,Jawa Timur,4,DPR,,,,Partai Persatuan Pembangunan,10,95769,0
2019,Jawa Timur,4,DPR,,,,Partai Solidaritas Indonesia,11,32646,0
2019,Jawa Timur,4,DPR,,,,Partai Amanat Nasional,12,67647,0
2019,Jawa Timur,4,DPR,,,,Partai Hati Nurani Rakyat,13,12686,0
2019,Jawa Timur,4,DPR,,,,Partai Demokrat ,14,90305,0
2019,Jawa Timur,4,DPR,,,,Partai Bulan Bintang,19,6599,0
2019,Jawa Timur,4,DPR,,,,Partai Keadilan dan Persaatuan Indonesia,20,3104,0
2019,Jawa Timur,5,DPR,"2,774,868","1,989,339","261,196",,,,
2019,Jawa Timur,5,DPR,,,,Partai Kebangkitan Bangsa,1,368755,2
2019,Jawa Timur,5,DPR,,,,Partai Gerakan Indonesia Raya,2,207707,1
2019,Jawa Timur,5,DPR,,,,Partai Demokrasi Indonesia Perjuangan,3,560217,3
2019,Jawa Timur,5,DPR,,,,Partai Golongan Karya,4,175640,1
2019,Jawa Timur,5,DPR,,,,Partai Nasdem,5,161548,1
2019,Jawa Timur,5,DPR,,,,Partai Gerakan Perubahan Indonesia,6,6578,0
2019,Jawa Timur,5,DPR,,,,Partai Berkarya,7,33094,0
2019,Jawa Timur,5,DPR,,,,Partai Keadilan Sejahtera,8,101129,0
2019,Jawa Timur,5,DPR,,,,Partai Persatuan Indonesia,9,70659,0
2019,Jawa Timur,5,DPR,,,,Partai Persatuan Pembangunan,10,43385,0
2019,Jawa Timur,5,DPR,,,,Partai Solidaritas Indonesia,11,48781,0
2019,Jawa Timur,5,DPR,,,,Partai Amanat Nasional,12,95801,0
2019,Jawa Timur,5,DPR,,,,Partai Hati Nurani Rakyat,13,12800,0
2019,Jawa Timur,5,DPR,,,,Partai Demokrat ,14,91801,0
2019,Jawa Timur,5,DPR,,,,Partai Bulan Bintang,19,7097,0
2019,Jawa Timur,5,DPR,,,,Partai Keadilan dan Persaatuan Indonesia,20,4347,0
2019,Jawa Timur,6,DPR,"3,338,186","2,371,097","373,972",,,,
2019,Jawa Timur,6,DPR,,,,Partai Kebangkitan Bangsa,1,385089,2
2019,Jawa Timur,6,DPR,,,,Partai Gerakan Indonesia Raya,2,152201,1
2019,Jawa Timur,6,DPR,,,,Partai Demokrasi Indonesia Perjuangan,3,748614,3
2019,Jawa Timur,6,DPR,,,,Partai Golongan Karya,4,282003,1
2019,Jawa Timur,6,DPR,,,,Partai Nasdem,5,220486,1
2019,Jawa Timur,6,DPR,,,,Partai Gerakan Perubahan Indonesia,6,8890,0
2019,Jawa Timur,6,DPR,,,,Partai Berkarya,7,34529,0
2019,Jawa Timur,6,DPR,,,,Partai Keadilan Sejahtera,8,67262,0
2019,Jawa Timur,6,DPR,,,,Partai Persatuan Indonesia,9,52829,0
2019,Jawa Timur,6,DPR,,,,Partai Persatuan Pembangunan,10,105222,0
2019,Jawa Timur,6,DPR,,,,Partai Solidaritas Indonesia,11,25390,0
2019,Jawa Timur,6,DPR,,,,Partai Amanat Nasional,12,164749,1
2019,Jawa Timur,6,DPR,,,,Partai Hati Nurani Rakyat,13,14556,0
2019,Jawa Timur,6,DPR,,,,Partai Demokrat ,14,92105,0
2019,Jawa Timur,6,DPR,,,,Partai Bulan Bintang,19,14112,0
2019,Jawa Timur,6,DPR,,,,Partai Keadilan dan Persaatuan Indonesia,20,3060,0
2019,Jawa Timur,7,DPR,"3,042,915","2,075,177","350,017",,,,
2019,Jawa Timur,7,DPR,,,,Partai Kebangkitan Bangsa,1,237668,1
2019,Jawa Timur,7,DPR,,,,Partai Gerakan Indonesia Raya,2,172830,1
2019,Jawa Timur,7,DPR,,,,Partai Demokrasi Indonesia Perjuangan,3,431406,2
2019,Jawa Timur,7,DPR,,,,Partai Golongan Karya,4,225350,1
2019,Jawa Timur,7,DPR,,,,Partai Nasdem,5,275139,1
2019,Jawa Timur,7,DPR,,,,Partai Gerakan Perubahan Indonesia,6,5824,0
2019,Jawa Timur,7,DPR,,,,Partai Berkarya,7,31713,0
2019,Jawa Timur,7,DPR,,,,Partai Keadilan Sejahtera,8,95872,0
2019,Jawa Timur,7,DPR,,,,Partai Persatuan Indonesia,9,64150,0
2019,Jawa Timur,7,DPR,,,,Partai Persatuan Pembangunan,10,37186,0
2019,Jawa Timur,7,DPR,,,,Partai Solidaritas Indonesia,11,12591,0
2019,Jawa Timur,7,DPR,,,,Partai Amanat Nasional,12,52004,0
2019,Jawa Timur,7,DPR,,,,Partai Hati Nurani Rakyat,13,10106,0
2019,Jawa Timur,7,DPR,,,,Partai Demokrat ,14,417441,2
2019,Jawa Timur,7,DPR,,,,Partai Bulan Bintang,19,3858,0
2019,Jawa Timur,7,DPR,,,,Partai Keadilan dan Persaatuan Indonesia,20,2039,0
2019,Jawa Timur,8,DPR,"3,510,241","2,376,460","552,886",,,,
2019,Jawa Timur,8,DPR,,,,Partai Kebangkitan Bangsa,1,518769,2
2019,Jawa Timur,8,DPR,,,,Partai Gerakan Indonesia Raya,2,169039,1
2019,Jawa Timur,8,DPR,,,,Partai Demokrasi Indonesia Perjuangan,3,488072,2
2019,Jawa Timur,8,DPR,,,,Partai Golongan Karya,4,277902,1
2019,Jawa Timur,8,DPR,,,,Partai Nasdem,5,108687,1
2019,Jawa Timur,8,DPR,,,,Partai Gerakan Perubahan Indonesia,6,9204,0
2019,Jawa Timur,8,DPR,,,,Partai Berkarya,7,42167,0
2019,Jawa Timur,8,DPR,,,,Partai Keadilan Sejahtera,8,91557,0
2019,Jawa Timur,8,DPR,,,,Partai Persatuan Indonesia,9,59595,0
2019,Jawa Timur,8,DPR,,,,Partai Persatuan Pembangunan,10,173310,1
2019,Jawa Timur,8,DPR,,,,Partai Solidaritas Indonesia,11,42864,0
2019,Jawa Timur,8,DPR,,,,Partai Amanat Nasional,12,146926,1
2019,Jawa Timur,8,DPR,,,,Partai Hati Nurani Rakyat,13,72733,0
2019,Jawa Timur,8,DPR,,,,Partai Demokrat ,14,159711,1
2019,Jawa Timur,8,DPR,,,,Partai Bulan Bintang,19,9869,0
2019,Jawa Timur,8,DPR,,,,Partai Keadilan dan Persaatuan Indonesia,20,6055,0
2019,Jawa Timur,9,DPR,"1,980,150","1,399,376","231,512",,,,
2019,Jawa Timur,9,DPR,,,,Partai Kebangkitan Bangsa,1,382361,2
2019,Jawa Timur,9,DPR,,,,Partai Gerakan Indonesia Raya,2,110966,1
2019,Jawa Timur,9,DPR,,,,Partai Demokrasi Indonesia Perjuangan,3,160769,1
2019,Jawa Timur,9,DPR,,,,Partai Golongan Karya,4,212237,1
2019,Jawa Timur,9,DPR,,,,Partai Nasdem,5,95394,0
2019,Jawa Timur,9,DPR,,,,Partai Gerakan Perubahan Indonesia,6,6182,0
2019,Jawa Timur,9,DPR,,,,Partai Berkarya,7,22673,0
2019,Jawa Timur,9,DPR,,,,Partai Keadilan Sejahtera,8,38266,0
2019,Jawa Timur,9,DPR,,,,Partai Persatuan Indonesia,9,23818,0
2019,Jawa Timur,9,DPR,,,,Partai Persatuan Pembangunan,10,93490,0
2019,Jawa Timur,9,DPR,,,,Partai Solidaritas Indonesia,11,9568,0
2019,Jawa Timur,9,DPR,,,,Partai Amanat Nasional,12,75675,0
2019,Jawa Timur,9,DPR,,,,Partai Hati Nurani Rakyat,13,8690,0
2019,Jawa Timur,9,DPR,,,,Partai Demokrat ,14,149536,1
2019,Jawa Timur,9,DPR,,,,Partai Bulan Bintang,19,4913,0
2019,Jawa Timur,9,DPR,,,,Partai Keadilan dan Persaatuan Indonesia,20,4838,0
2019,Jawa Timur,10,DPR,"1,983,550","1,380,136","238,744",,,,
2019,Jawa Timur,10,DPR,,,,Partai Kebangkitan Bangsa,1,330628,1
2019,Jawa Timur,10,DPR,,,,Partai Gerakan Indonesia Raya,2,167047,1
2019,Jawa Timur,10,DPR,,,,Partai Demokrasi Indonesia Perjuangan,3,193545,1
2019,Jawa Timur,10,DPR,,,,Partai Golongan Karya,4,133193,1
2019,Jawa Timur,10,DPR,,,,Partai Nasdem,5,98473,0
2019,Jawa Timur,10,DPR,,,,Partai Gerakan Perubahan Indonesia,6,6026,0
2019,Jawa Timur,10,DPR,,,,Partai Berkarya,7,14572,0
2019,Jawa Timur,10,DPR,,,,Partai Keadilan Sejahtera,8,27109,0
2019,Jawa Timur,10,DPR,,,,Partai Persatuan Indonesia,9,17650,0
2019,Jawa Timur,10,DPR,,,,Partai Persatuan Pembangunan,10,81277,0
2019,Jawa Timur,10,DPR,,,,Partai Solidaritas Indonesia,11,10826,0
2019,Jawa Timur,10,DPR,,,,Partai Amanat Nasional,12,128578,1
2019,Jawa Timur,10,DPR,,,,Partai Hati Nurani Rakyat,13,6943,0
2019,Jawa Timur,10,DPR,,,,Partai Demokrat ,14,159190,1
2019,Jawa Timur,10,DPR,,,,Partai Bulan Bintang,19,3217,0
2019,Jawa Timur,10,DPR,,,,Partai Keadilan dan Persaatuan Indonesia,20,1862,0
2019,Jawa Timur,11,DPR,"3,266,382","2,817,381","143,979",,,,
2019,Jawa Timur,11,DPR,,,,Partai Kebangkitan Bangsa,1,441559,1
2019,Jawa Timur,11,DPR,,,,Partai Gerakan Indonesia Raya,2,492928,1
2019,Jawa Timur,11,DPR,,,,Partai Demokrasi Indonesia Perjuangan,3,212113,1
2019,Jawa Timur,11,DPR,,,,Partai Golongan Karya,4,212081,1
2019,Jawa Timur,11,DPR,,,,Partai Nasdem,5,434849,1
2019,Jawa Timur,11,DPR,,,,Partai Gerakan Perubahan Indonesia,6,4942,0
2019,Jawa Timur,11,DPR,,,,Partai Berkarya,7,13691,0
2019,Jawa Timur,11,DPR,,,,Partai Keadilan Sejahtera,8,63794,0
2019,Jawa Timur,11,DPR,,,,Partai Persatuan Indonesia,9,9861,0
2019,Jawa Timur,11,DPR,,,,Partai Persatuan Pembangunan,10,265174,1
2019,Jawa Timur,11,DPR,,,,Partai Solidaritas Indonesia,11,4691,0
2019,Jawa Timur,11,DPR,,,,Partai Amanat Nasional,12,244660,1
2019,Jawa Timur,11,DPR,,,,Partai Hati Nurani Rakyat,13,9455,0
2019,Jawa Timur,11,DPR,,,,Partai Demokrat ,14,394714,1
2019,Jawa Timur,11,DPR,,,,Partai Bulan Bintang,19,11592,0
2019,Jawa Timur,11,DPR,,,,Partai Keadilan dan Persaatuan Indonesia,20,1277,0
2019,Nusa Tenggara Barat,1,DPR,"1,056,062","801,092","88,155",,,,
2019,Nusa Tenggara Barat,1,DPR,,,,Partai Kebangkitan Bangsa,1,44970,0
2019,Nusa Tenggara Barat,1,DPR,,,,Partai Gerakan Indonesia Raya,2,121267,1
2019,Nusa Tenggara Barat,1,DPR,,,,Partai Demokrasi Indonesia Perjuangan,3,57462,0
2019,Nusa Tenggara Barat,1,DPR,,,,Partai Golongan Karya,4,84033,0
2019,Nusa Tenggara Barat,1,DPR,,,,Partai Nasdem,5,47977,0
2019,Nusa Tenggara Barat,1,DPR,,,,Partai Gerakan Perubahan Indonesia,6,11351,0
2019,Nusa Tenggara Barat,1,DPR,,,,Partai Berkarya,7,34391,0
2019,Nusa Tenggara Barat,1,DPR,,,,Partai Keadilan Sejahtera,8,101058,1
2019,Nusa Tenggara Barat,1,DPR,,,,Partai Persatuan Indonesia,9,17292,0
2019,Nusa Tenggara Barat,1,DPR,,,,Partai Persatuan Pembangunan,10,59192,0
2019,Nusa Tenggara Barat,1,DPR,,,,Partai Solidaritas Indonesia,11,6548,0
2019,Nusa Tenggara Barat,1,DPR,,,,Partai Amanat Nasional,12,89949,1
2019,Nusa Tenggara Barat,1,DPR,,,,Partai Hati Nurani Rakyat,13,30368,0
2019,Nusa Tenggara Barat,1,DPR,,,,Partai Demokrat ,14,71501,0
2019,Nusa Tenggara Barat,1,DPR,,,,Partai Bulan Bintang,19,19653,0
2019,Nusa Tenggara Barat,1,DPR,,,,Partai Keadilan dan Persaatuan Indonesia,20,4080,0
2019,Nusa Tenggara Barat,2,DPR,"2,611,191","1,869,809","276,313",,,,
2019,Nusa Tenggara Barat,2,DPR,,,,Partai Kebangkitan Bangsa,1,145292,1
2019,Nusa Tenggara Barat,2,DPR,,,,Partai Gerakan Indonesia Raya,2,322054,1
2019,Nusa Tenggara Barat,2,DPR,,,,Partai Demokrasi Indonesia Perjuangan,3,137932,1
2019,Nusa Tenggara Barat,2,DPR,,,,Partai Golongan Karya,4,250537,1
2019,Nusa Tenggara Barat,2,DPR,,,,Partai Nasdem,5,113428,1
2019,Nusa Tenggara Barat,2,DPR,,,,Partai Gerakan Perubahan Indonesia,6,21297,0
2019,Nusa Tenggara Barat,2,DPR,,,,Partai Berkarya,7,84124,0
2019,Nusa Tenggara Barat,2,DPR,,,,Partai Keadilan Sejahtera,8,192415,1
2019,Nusa Tenggara Barat,2,DPR,,,,Partai Persatuan Indonesia,9,46409,0
2019,Nusa Tenggara Barat,2,DPR,,,,Partai Persatuan Pembangunan,10,158612,1
2019,Nusa Tenggara Barat,2,DPR,,,,Partai Solidaritas Indonesia,11,17614,0
2019,Nusa Tenggara Barat,2,DPR,,,,Partai Amanat Nasional,12,110486,0
2019,Nusa Tenggara Barat,2,DPR,,,,Partai Hati Nurani Rakyat,13,71727,0
2019,Nusa Tenggara Barat,2,DPR,,,,Partai Demokrat ,14,136231,1
2019,Nusa Tenggara Barat,2,DPR,,,,Partai Bulan Bintang,19,53637,0
2019,Nusa Tenggara Barat,2,DPR,,,,Partai Keadilan dan Persaatuan Indonesia,20,8014,0
2019,Nusa Tenggara Timur,1,DPR,"1,528,953","1,209,169","49,146",,,,
2019,Nusa Tenggara Timur,1,DPR,,,,Partai Kebangkitan Bangsa,1,112077,1
2019,Nusa Tenggara Timur,1,DPR,,,,Partai Gerakan Indonesia Raya,2,65500,0
2019,Nusa Tenggara Timur,1,DPR,,,,Partai Demokrasi Indonesia Perjuangan,3,215282,1
2019,Nusa Tenggara Timur,1,DPR,,,,Partai Golongan Karya,4,179129,1
2019,Nusa Tenggara Timur,1,DPR,,,,Partai Nasdem,5,213726,1
2019,Nusa Tenggara Timur,1,DPR,,,,Partai Gerakan Perubahan Indonesia,6,13581,0
2019,Nusa Tenggara Timur,1,DPR,,,,Partai Berkarya,7,28337,0
2019,Nusa Tenggara Timur,1,DPR,,,,Partai Keadilan Sejahtera,8,30311,0
2019,Nusa Tenggara Timur,1,DPR,,,,Partai Persatuan Indonesia,9,41123,0
2019,Nusa Tenggara Timur,1,DPR,,,,Partai Persatuan Pembangunan,10,15578,0
2019,Nusa Tenggara Timur,1,DPR,,,,Partai Solidaritas Indonesia,11,36015,0
2019,Nusa Tenggara Timur,1,DPR,,,,Partai Amanat Nasional,12,106735,1
2019,Nusa Tenggara Timur,1,DPR,,,,Partai Hati Nurani Rakyat,13,55834,0
2019,Nusa Tenggara Timur,1,DPR,,,,Partai Demokrat ,14,86819,1
2019,Nusa Tenggara Timur,1,DPR,,,,Partai Bulan Bintang,19,4053,0
2019,Nusa Tenggara Timur,1,DPR,,,,Partai Keadilan dan Persaatuan Indonesia,20,5069,0
2019,Nusa Tenggara Timur,2,DPR,"1,862,663","1,362,047","93,830",,,,
2019,Nusa Tenggara Timur,2,DPR,,,,Partai Kebangkitan Bangsa,1,87173,1
2019,Nusa Tenggara Timur,2,DPR,,,,Partai Gerakan Indonesia Raya,2,75782,0
2019,Nusa Tenggara Timur,2,DPR,,,,Partai Demokrasi Indonesia Perjuangan,3,235353,2
2019,Nusa Tenggara Timur,2,DPR,,,,Partai Golongan Karya,4,186137,1
2019,Nusa Tenggara Timur,2,DPR,,,,Partai Nasdem,5,296848,2
2019,Nusa Tenggara Timur,2,DPR,,,,Partai Gerakan Perubahan Indonesia,6,16084,0
2019,Nusa Tenggara Timur,2,DPR,,,,Partai Berkarya,7,45654,0
2019,Nusa Tenggara Timur,2,DPR,,,,Partai Keadilan Sejahtera,8,21928,0
2019,Nusa Tenggara Timur,2,DPR,,,,Partai Persatuan Indonesia,9,84983,0
2019,Nusa Tenggara Timur,2,DPR,,,,Partai Persatuan Pembangunan,10,14842,0
2019,Nusa Tenggara Timur,2,DPR,,,,Partai Solidaritas Indonesia,11,33842,0
2019,Nusa Tenggara Timur,2,DPR,,,,Partai Amanat Nasional,12,51883,0
2019,Nusa Tenggara Timur,2,DPR,,,,Partai Hati Nurani Rakyat,13,80112,0
2019,Nusa Tenggara Timur,2,DPR,,,,Partai Demokrat ,14,115281,1
2019,Nusa Tenggara Timur,2,DPR,,,,Partai Bulan Bintang,19,5099,0
2019,Nusa Tenggara Timur,2,DPR,,,,Partai Keadilan dan Persaatuan Indonesia,20,11046,0
2019,Kalimantan Barat,1,DPR,"2,568,589","1,820,612","235,699",,,,
2019,Kalimantan Barat,1,DPR,,,,Partai Kebangkitan Bangsa,1,151858,1
2019,Kalimantan Barat,1,DPR,,,,Partai Gerakan Indonesia Raya,2,186574,1
2019,Kalimantan Barat,1,DPR,,,,Partai Demokrasi Indonesia Perjuangan,3,504466,2
2019,Kalimantan Barat,1,DPR,,,,Partai Golongan Karya,4,191127,1
2019,Kalimantan Barat,1,DPR,,,,Partai Nasdem,5,148103,1
2019,Kalimantan Barat,1,DPR,,,,Partai Gerakan Perubahan Indonesia,6,7391,0
2019,Kalimantan Barat,1,DPR,,,,Partai Berkarya,7,40005,0
2019,Kalimantan Barat,1,DPR,,,,Partai Keadilan Sejahtera,8,147968,1
2019,Kalimantan Barat,1,DPR,,,,Partai Persatuan Indonesia,9,53377,0
2019,Kalimantan Barat,1,DPR,,,,Partai Persatuan Pembangunan,10,60578,0
2019,Kalimantan Barat,1,DPR,,,,Partai Solidaritas Indonesia,11,22348,0
2019,Kalimantan Barat,1,DPR,,,,Partai Amanat Nasional,12,128280,1
2019,Kalimantan Barat,1,DPR,,,,Partai Hati Nurani Rakyat,13,58023,0
2019,Kalimantan Barat,1,DPR,,,,Partai Demokrat ,14,104663,0
2019,Kalimantan Barat,1,DPR,,,,Partai Bulan Bintang,19,8908,0
2019,Kalimantan Barat,1,DPR,,,,Partai Keadilan dan Persaatuan Indonesia,20,6943,0
2019,Kalimantan Barat,2,DPR,"1,118,570","909,265","57,844",,,,
2019,Kalimantan Barat,2,DPR,,,,Partai Kebangkitan Bangsa,1,39604,0
2019,Kalimantan Barat,2,DPR,,,,Partai Gerakan Indonesia Raya,2,77932,0
2019,Kalimantan Barat,2,DPR,,,,Partai Demokrasi Indonesia Perjuangan,3,282330,2
2019,Kalimantan Barat,2,DPR,,,,Partai Golongan Karya,4,82273,1
2019,Kalimantan Barat,2,DPR,,,,Partai Nasdem,5,123838,1
2019,Kalimantan Barat,2,DPR,,,,Partai Gerakan Perubahan Indonesia,6,3539,0
2019,Kalimantan Barat,2,DPR,,,,Partai Berkarya,7,18195,0
2019,Kalimantan Barat,2,DPR,,,,Partai Keadilan Sejahtera,8,19623,0
2019,Kalimantan Barat,2,DPR,,,,Partai Persatuan Indonesia,9,29351,0
2019,Kalimantan Barat,2,DPR,,,,Partai Persatuan Pembangunan,10,50600,0
2019,Kalimantan Barat,2,DPR,,,,Partai Solidaritas Indonesia,11,7797,0
2019,Kalimantan Barat,2,DPR,,,,Partai Amanat Nasional,12,74409,0
2019,Kalimantan Barat,2,DPR,,,,Partai Hati Nurani Rakyat,13,22657,0
2019,Kalimantan Barat,2,DPR,,,,Partai Demokrat ,14,69217,0
2019,Kalimantan Barat,2,DPR,,,,Partai Bulan Bintang,19,2253,0
2019,Kalimantan Barat,2,DPR,,,,Partai Keadilan dan Persaatuan Indonesia,20,5647,0
2019,Kalimantan Tengah,1,DPR,"1,753,224","1,202,839","182,090",,,,
2019,Kalimantan Tengah,1,DPR,,,,Partai Kebangkitan Bangsa,1,69565,0
2019,Kalimantan Tengah,1,DPR,,,,Partai Gerakan Indonesia Raya,2,101452,1
2019,Kalimantan Tengah,1,DPR,,,,Partai Demokrasi Indonesia Perjuangan,3,354331,2
2019,Kalimantan Tengah,1,DPR,,,,Partai Golongan Karya,4,128436,1
2019,Kalimantan Tengah,1,DPR,,,,Partai Nasdem,5,166602,1
2019,Kalimantan Tengah,1,DPR,,,,Partai Gerakan Perubahan Indonesia,6,9076,0
2019,Kalimantan Tengah,1,DPR,,,,Partai Berkarya,7,26073,0
2019,Kalimantan Tengah,1,DPR,,,,Partai Keadilan Sejahtera,8,37110,0
2019,Kalimantan Tengah,1,DPR,,,,Partai Persatuan Indonesia,9,46078,0
2019,Kalimantan Tengah,1,DPR,,,,Partai Persatuan Pembangunan,10,63865,0
2019,Kalimantan Tengah,1,DPR,,,,Partai Solidaritas Indonesia,11,11941,0
2019,Kalimantan Tengah,1,DPR,,,,Partai Amanat Nasional,12,80193,0
2019,Kalimantan Tengah,1,DPR,,,,Partai Hati Nurani Rakyat,13,12914,0
2019,Kalimantan Tengah,1,DPR,,,,Partai Demokrat ,14,87504,1
2019,Kalimantan Tengah,1,DPR,,,,Partai Bulan Bintang,19,4759,0
2019,Kalimantan Tengah,1,DPR,,,,Partai Keadilan dan Persaatuan Indonesia,20,2940,0
2019,Kalimantan Selatan ,1,DPR,"1,560,438","1,082,514","219,562",,,,
2019,Kalimantan Selatan ,1,DPR,,,,Partai Kebangkitan Bangsa,1,75609,0
2019,Kalimantan Selatan,1,DPR,,,,Partai Gerakan Indonesia Raya,2,161566,1
2019,Kalimantan Selatan,1,DPR,,,,Partai Demokrasi Indonesia Perjuangan,3,97334,1
2019,Kalimantan Selatan,1,DPR,,,,Partai Golongan Karya,4,215017,1
2019,Kalimantan Selatan ,1,DPR,,,,Partai Nasdem,5,52832,0
2019,Kalimantan Selatan,1,DPR,,,,Partai Gerakan Perubahan Indonesia,6,4705,0
2019,Kalimantan Selatan,1,DPR,,,,Partai Berkarya,7,30214,0
2019,Kalimantan Selatan,1,DPR,,,,Partai Keadilan Sejahtera,8,142415,1
2019,Kalimantan Selatan ,1,DPR,,,,Partai Persatuan Indonesia,9,19368,0
2019,Kalimantan Selatan,1,DPR,,,,Partai Persatuan Pembangunan,10,100413,1
2019,Kalimantan Selatan,1,DPR,,,,Partai Solidaritas Indonesia,11,7544,0
2019,Kalimantan Selatan,1,DPR,,,,Partai Amanat Nasional,12,119622,1
2019,Kalimantan Selatan ,1,DPR,,,,Partai Hati Nurani Rakyat,13,7662,0
2019,Kalimantan Selatan,1,DPR,,,,Partai Demokrat ,14,36298,0
2019,Kalimantan Selatan,1,DPR,,,,Partai Bulan Bintang,19,9711,0
2019,Kalimantan Selatan,1,DPR,,,,Partai Keadilan dan Persaatuan Indonesia,20,2204,0
2019,Kalimantan Selatan ,2,DPR,"1,308,728","933,493","134,670",,,,
2019,Kalimantan Selatan,2,DPR,,,,Partai Kebangkitan Bangsa,1,106849,1
2019,Kalimantan Selatan,2,DPR,,,,Partai Gerakan Indonesia Raya,2,127333,1
2019,Kalimantan Selatan,2,DPR,,,,Partai Demokrasi Indonesia Perjuangan,3,237062,2
2019,Kalimantan Selatan,2,DPR,,,,Partai Golongan Karya,4,128127,1
2019,Kalimantan Selatan ,2,DPR,,,,Partai Nasdem,5,47005,0
2019,Kalimantan Selatan,2,DPR,,,,Partai Gerakan Perubahan Indonesia,6,3310,0
2019,Kalimantan Selatan,2,DPR,,,,Partai Berkarya,7,24343,0
2019,Kalimantan Selatan,2,DPR,,,,Partai Keadilan Sejahtera,8,60808,0
2019,Kalimantan Selatan ,2,DPR,,,,Partai Persatuan Indonesia,9,21968,0
2019,Kalimantan Selatan,2,DPR,,,,Partai Persatuan Pembangunan,10,56833,0
2019,Kalimantan Selatan,2,DPR,,,,Partai Solidaritas Indonesia,11,9363,0
2019,Kalimantan Selatan,2,DPR,,,,Partai Amanat Nasional,12,53321,0
2019,Kalimantan Selatan ,2,DPR,,,,Partai Hati Nurani Rakyat,13,8666,0
2019,Kalimantan Selatan,2,DPR,,,,Partai Demokrat ,14,32427,0
2019,Kalimantan Selatan,2,DPR,,,,Partai Bulan Bintang,19,13970,0
2019,Kalimantan Selatan,2,DPR,,,,Partai Keadilan dan Persaatuan Indonesia,20,2108,0
2019,Kalimantan Timur,1,DPR,"2,481,386","1,742,547","246,127",,,,
2019,Kalimantan Timur,1,DPR,,,,Partai Kebangkitan Bangsa,1,78000,0
2019,Kalimantan Timur,1,DPR,,,,Partai Gerakan Indonesia Raya,2,194259,1
2019,Kalimantan Timur,1,DPR,,,,Partai Demokrasi Indonesia Perjuangan,3,333404,2
2019,Kalimantan Timur,1,DPR,,,,Partai Golongan Karya,4,350829,2
2019,Kalimantan Timur,1,DPR,,,,Partai Nasdem,5,137593,1
2019,Kalimantan Timur,1,DPR,,,,Partai Gerakan Perubahan Indonesia,6,4852,0
2019,Kalimantan Timur,1,DPR,,,,Partai Berkarya,7,41907,0
2019,Kalimantan Timur,1,DPR,,,,Partai Keadilan Sejahtera,8,159557,1
2019,Kalimantan Timur,1,DPR,,,,Partai Persatuan Indonesia,9,67635,0
2019,Kalimantan Timur,1,DPR,,,,Partai Persatuan Pembangunan,10,98401,0
2019,Kalimantan Timur,1,DPR,,,,Partai Solidaritas Indonesia,11,24247,0
2019,Kalimantan Timur,1,DPR,,,,Partai Amanat Nasional,12,95401,0
2019,Kalimantan Timur,1,DPR,,,,Partai Hati Nurani Rakyat,13,28034,0
2019,Kalimantan Timur,1,DPR,,,,Partai Demokrat ,14,112987,1
2019,Kalimantan Timur,1,DPR,,,,Partai Bulan Bintang,19,12558,0
2019,Kalimantan Timur,1,DPR,,,,Partai Keadilan dan Persaatuan Indonesia,20,2883,0
2019,Sulawesi Utara,1,DPR,"1,098,115","1,479,369","110,369",,,,
2019,Sulawesi Utara,1,DPR,,,,Partai Kebangkitan Bangsa,1,17530,0
2019,Sulawesi Utara,1,DPR,,,,Partai Gerakan Indonesia Raya,2,61811,0
2019,Sulawesi Utara,1,DPR,,,,Partai Demokrasi Indonesia Perjuangan,3,564703,3
2019,Sulawesi Utara,1,DPR,,,,Partai Golongan Karya,4,236697,1
2019,Sulawesi Utara,1,DPR,,,,Partai Nasdem,5,248666,2
2019,Sulawesi Utara,1,DPR,,,,Partai Gerakan Perubahan Indonesia,6,10005,0
2019,Sulawesi Utara,1,DPR,,,,Partai Berkarya,7,20221,0
2019,Sulawesi Utara,1,DPR,,,,Partai Keadilan Sejahtera,8,17453,0
2019,Sulawesi Utara,1,DPR,,,,Partai Persatuan Indonesia,9,51437,0
2019,Sulawesi Utara,1,DPR,,,,Partai Persatuan Pembangunan,10,27990,0
2019,Sulawesi Utara,1,DPR,,,,Partai Solidaritas Indonesia,11,26953,0
2019,Sulawesi Utara,1,DPR,,,,Partai Amanat Nasional,12,80732,0
2019,Sulawesi Utara,1,DPR,,,,Partai Hati Nurani Rakyat,13,37630,0
2019,Sulawesi Utara,1,DPR,,,,Partai Demokrat ,14,69943,0
2019,Sulawesi Utara,1,DPR,,,,Partai Bulan Bintang,19,3736,0
2019,Sulawesi Utara,1,DPR,,,,Partai Keadilan dan Persaatuan Indonesia,20,3862,0
2019,Sulawesi Tengah,1,DPR,"1,952,810","1,550,324","87,088",,,,
2019,Sulawesi Tengah,1,DPR,,,,Partai Kebangkitan Bangsa,1,95900,0
2019,Sulawesi Tengah,1,DPR,,,,Partai Gerakan Indonesia Raya,2,207117,1
2019,Sulawesi Tengah ,1,DPR,,,,Partai Demokrasi Indonesia Perjuangan,3,165504,1
2019,Sulawesi Tengah,1,DPR,,,,Partai Golongan Karya,4,194712,1
2019,Sulawesi Tengah,1,DPR,,,,Partai Nasdem,5,271513,1
2019,Sulawesi Tengah,1,DPR,,,,Partai Gerakan Perubahan Indonesia,6,26818,0
2019,Sulawesi Tengah ,1,DPR,,,,Partai Berkarya,7,41019,0
2019,Sulawesi Tengah,1,DPR,,,,Partai Keadilan Sejahtera,8,96004,1
2019,Sulawesi Tengah,1,DPR,,,,Partai Persatuan Indonesia,9,58938,0
2019,Sulawesi Tengah,1,DPR,,,,Partai Persatuan Pembangunan,10,37877,0
2019,Sulawesi Tengah ,1,DPR,,,,Partai Solidaritas Indonesia,11,31837,0
2019,Sulawesi Tengah,1,DPR,,,,Partai Amanat Nasional,12,97608,1
2019,Sulawesi Tengah,1,DPR,,,,Partai Hati Nurani Rakyat,13,73881,0
2019,Sulawesi Tengah,1,DPR,,,,Partai Demokrat ,14,127562,1
2019,Sulawesi Tengah ,1,DPR,,,,Partai Bulan Bintang,19,20377,0
2019,Sulawesi Tengah,1,DPR,,,,Partai Keadilan dan Persaatuan Indonesia,20,3657,0
2019,Sulawesi Selatan ,1,DPR,"2,205,190","1,578,535","177,645",,,,
2019,Sulawesi Selatan ,1,DPR,,,,Partai Kebangkitan Bangsa,1,114395,1
2019,Sulawesi Selatan ,1,DPR,,,,Partai Gerakan Indonesia Raya,2,240517,1
2019,Sulawesi Selatan,1,DPR,,,,Partai Demokrasi Indonesia Perjuangan,3,120195,1
2019,Sulawesi Selatan,1,DPR,,,,Partai Golongan Karya,4,191183,1
2019,Sulawesi Selatan ,1,DPR,,,,Partai Nasdem,5,200692,1
2019,Sulawesi Selatan ,1,DPR,,,,Partai Gerakan Perubahan Indonesia,6,11926,0
2019,Sulawesi Selatan,1,DPR,,,,Partai Berkarya,7,47684,0
2019,Sulawesi Selatan,1,DPR,,,,Partai Keadilan Sejahtera,8,104218,0
2019,Sulawesi Selatan ,1,DPR,,,,Partai Persatuan Indonesia,9,76577,0
2019,Sulawesi Selatan ,1,DPR,,,,Partai Persatuan Pembangunan,10,140379,1
2019,Sulawesi Selatan,1,DPR,,,,Partai Solidaritas Indonesia,11,29838,0
2019,Sulawesi Selatan,1,DPR,,,,Partai Amanat Nasional,12,141012,1
2019,Sulawesi Selatan ,1,DPR,,,,Partai Hati Nurani Rakyat,13,17270,0
2019,Sulawesi Selatan ,1,DPR,,,,Partai Demokrat ,14,125686,1
2019,Sulawesi Selatan,1,DPR,,,,Partai Bulan Bintang,19,11741,0
2019,Sulawesi Selatan,1,DPR,,,,Partai Keadilan dan Persaatuan Indonesia,20,5222,0
2019,Sulawesi Selatan ,2,DPR,"2,232,370","1,693,992","111,920",,,,
2019,Sulawesi Selatan ,2,DPR,,,,Partai Kebangkitan Bangsa,1,102505,1
2019,Sulawesi Selatan ,2,DPR,,,,Partai Gerakan Indonesia Raya,2,224150,1
2019,Sulawesi Selatan,2,DPR,,,,Partai Demokrasi Indonesia Perjuangan,3,125954,1
2019,Sulawesi Selatan,2,DPR,,,,Partai Golongan Karya,4,415048,2
2019,Sulawesi Selatan ,2,DPR,,,,Partai Nasdem,5,221252,1
2019,Sulawesi Selatan ,2,DPR,,,,Partai Gerakan Perubahan Indonesia,6,9624,0
2019,Sulawesi Selatan,2,DPR,,,,Partai Berkarya,7,49880,0
2019,Sulawesi Selatan,2,DPR,,,,Partai Keadilan Sejahtera,8,105802,1
2019,Sulawesi Selatan ,2,DPR,,,,Partai Persatuan Indonesia,9,26372,0
2019,Sulawesi Selatan ,2,DPR,,,,Partai Persatuan Pembangunan,10,125635,1
2019,Sulawesi Selatan,2,DPR,,,,Partai Solidaritas Indonesia,11,19745,0
2019,Sulawesi Selatan,2,DPR,,,,Partai Amanat Nasional,12,136679,1
2019,Sulawesi Selatan ,2,DPR,,,,Partai Hati Nurani Rakyat,13,16350,0
2019,Sulawesi Selatan ,2,DPR,,,,Partai Demokrat ,14,99415,0
2019,Sulawesi Selatan,2,DPR,,,,Partai Bulan Bintang,19,14317,0
2019,Sulawesi Selatan,2,DPR,,,,Partai Keadilan dan Persaatuan Indonesia,20,1264,0
2019,Sulawesi Selatan ,3,DPR,"1,721,815","1,386,975","69,515",,,,
2019,Sulawesi Selatan ,3,DPR,,,,Partai Kebangkitan Bangsa,1,43070,0
2019,Sulawesi Selatan ,3,DPR,,,,Partai Gerakan Indonesia Raya,2,180797,1
2019,Sulawesi Selatan,3,DPR,,,,Partai Demokrasi Indonesia Perjuangan,3,133880,1
2019,Sulawesi Selatan,3,DPR,,,,Partai Golongan Karya,4,227151,1
2019,Sulawesi Selatan ,3,DPR,,,,Partai Nasdem,5,262589,2
2019,Sulawesi Selatan ,3,DPR,,,,Partai Gerakan Perubahan Indonesia,6,4307,0
2019,Sulawesi Selatan,3,DPR,,,,Partai Berkarya,7,35047,0
2019,Sulawesi Selatan,3,DPR,,,,Partai Keadilan Sejahtera,8,37778,0
2019,Sulawesi Selatan ,3,DPR,,,,Partai Persatuan Indonesia,9,39572,0
2019,Sulawesi Selatan ,3,DPR,,,,Partai Persatuan Pembangunan,10,72079,0
2019,Sulawesi Selatan,3,DPR,,,,Partai Solidaritas Indonesia,11,15953,0
2019,Sulawesi Selatan,3,DPR,,,,Partai Amanat Nasional,12,140749,1
2019,Sulawesi Selatan ,3,DPR,,,,Partai Hati Nurani Rakyat,13,9629,0
2019,Sulawesi Selatan ,3,DPR,,,,Partai Demokrat ,14,172946,1
2019,Sulawesi Selatan,3,DPR,,,,Partai Bulan Bintang,19,10231,0
2019,Sulawesi Selatan,3,DPR,,,,Partai Keadilan dan Persaatuan Indonesia,20,1197,0
2019,Sulawesi Tenggara,1,DPR,"1,587,506","1,287,972","134,873",,,,
2019,Sulawesi Tenggara,1,DPR,,,,Partai Kebangkitan Bangsa,1,60902,0
2019,Sulawesi Tenggara,1,DPR,,,,Partai Gerakan Indonesia Raya,2,151872,1
2019,Sulawesi Tenggara,1,DPR,,,,Partai Demokrasi Indonesia Perjuangan,3,183197,1
2019,Sulawesi Tenggara,1,DPR,,,,Partai Golongan Karya,4,203794,1
2019,Sulawesi Tenggara,1,DPR,,,,Partai Nasdem,5,95522,1
2019,Sulawesi Tenggara,1,DPR,,,,Partai Gerakan Perubahan Indonesia,6,6226,0
2019,Sulawesi Tenggara,1,DPR,,,,Partai Berkarya,7,28189,0
2019,Sulawesi Tenggara,1,DPR,,,,Partai Keadilan Sejahtera,8,85423,0
2019,Sulawesi Tenggara,1,DPR,,,,Partai Persatuan Indonesia,9,20479,0
2019,Sulawesi Tenggara,1,DPR,,,,Partai Persatuan Pembangunan,10,65284,0
2019,Sulawesi Tenggara,1,DPR,,,,Partai Solidaritas Indonesia,11,17680,0
2019,Sulawesi Tenggara,1,DPR,,,,Partai Amanat Nasional,12,158621,1
2019,Sulawesi Tenggara,1,DPR,,,,Partai Hati Nurani Rakyat,13,12039,0
2019,Sulawesi Tenggara,1,DPR,,,,Partai Demokrat ,14,163684,1
2019,Sulawesi Tenggara,1,DPR,,,,Partai Bulan Bintang,19,33562,0
2019,Sulawesi Tenggara,1,DPR,,,,Partai Keadilan dan Persaatuan Indonesia,20,1498,0
2019,Gorontalo,1,DPR,"812,801","688,445","32,587",,,,
2019,Gorontalo,1,DPR,,,,Partai Kebangkitan Bangsa,1,11973,0
2019,Gorontalo,1,DPR,,,,Partai Gerakan Indonesia Raya,2,87748,1
2019,Gorontalo,1,DPR,,,,Partai Demokrasi Indonesia Perjuangan,3,37423,0
2019,Gorontalo,1,DPR,,,,Partai Golongan Karya,4,194660,1
2019,Gorontalo,1,DPR,,,,Partai Nasdem,5,169509,1
2019,Gorontalo,1,DPR,,,,Partai Gerakan Perubahan Indonesia,6,2390,0
2019,Gorontalo,1,DPR,,,,Partai Berkarya,7,13786,0
2019,Gorontalo,1,DPR,,,,Partai Keadilan Sejahtera,8,24945,0
2019,Gorontalo,1,DPR,,,,Partai Persatuan Indonesia ,9,6116,0
2019,Gorontalo,1,DPR,,,,Partai Persatuan Pembangunan ,10,69784,0
2019,Gorontalo,1,DPR,,,,Partai Solidaritas Indonesia,11,3491,0
2019,Gorontalo,1,DPR,,,,Partai Amanat Nasional,12,21840,0
2019,Gorontalo,1,DPR,,,,Partai Hati Nurani Rakyat,13,7041,0
2019,Gorontalo,1,DPR,,,,Partai Demokrat ,14,35212,0
2019,Gorontalo,1,DPR,,,,Partai Bulan Bintang,19,1937,0
2019,Gorontalo,1,DPR,,,,Partai Keadilan dan Persatuan Indonesia,20,590,0
2019,Sulawesi Barat,1,DPR,"865,244","698,697","51,143",,,,
2019,Sulawesi Barat,1,DPR,,,,Partai Kebangkitan Bangsa,1,43449,0
2019,Sulawesi Barat,1,DPR,,,,Partai Gerakan Indonesia Raya,2,96845,1
2019,Sulawesi Barat,1,DPR,,,,Partai Demokrasi Indonesia Perjuangan,3,214365,1
2019,Sulawesi Barat,1,DPR,,,,Partai Golongan Karya,4,52186,0
2019,Sulawesi Barat,1,DPR,,,,Partai Nasdem,5,93943,1
2019,Sulawesi Barat,1,DPR,,,,Partai Gerakan Perubahan Indonesia,6,6463,0
2019,Sulawesi Barat,1,DPR,,,,Partai Berkarya,7,10092,0
2019,Sulawesi Barat,1,DPR,,,,Partai Keadilan Sejahtera,8,10219,0
2019,Sulawesi Barat,1,DPR,,,,Partai Persatuan Indonesia ,9,10601,0
2019,Sulawesi Barat,1,DPR,,,,Partai Persatuan Pembangunan ,10,11849,0
2019,Sulawesi Barat,1,DPR,,,,Partai Solidaritas Indonesia,11,4055,0
2019,Sulawesi Barat,1,DPR,,,,Partai Amanat Nasional,12,28872,0
2019,Sulawesi Barat,1,DPR,,,,Partai Hati Nurani Rakyat,13,26208,0
2019,Sulawesi Barat,1,DPR,,,,Partai Demokrat ,14,83499,1
2019,Sulawesi Barat,1,DPR,,,,Partai Bulan Bintang,19,4510,0
2019,Sulawesi Barat,1,DPR,,,,Partai Keadilan dan Persatuan Indonesia,20,1541,0
2019,Maluku,1,DPR,"1,266,025","949,492","52,925",,,,
2019,Maluku,1,DPR,,,,Partai Kebangkitan Bangsa,1,58701,0
2019,Maluku,1,DPR,,,,Partai Gerakan Indonesia Raya,2,94298,1
2019,Maluku,1,DPR,,,,Partai Demokrasi Indonesia Perjuangan,3,197648,1
2019,Maluku,1,DPR,,,,Partai Golongan Karya,4,93158,0
2019,Maluku,1,DPR,,,,Partai Nasdem,5,118307,1
2019,Maluku,1,DPR,,,,Partai Gerakan Perubahan Indonesia,6,7613,0
2019,Maluku,1,DPR,,,,Partai Berkarya,7,28942,0
2019,Maluku,1,DPR,,,,Partai Keadilan Sejahtera,8,97765,1
2019,Maluku,1,DPR,,,,Partai Persatuan Indonesia ,9,38375,0
2019,Maluku,1,DPR,,,,Partai Persatuan Pembangunan ,10,41045,0
2019,Maluku,1,DPR,,,,Partai Solidaritas Indonesia,11,17380,0
2019,Maluku,1,DPR,,,,Partai Amanat Nasional,12,33796,0
2019,Maluku,1,DPR,,,,Partai Hati Nurani Rakyat,13,45426,0
2019,Maluku,1,DPR,,,,Partai Demokrat ,14,62220,0
2019,Maluku,1,DPR,,,,Partai Bulan Bintang,19,5060,0
2019,Maluku,1,DPR,,,,Partai Keadilan dan Persatuan Indonesia,20,9758,0
2019,Maluku Utara,1,DPR,"803,983","622,755","39,682",,,,
2019,Maluku Utara,1,DPR,,,,Partai Kebangkitan Bangsa,1,57339,0
2019,Maluku Utara,1,DPR,,,,Partai Gerakan Indonesia Raya,2,33333,0
2019,Maluku Utara,1,DPR,,,,Partai Demokrasi Indonesia Perjuangan,3,111296,1
2019,Maluku Utara,1,DPR,,,,Partai Golongan Karya,4,93484,1
2019,Maluku Utara,1,DPR,,,,Partai Nasdem,5,62549,1
2019,Maluku Utara,1,DPR,,,,Partai Gerakan Perubahan Indonesia,6,24080,0
2019,Maluku Utara,1,DPR,,,,Partai Berkarya,7,21877,0
2019,Maluku Utara,1,DPR,,,,Partai Keadilan Sejahtera,8,57293,0
2019,Maluku Utara,1,DPR,,,,Partai Persatuan Indonesia ,9,37781,0
2019,Maluku Utara,1,DPR,,,,Partai Persatuan Pembangunan ,10,15861,0
2019,Maluku Utara,1,DPR,,,,Partai Solidaritas Indonesia,11,8425,0
2019,Maluku Utara,1,DPR,,,,Partai Amanat Nasional,12,16200,0
2019,Maluku Utara,1,DPR,,,,Partai Hati Nurani Rakyat,13,28025,0
2019,Maluku Utara,1,DPR,,,,Partai Demokrat ,14,43180,0
2019,Maluku Utara,1,DPR,,,,Partai Bulan Bintang,19,8505,0
2019,Maluku Utara,1,DPR,,,,Partai Keadilan dan Persatuan Indonesia,20,3527,0
2019,Papua,1,DPR,"1,523,694","3,314,858","75,479",,,,
2019,Papua,1,DPR,,,,Partai Kebangkitan Bangsa,1,399011,1
2019,Papua,1,DPR,,,,Partai Gerakan Indonesia Raya,2,221282,1
2019,Papua,1,DPR,,,,Partai Demokrasi Indonesia Perjuangan,3,368618,1
2019,Papua,1,DPR,,,,Partai Golongan Karya,4,286762,1
2019,Papua,1,DPR,,,,Partai Nasdem,5,787753,3
2019,Papua,1,DPR,,,,Partai Gerakan Perubahan Indonesia,6,25433,0
2019,Papua,1,DPR,,,,Partai Berkarya,7,52143,0
2019,Papua,1,DPR,,,,Partai Keadilan Sejahtera,8,80318,0
2019,Papua,1,DPR,,,,Partai Persatuan Indonesia ,9,89035,0
2019,Papua,1,DPR,,,,Partai Persatuan Pembangunan ,10,45435,0
2019,Papua,1,DPR,,,,Partai Solidaritas Indonesia,11,75349,0
2019,Papua,1,DPR,,,,Partai Amanat Nasional,12,443393,2
2019,Papua,1,DPR,,,,Partai Hati Nurani Rakyat,13,89401,0
2019,Papua,1,DPR,,,,Partai Demokrat ,14,313485,1
2019,Papua,1,DPR,,,,Partai Bulan Bintang,19,15840,0
2019,Papua,1,DPR,,,,Partai Keadilan dan Persatuan Indonesia,20,21600,0
2019,Papua Barat,1,DPR,"742,291","601,107","46,288",,,,
2019,Papua Barat,1,DPR,,,,Partai Kebangkitan Bangsa,1,29843,0
2019,Papua Barat,1,DPR,,,,Partai Gerakan Indonesia Raya,2,73961,0
2019,Papua Barat,1,DPR,,,,Partai Demokrasi Indonesia Perjuangan,3,101713,1
2019,Papua Barat,1,DPR,,,,Partai Golongan Karya,4,103012,1
2019,Papua Barat,1,DPR,,,,Partai Nasdem,5,109157,1
2019,Papua Barat,1,DPR,,,,Partai Gerakan Perubahan Indonesia,6,3391,0
2019,Papua Barat,1,DPR,,,,Partai Berkarya,7,11016,0
2019,Papua Barat,1,DPR,,,,Partai Keadilan Sejahtera,8,16162,0
2019,Papua Barat,1,DPR,,,,Partai Persatuan Indonesia ,9,20010,0
2019,Papua Barat,1,DPR,,,,Partai Persatuan Pembangunan ,10,8089,0
2019,Papua Barat,1,DPR,,,,Partai Solidaritas Indonesia,11,6919,0
2019,Papua Barat,1,DPR,,,,Partai Amanat Nasional,12,26429,0
2019,Papua Barat,1,DPR,,,,Partai Hati Nurani Rakyat,13,15750,0
2019,Papua Barat,1,DPR,,,,Partai Demokrat ,14,68147,0
2019,Papua Barat,1,DPR,,,,Partai Bulan Bintang,19,3891,0
2019,Papua Barat,1,DPR,,,,Partai Keadilan dan Persatuan Indonesia,20,3617,0
2019,Kalimantan Utara,1,DPR,"450,108","328,126","28,799",,,,
2019,Kalimantan Utara,1,DPR,,,,Partai Kebangkitan Bangsa,1,25700,0
2019,Kalimantan Utara,1,DPR,,,,Partai Gerakan Indonesia Raya,2,17480,0
2019,Kalimantan Utara,1,DPR,,,,Partai Demokrasi Indonesia Perjuangan,3,73880,1
2019,Kalimantan Utara,1,DPR,,,,Partai Golongan Karya,4,24794,0
2019,Kalimantan Utara,1,DPR,,,,Partai Nasdem,5,62971,1
2019,Kalimantan Utara,1,DPR,,,,Partai Gerakan Perubahan Indonesia,6,1209,0
2019,Kalimantan Utara,1,DPR,,,,Partai Berkarya,7,4851,0
2019,Kalimantan Utara,1,DPR,,,,Partai Keadilan Sejahtera,8,21718,0
2019,Kalimantan Utara,1,DPR,,,,Partai Persatuan Indonesia ,9,7725,0
2019,Kalimantan Utara,1,DPR,,,,Partai Persatuan Pembangunan ,10,11790,0
2019,Kalimantan Utara,1,DPR,,,,Partai Solidaritas Indonesia,11,4437,0
2019,Kalimantan Utara,1,DPR,,,,Partai Amanat Nasional,12,21391,0
2019,Kalimantan Utara,1,DPR,,,,Partai Hati Nurani Rakyat,13,9317,0
2019,Kalimantan Utara,1,DPR,,,,Partai Demokrat ,14,37616,1
2019,Kalimantan Utara,1,DPR,,,,Partai Bulan Bintang,19,2239,0
2019,Kalimantan Utara,1,DPR,,,,Partai Keadilan dan Persatuan Indonesia,20,1008,0
2019,Kepulauan Riau,1,DPR,"1,229,424","919,399","100,587",,,,
2019,Kepulauan Riau,1,DPR,,,,Partai Kebangkitan Bangsa,1,34342,0
2019,Kepulauan Riau,1,DPR,,,,Partai Gerakan Indonesia Raya,2,77798,0
2019,Kepulauan Riau,1,DPR,,,,Partai Demokrasi Indonesia Perjuangan,3,148887,1
2019,Kepulauan Riau,1,DPR,,,,Partai Golongan Karya,4,173998,1
2019,Kepulauan Riau,1,DPR,,,,Partai Nasdem,5,123341,1
2019,Kepulauan Riau,1,DPR,,,,Partai Gerakan Perubahan Indonesia,6,3790,0
2019,Kepulauan Riau,1,DPR,,,,Partai Berkarya,7,16073,0
2019,Kepulauan Riau,1,DPR,,,,Partai Keadilan Sejahtera,8,80344,0
2019,Kepulauan Riau,1,DPR,,,,Partai Persatuan Indonesia ,9,18256,0
2019,Kepulauan Riau,1,DPR,,,,Partai Persatuan Pembangunan ,10,19259,0
2019,Kepulauan Riau,1,DPR,,,,Partai Solidaritas Indonesia,11,20580,0
2019,Kepulauan Riau,1,DPR,,,,Partai Amanat Nasional,12,101265,1
2019,Kepulauan Riau,1,DPR,,,,Partai Hati Nurani Rakyat,13,16054,0
2019,Kepulauan Riau,1,DPR,,,,Partai Demokrat ,14,76884,0
2019,Kepulauan Riau,1,DPR,,,,Partai Bulan Bintang,19,7534,0
2019,Kepulauan Riau,1,DPR,,,,Partai Keadilan dan Persatuan Indonesia,20,994,0
2019,Riau,1,DPR,"2,203,428","1,702,605","188,384",,,,
2019,Riau,1,DPR,,,,Partai Kebangkitan Bangsa,1,72196,0
2019,Riau,1,DPR,,,,Partai Gerakan Indonesia Raya,2,213875,1
2019,Riau,1,DPR,,,,Partai Demokrasi Indonesia Perjuangan,3,250104,1
2019,Riau,1,DPR,,,,Partai Golongan Karya,4,133775,1
2019,Riau,1,DPR,,,,Partai Nasdem,5,80063,0
2019,Riau,1,DPR,,,,Partai Gerakan Perubahan Indonesia,6,7277,0
2019,Riau,1,DPR,,,,Partai Berkarya,7,41425,0
2019,Riau,1,DPR,,,,Partai Keadilan Sejahtera,8,245315,1
2019,Riau,1,DPR,,,,Partai Persatuan Indonesia ,9,48975,0
2019,Riau,1,DPR,,,,Partai Persatuan Pembangunan ,10,92157,1
2019,Riau,1,DPR,,,,Partai Solidaritas Indonesia,11,26843,0
2019,Riau,1,DPR,,,,Partai Amanat Nasional,12,199612,1
2019,Riau,1,DPR,,,,Partai Hati Nurani Rakyat,13,57776,0
2019,Riau,1,DPR,,,,Partai Demokrat ,14,214703,1
2019,Riau,1,DPR,,,,Partai Bulan Bintang,19,15785,0
2019,Riau,1,DPR,,,,Partai Keadilan dan Persatuan Indonesia,20,2724,0
2019,Riau,2,DPR,"1,659,877","1,218,624","151,087",,,,
2019,Riau,2,DPR,,,,Partai Kebangkitan Bangsa,1,114958,1
2019,Riau,2,DPR,,,,Partai Gerakan Indonesia Raya,2,172960,1
2019,Riau,2,DPR,,,,Partai Demokrasi Indonesia Perjuangan,3,128809,1
2019,Riau,2,DPR,,,,Partai Golongan Karya,4,218156,1
2019,Riau,2,DPR,,,,Partai Nasdem,5,83013,0
2019,Riau,2,DPR,,,,Partai Gerakan Perubahan Indonesia,6,7041,0
2019,Riau,2,DPR,,,,Partai Berkarya,7,30034,0
2019,Riau,2,DPR,,,,Partai Keadilan Sejahtera,8,126140,1
2019,Riau,2,DPR,,,,Partai Persatuan Indonesia ,9,27787,0
2019,Riau,2,DPR,,,,Partai Persatuan Pembangunan ,10,77506,0
2019,Riau,2,DPR,,,,Partai Solidaritas Indonesia,11,10838,0
2019,Riau,2,DPR,,,,Partai Amanat Nasional,12,83290,0
2019,Riau,2,DPR,,,,Partai Hati Nurani Rakyat,13,9385,0
2019,Riau,2,DPR,,,,Partai Demokrat ,14,111991,1
2019,Riau,2,DPR,,,,Partai Bulan Bintang,19,13730,0
2019,Riau,2,DPR,,,,Partai Keadilan dan Persatuan Indonesia,20,2986,0
2019,Jambi,1,DPR,"2,475,655","1,786,074","321,604",,,,
2019,Jambi,1,DPR,,,,Partai Kebangkitan Bangsa,1,120092,1
2019,Jambi,1,DPR,,,,Partai Gerakan Indonesia Raya,2,224103,1
2019,Jambi,1,DPR,,,,Partai Demokrasi Indonesia Perjuangan,3,233633,1
2019,Jambi,1,DPR,,,,Partai Golongan Karya,4,360297,2
2019,Jambi,1,DPR,,,,Partai Nasdem,5,124126,1
2019,Jambi,1,DPR,,,,Partai Gerakan Perubahan Indonesia,6,7857,0
2019,Jambi,1,DPR,,,,Partai Berkarya,7,50770,0
2019,Jambi,1,DPR,,,,Partai Keadilan Sejahtera,8,103280,0
2019,Jambi,1,DPR,,,,Partai Persatuan Indonesia ,9,55752,0
2019,Jambi,1,DPR,,,,Partai Persatuan Pembangunan ,10,81049,0
2019,Jambi,1,DPR,,,,Partai Solidaritas Indonesia,11,37461,0
2019,Jambi,1,DPR,,,,Partai Amanat Nasional,12,196085,1
2019,Jambi,1,DPR,,,,Partai Hati Nurani Rakyat,13,13944,0
2019,Jambi,1,DPR,,,,Partai Demokrat ,14,156812,1
2019,Jambi,1,DPR,,,,Partai Bulan Bintang,19,18212,0
2019,Jambi,1,DPR,,,,Partai Keadilan dan Persatuan Indonesia,20,2601,0
2019,Sumatera Selatan,1,DPR,"2,768,794","2,019,840","261,146",,,,
2019,Sumatera Selatan,1,DPR,,,,Partai Kebangkitan Bangsa,1,105168,0
2019,Sumatera Selatan,1,DPR,,,,Partai Gerakan Indonesia Raya,2,343235,2
2019,Sumatera Selatan,1,DPR,,,,Partai Demokrasi Indonesia Perjuangan,3,265160,1
2019,Sumatera Selatan,1,DPR,,,,Partai Golongan Karya,4,297267,1
2019,Sumatera Selatan,1,DPR,,,,Partai Nasdem,5,268989,1
2019,Sumatera Selatan,1,DPR,,,,Partai Gerakan Perubahan Indonesia,6,12104,0
2019,Sumatera Selatan,1,DPR,,,,Partai Berkarya,7,52540,0
2019,Sumatera Selatan,1,DPR,,,,Partai Keadilan Sejahtera,8,143536,1
2019,Sumatera Selatan,1,DPR,,,,Partai Persatuan Indonesia ,9,53839,0
2019,Sumatera Selatan,1,DPR,,,,Partai Persatuan Pembangunan ,10,50260,0
2019,Sumatera Selatan,1,DPR,,,,Partai Solidaritas Indonesia,11,32097,0
2019,Sumatera Selatan,1,DPR,,,,Partai Amanat Nasional,12,132466,1
2019,Sumatera Selatan,1,DPR,,,,Partai Hati Nurani Rakyat,13,31199,0
2019,Sumatera Selatan,1,DPR,,,,Partai Demokrat ,14,201626,1
2019,Sumatera Selatan,1,DPR,,,,Partai Bulan Bintang,19,23448,0
2019,Sumatera Selatan,1,DPR,,,,Partai Keadilan dan Persatuan Indonesia,20,6906,0
2019,Sumatera Selatan,2,DPR,"3,108,781","2,315,985","337,332",,,,
2019,Sumatera Selatan,2,DPR,,,,Partai Kebangkitan Bangsa,1,212489,1
2019,Sumatera Selatan,2,DPR,,,,Partai Gerakan Indonesia Raya,2,305068,1
2019,Sumatera Selatan,2,DPR,,,,Partai Demokrasi Indonesia Perjuangan,3,278515,1
2019,Sumatera Selatan,2,DPR,,,,Partai Golongan Karya,4,374023,2
2019,Sumatera Selatan,2,DPR,,,,Partai Nasdem,5,372155,2
2019,Sumatera Selatan,2,DPR,,,,Partai Gerakan Perubahan Indonesia,6,16993,0
2019,Sumatera Selatan,2,DPR,,,,Partai Berkarya,7,58959,0
2019,Sumatera Selatan,2,DPR,,,,Partai Keadilan Sejahtera,8,122594,0
2019,Sumatera Selatan,2,DPR,,,,Partai Persatuan Indonesia ,9,67489,0
2019,Sumatera Selatan,2,DPR,,,,Partai Persatuan Pembangunan ,10,66887,0
2019,Sumatera Selatan,2,DPR,,,,Partai Solidaritas Indonesia,11,18399,0
2019,Sumatera Selatan,2,DPR,,,,Partai Amanat Nasional,12,136246,1
2019,Sumatera Selatan,2,DPR,,,,Partai Hati Nurani Rakyat,13,55238,0
2019,Sumatera Selatan,2,DPR,,,,Partai Demokrat ,14,194983,1
2019,Sumatera Selatan,2,DPR,,,,Partai Bulan Bintang,19,32725,0
2019,Sumatera Selatan,2,DPR,,,,Partai Keadilan dan Persatuan Indonesia,20,3222,0
2019,Sumatera Utara,1,DPR,"3,528,993","2,339,962","303,738",,,,
2019,Sumatera Utara,1,DPR,,,,Partai Kebangkitan Bangsa,1,70101,0
2019,Sumatera Utara,1,DPR,,,,Partai Gerakan Indonesia Raya,2,407823,2
2019,Sumatera Utara,1,DPR,,,,Partai Demokrasi Indonesia Perjuangan,3,488916,2
2019,Sumatera Utara,1,DPR,,,,Partai Golongan Karya,4,223802,1
2019,Sumatera Utara,1,DPR,,,,Partai Nasdem,5,257298,1
2019,Sumatera Utara,1,DPR,,,,Partai Gerakan Perubahan Indonesia,6,6794,0
2019,Sumatera Utara,1,DPR,,,,Partai Berkarya,7,28110,0
2019,Sumatera Utara,1,DPR,,,,Partai Keadilan Sejahtera,8,315162,2
2019,Sumatera Utara,1,DPR,,,,Partai Persatuan Indonesia ,9,54574,0
2019,Sumatera Utara,1,DPR,,,,Partai Persatuan Pembangunan ,10,68849,0
2019,Sumatera Utara,1,DPR,,,,Partai Solidaritas Indonesia,11,43599,0
2019,Sumatera Utara,1,DPR,,,,Partai Amanat Nasional,12,149886,1
2019,Sumatera Utara,1,DPR,,,,Partai Hati Nurani Rakyat,13,48588,0
2019,Sumatera Utara,1,DPR,,,,Partai Demokrat ,14,143404,1
2019,Sumatera Utara,1,DPR,,,,Partai Bulan Bintang,19,27920,0
2019,Sumatera Utara,1,DPR,,,,Partai Keadilan dan Persatuan Indonesia,20,5136,0
2019,Sumatera Utara,2,DPR,"2,520,579","2,202,698","263,363",,,,
2019,Sumatera Utara,2,DPR,,,,Partai Kebangkitan Bangsa,1,119968,1
2019,Sumatera Utara,2,DPR,,,,Partai Gerakan Indonesia Raya,2,283326,1
2019,Sumatera Utara,2,DPR,,,,Partai Demokrasi Indonesia Perjuangan,3,422458,2
2019,Sumatera Utara,2,DPR,,,,Partai Golongan Karya,4,237111,1
2019,Sumatera Utara,2,DPR,,,,Partai Nasdem,5,366727,2
2019,Sumatera Utara,2,DPR,,,,Partai Gerakan Perubahan Indonesia,6,7102,0
2019,Sumatera Utara,2,DPR,,,,Partai Berkarya,7,31882,0
2019,Sumatera Utara,2,DPR,,,,Partai Keadilan Sejahtera,8,145634,1
2019,Sumatera Utara,2,DPR,,,,Partai Persatuan Indonesia ,9,89241,0
2019,Sumatera Utara,2,DPR,,,,Partai Persatuan Pembangunan ,10,60650,0
2019,Sumatera Utara,2,DPR,,,,Partai Solidaritas Indonesia,11,23294,0
2019,Sumatera Utara,2,DPR,,,,Partai Amanat Nasional,12,203646,1
2019,Sumatera Utara,2,DPR,,,,Partai Hati Nurani Rakyat,13,44707,0
2019,Sumatera Utara,2,DPR,,,,Partai Demokrat ,14,146134,1
2019,Sumatera Utara,2,DPR,,,,Partai Bulan Bintang,19,12365,0
2019,Sumatera Utara,2,DPR,,,,Partai Keadilan dan Persatuan Indonesia,20,8453,0
2019,Sumatera Utara,3,DPR,"3,210,926","2,161,779","347,227",,,,
2019,Sumatera Utara,3,DPR,,,,Partai Kebangkitan Bangsa,1,57229,0
2019,Sumatera Utara,3,DPR,,,,Partai Gerakan Indonesia Raya,2,212905,1
2019,Sumatera Utara,3,DPR,,,,Partai Demokrasi Indonesia Perjuangan,3,493174,3
2019,Sumatera Utara,3,DPR,,,,Partai Golongan Karya,4,417780,2
2019,Sumatera Utara,3,DPR,,,,Partai Nasdem,5,195460,1
2019,Sumatera Utara,3,DPR,,,,Partai Gerakan Perubahan Indonesia,6,5164,0
2019,Sumatera Utara,3,DPR,,,,Partai Berkarya,7,30110,0
2019,Sumatera Utara,3,DPR,,,,Partai Keadilan Sejahtera,8,173991,1
2019,Sumatera Utara,3,DPR,,,,Partai Persatuan Indonesia,9,142976,0
2019,Sumatera Utara,3,DPR,,,,Partai Persatuan Pembangunan,10,76406,0
2019,Sumatera Utara,3,DPR,,,,Partai Solidaritas Indonesia,11,32789,0
2019,Sumatera Utara,3,DPR,,,,Partai Amanat Nasional,12,167292,1
2019,Sumatera Utara,3,DPR,,,,Partai Hati Nurani Rakyat,13,32547,0
2019,Sumatera Utara,3,DPR,,,,Partai Demokrat ,14,101951,1
2019,Sumatera Utara,3,DPR,,,,Partai Bulan Bintang,19,17634,0
2019,Sumatera Utara,3,DPR,,,,Partai Keadilan dan Persaatuan Indonesia,20,4371,0
2019,Sumatera Barat,1,DPR,"2,091,682","1,551,143","112,622",,,,
2019,Sumatera Barat,1,DPR,,,,Partai Kebangkitan Bangsa,1,47418,0
2019,Sumatera Barat,1,DPR,,,,Partai Gerakan Indonesia Raya,2,336944,2
2019,Sumatera Barat,1,DPR,,,,Partai Demokrasi Indonesia Perjuangan,3,86423,0
2019,Sumatera Barat,1,DPR,,,,Partai Golongan Karya,4,123159,1
2019,Sumatera Barat,1,DPR,,,,Partai Nasdem,5,145769,1
2019,Sumatera Barat,1,DPR,,,,Partai Gerakan Perubahan Indonesia,6,11457,0
2019,Sumatera Barat,1,DPR,,,,Partai Berkarya,7,33263,0
2019,Sumatera Barat,1,DPR,,,,Partai Keadilan Sejahtera,8,156557,1
2019,Sumatera Barat,1,DPR,,,,Partai Persatuan Indonesia ,9,30293,0
2019,Sumatera Barat,1,DPR,,,,Partai Persatuan Pembangunan ,10,63487,0
2019,Sumatera Barat,1,DPR,,,,Partai Solidaritas Indonesia,11,26005,0
2019,Sumatera Barat,1,DPR,,,,Partai Amanat Nasional,12,261007,2
2019,Sumatera Barat,1,DPR,,,,Partai Hati Nurani Rakyat,13,34618,0
2019,Sumatera Barat,1,DPR,,,,Partai Demokrat ,14,172224,1
2019,Sumatera Barat,1,DPR,,,,Partai Bulan Bintang,19,18995,0
2019,Sumatera Barat,1,DPR,,,,Partai Keadilan dan Persatuan Indonesia,20,3524,0
2019,Sumatera Barat,2,DPR,"1,626,555","1,176,244","89,299",,,,
2019,Sumatera Barat,2,DPR,,,,Partai Kebangkitan Bangsa,1,41543,0
2019,Sumatera Barat,2,DPR,,,,Partai Gerakan Indonesia Raya,2,223891,1
2019,Sumatera Barat,2,DPR,,,,Partai Demokrasi Indonesia Perjuangan,3,47809,0
2019,Sumatera Barat,2,DPR,,,,Partai Golongan Karya,4,79023,1
2019,Sumatera Barat,2,DPR,,,,Partai Nasdem,5,60663,0
2019,Sumatera Barat,2,DPR,,,,Partai Gerakan Perubahan Indonesia,6,6053,0
2019,Sumatera Barat,2,DPR,,,,Partai Berkarya,7,22404,0
2019,Sumatera Barat,2,DPR,,,,Partai Keadilan Sejahtera,8,199737,1
2019,Sumatera Barat,2,DPR,,,,Partai Persatuan Indonesia ,9,13217,0
2019,Sumatera Barat,2,DPR,,,,Partai Persatuan Pembangunan ,10,78378,1
2019,Sumatera Barat,2,DPR,,,,Partai Solidaritas Indonesia,11,12368,0
2019,Sumatera Barat,2,DPR,,,,Partai Amanat Nasional,12,151476,1
2019,Sumatera Barat,2,DPR,,,,Partai Hati Nurani Rakyat,13,13172,0
2019,Sumatera Barat,2,DPR,,,,Partai Demokrat ,14,198834,1
2019,Sumatera Barat,2,DPR,,,,Partai Bulan Bintang,19,26878,0
2019,Sumatera Barat,2,DPR,,,,Partai Keadilan dan Persatuan Indonesia,20,798,0
2019,Lampung,1,DPR,"2,219,647","2,112,156","276,988",,,,
2019,Lampung,1,DPR,,,,Partai Kebangkitan Bangsa,1,168139,1
2019,Lampung,1,DPR,,,,Partai Gerakan Indonesia Raya,2,219215,1
2019,Lampung,1,DPR,,,,Partai Demokrasi Indonesia Perjuangan,3,471339,3
2019,Lampung,1,DPR,,,,Partai Golongan Karya,4,227737,1
2019,Lampung,1,DPR,,,,Partai Nasdem,5,132304,1
2019,Lampung,1,DPR,,,,Partai Gerakan Perubahan Indonesia,6,15912,0
2019,Lampung,1,DPR,,,,Partai Berkarya,7,45233,0
2019,Lampung,1,DPR,,,,Partai Keadilan Sejahtera,8,190339,1
2019,Lampung,1,DPR,,,,Partai Persatuan Indonesia ,9,60953,0
2019,Lampung,1,DPR,,,,Partai Persatuan Pembangunan ,10,67605,0
2019,Lampung,1,DPR,,,,Partai Solidaritas Indonesia,11,22167,0
2019,Lampung,1,DPR,,,,Partai Amanat Nasional,12,225117,1
2019,Lampung,1,DPR,,,,Partai Hati Nurani Rakyat,13,12629,0
2019,Lampung,1,DPR,,,,Partai Demokrat ,14,241453,1
2019,Lampung,1,DPR,,,,Partai Bulan Bintang,19,7602,0
2019,Lampung,1,DPR,,,,Partai Keadilan dan Persatuan Indonesia,20,4412,0
2019,Lampung,2,DPR,"3,158,490","2,233,563","267,019",,,,
2019,Lampung,2,DPR,,,,Partai Kebangkitan Bangsa,1,264948,1
2019,Lampung,2,DPR,,,,Partai Gerakan Indonesia Raya,2,269623,1
2019,Lampung,2,DPR,,,,Partai Demokrasi Indonesia Perjuangan,3,416077,2
2019,Lampung,2,DPR,,,,Partai Golongan Karya,4,281277,2
2019,Lampung,2,DPR,,,,Partai Nasdem,5,233419,1
2019,Lampung,2,DPR,,,,Partai Gerakan Perubahan Indonesia,6,11869,0
2019,Lampung,2,DPR,,,,Partai Berkarya,7,50066,0
2019,Lampung,2,DPR,,,,Partai Keadilan Sejahtera,8,150528,1
2019,Lampung,2,DPR,,,,Partai Persatuan Indonesia ,9,72310,0
2019,Lampung,2,DPR,,,,Partai Persatuan Pembangunan ,10,44503,0
2019,Lampung,2,DPR,,,,Partai Solidaritas Indonesia,11,36724,0
2019,Lampung,2,DPR,,,,Partai Amanat Nasional,12,111671,1
2019,Lampung,2,DPR,,,,Partai Hati Nurani Rakyat,13,28008,0
2019,Lampung,2,DPR,,,,Partai Demokrat ,14,250333,1
2019,Lampung,2,DPR,,,,Partai Bulan Bintang,19,7920,0
2019,Lampung,2,DPR,,,,Partai Keadilan dan Persatuan Indonesia,20,4287,0
2019,Kepulauan Bangka Belitung,1,DPR,"932,569","682,168","121,188",,,,
2019,Kepulauan Bangka Belitung,1,DPR,,,,Partai Kebangkitan Bangsa,1,19227,0
2019,Kepulauan Bangka Belitung,1,DPR,,,,Partai Gerakan Indonesia Raya,2,75153,0
2019,Kepulauan Bangka Belitung,1,DPR,,,,Partai Demokrasi Indonesia Perjuangan,3,169644,1
2019,Kepulauan Bangka Belitung,1,DPR,,,,Partai Golongan Karya,4,101681,1
2019,Kepulauan Bangka Belitung,1,DPR,,,,Partai Nasdem,5,83447,1
2019,Kepulauan Bangka Belitung,1,DPR,,,,Partai Gerakan Perubahan Indonesia,6,3722,0
2019,Kepulauan Bangka Belitung,1,DPR,,,,Partai Berkarya,7,13193,0
2019,Kepulauan Bangka Belitung,1,DPR,,,,Partai Keadilan Sejahtera,8,34280,0
2019,Kepulauan Bangka Belitung,1,DPR,,,,Partai Persatuan Indonesia ,9,16029,0
2019,Kepulauan Bangka Belitung,1,DPR,,,,Partai Persatuan Pembangunan ,10,36554,0
2019,Kepulauan Bangka Belitung,1,DPR,,,,Partai Solidaritas Indonesia,11,4639,0
2019,Kepulauan Bangka Belitung,1,DPR,,,,Partai Amanat Nasional,12,14830,0
2019,Kepulauan Bangka Belitung,1,DPR,,,,Partai Hati Nurani Rakyat,13,12084,0
2019,Kepulauan Bangka Belitung,1,DPR,,,,Partai Demokrat ,14,58426,0
2019,Kepulauan Bangka Belitung,1,DPR,,,,Partai Bulan Bintang,19,37524,0
2019,Kepulauan Bangka Belitung,1,DPR,,,,Partai Keadilan dan Persatuan Indonesia,20,1735,0
,,,,,,,,,,
,,,,,,,,,,
,,,,,,,,,,
,,,,,,,,,,
,,,,,,,,,,
,,,,,,,,,,
,,,,,,,,,,
,,,,,,,,,,
,,,,,,,,,,
,,,,,,,,,,
,,,,,,,,,,
,,,,,,,,,,
,,,,,,,,,,
,,,,,,,,,,
,,,,,,,,,,
,,,,,,,,,,
,,,,,,,,,,
,,,,,,,,,,
,,,,,,,,,,
,,,,,,,,,,
,,,,,,,,,,
,,,,,,,,,,
,,,,,,,,,,
,,,,,,,,,,
,,,,,,,,,,
,,,,,,,,,,
,,,,,,,,,,
,,,,,,,,,,
,,,,,,,,,,
,,,,,,,,,,
,,,,,,,,,,
,,,,,,,,,,
,,,,,,,,,,
,,,,,,,,,,
,,,,,,,,,,
,,,,,,,,,,
,,,,,,,,,,
,,,,,,,,,,
,,,,,,,,,,
,,,,,,,,,,
,,,,,,,,,,
,,,,,,,,,,
,,,,,,,,,,
,,,,,,,,,,
,,,,,,,,,,
,,,,,,,,,,
,,,,,,,,,,
,,,,,,,,,,
,,,,,,,,,,
,,,,,,,,,,
,,,,,,,,,,
,,,,,,,,,,
,,,,,,,,,,
,,,,,,,,,,
,,,,,,,,,,
,,,,,,,,,,
,,,,,,,,,,
,,,,,,,,,,
,,,,,,,,,,
,,,,,,,,,,
,,,,,,,,,,
,,,,,,,,,,
,,,,,,,,,,
,,,,,,,,,,
,,,,,,,,,,
,,,,,,,,,,
,,,,,,,,,,
,,,,,,,,,,
,,,,,,,,,,
,,,,,,,,,,
,,,,,,,,,,
,,,,,,,,,,
,,,,,,,,,,
,,,,,,,,,,
,,,,,,,,,,
,,,,,,,,,,
,,,,,,,,,,
,,,,,,,,,,
,,,,,,,,,,
,,,,,,,,,,
,,,,,,,,,,
,,,,,,,,,,
,,,,,,,,,,
,,,,,,,,,,
,,,,,,,,,,
,,,,,,,,,,
,,,,,,,,,,
,,,,,,,,,,
,,,,,,,,,,
,,,,,,,,,,
,,,,,,,,,,
,,,,,,,,,,
,,,,,,,,,,
,,,,,,,,,,
,,,,,,,,,,
,,,,,,,,,,
,,,,,,,,,,
,,,,,,,,,,
,,,,,,,,,,
,,,,,,,,,,
,,,,,,,,,,
,,,,,,,,,,
,,,,,,,,,,
,,,,,,,,,,
,,,,,,,,,,
,,,,,,,,,,
,,,,,,,,,,
,,,,,,,,,,
,,,,,,,,,,
,,,,,,,,,,
,,,,,,,,,,
,,,,,,,,,,
,,,,,,,,,,
,,,,,,,,,,
,,,,,,,,,,
,,,,,,,,,,
,,,,,,,,,,
,,,,,,,,,,
,,,,,,,,,,
,,,,,,,,,,
,,,,,,,,,,
,,,,,,,,,,
,,,,,,,,,,
,,,,,,,,,,
,,,,,,,,,,
,,,,,,,,,,
,,,,,,,,,,
,,,,,,,,,,
,,,,,,,,,,
,,,,,,,,,,
,,,,,,,,,,
,,,,,,,,,,
,,,,,,,,,,
,,,,,,,,,,
,,,,,,,,,,
,,,,,,,,,,
,,,,,,,,,,
,,,,,,,,,,
,,,,,,,,,,
,,,,,,,,,,
,,,,,,,,,,
,,,,,,,,,,
,,,,,,,,,,
,,,,,,,,,,
,,,,,,,,,,
,,,,,,,,,,
,,,,,,,,,,
,,,,,,,,,,
,,,,,,,,,,
,,,,,,,,,,
,,,,,,,,,,
,,,,,,,,,,
,,,,,,,,,,
,,,,,,,,,,
,,,,,,,,,,
,,,,,,,,,,
,,,,,,,,,,
,,,,,,,,,,
,,,,,,,,,,
,,,,,,,,,,
,,,,,,,,,,
,,,,,,,,,,
,,,,,,,,,,
,,,,,,,,,,
,,,,,,,,,,
,,,,,,,,,,
,,,,,,,,,,
,,,,,,,,,,
,,,,,,,,,,
,,,,,,,,,,
,,,,,,,,,,
,,,,,,,,,,
,,,,,,,,,,
,,,,,,,,,,
,,,,,,,,,,
,,,,,,,,,,
,,,,,,,,,,
,,,,,,,,,,
,,,,,,,,,,
,,,,,,,,,,
,,,,,,,,,,
,,,,,,,,,,
,,,,,,,,,,
,,,,,,,,,,
,,,,,,,,,,
,,,,,,,,,,
,,,,,,,,,,
,,,,,,,,,,
,,,,,,,,,,
,,,,,,,,,,
,,,,,,,,,,
,,,,,,,,,,
,,,,,,,,,,
,,,,,,,,,,
,,,,,,,,,,
,,,,,,,,,,
,,,,,,,,,,
,,,,,,,,,,
,,,,,,,,,,
,,,,,,,,,,