PDS,VN,ID,YR,MN,PROV,CAN_N,CAN_C,CAN_G,RV,VV,IVV,CV
1,1,Pres_VP,2014,July,ACEH,Prabowo Subianto and Hatta Rajasa,1,Male and Male,3330719,2002599,58485,1089290
1,1,Pres_VP,2014,July,ACEH,Joko Widodo and Jusuf Kalla,2,Male and Male,3330719,2002599,58485,913309
1,1,Pres_VP,2014,July,BALI,Prabowo Subianto and Hatta Rajasa,1,Male and Male,2942282,2149351,17870,614241
1,1,Pres_VP,2014,July,BALI,Joko Widodo and Jusuf Kalla,2,Male and Male,2942282,2149351,17870,1535110
1,1,Pres_VP,2014,July,BANTEN,Prabowo Subianto and Hatta Rajasa,1,Male and Male,7985599,5591302,60165,3192671
1,1,Pres_VP,2014,July,BANTEN,Joko Widodo and Jusuf Kalla,2,Male and Male,7985599,5591302,60165,2398631
1,1,Pres_VP,2014,July,BENGKULU,Prabowo Subianto and Hatta Rajasa,1,Male and Male,1379067,956842,7150,433173
1,1,Pres_VP,2014,July,BENGKULU,Joko Widodo and Jusuf Kalla,2,Male and Male,1379067,956842,7150,523669
1,1,Pres_VP,2014,July,DAERAH ISTIMEWA YOGYAKARTA,Prabowo Subianto and Hatta Rajasa,1,Male and Male,2752275,2211591,33573,977342
1,1,Pres_VP,2014,July,DAERAH ISTIMEWA YOGYAKARTA,Joko Widodo and Jusuf Kalla,2,Male and Male,2752275,2211591,33573,1234249
1,1,Pres_VP,2014,July,DKI JAKARTA,Prabowo Subianto and Hatta Rajasa,1,Male and Male,7096168,5387958,53747,2528064
1,1,Pres_VP,2014,July,DKI JAKARTA,Joko Widodo and Jusuf Kalla,2,Male and Male,7096168,5387958,53747,2859894
1,1,Pres_VP,2014,July,GORONTALO,Prabowo Subianto and Hatta Rajasa,1,Male and Male,794450,600232,3216,378735
1,1,Pres_VP,2014,July,GORONTALO,Joko Widodo and Jusuf Kalla,2,Male and Male,794450,600232,3216,221497
1,1,Pres_VP,2014,July,JAMBI,Prabowo Subianto and Hatta Rajasa,1,Male and Male,2480927,1769103,13467,871316
1,1,Pres_VP,2014,July,JAMBI,Joko Widodo and Jusuf Kalla,2,Male and Male,2480927,1769103,13467,897787
1,1,Pres_VP,2014,July,JAWA BARAT,Prabowo Subianto and Hatta Rajasa,1,Male and Male,33045082,23697696,292393,14167381
1,1,Pres_VP,2014,July,JAWA BARAT,Joko Widodo and Jusuf Kalla,2,Male and Male,33045082,23697696,292393,9530315
1,1,Pres_VP,2014,July,JAWA TENGAH,Prabowo Subianto and Hatta Rajasa,1,Male and Male,27385217,19445260,223144,6485720
1,1,Pres_VP,2014,July,JAWA TENGAH,Joko Widodo and Jusuf Kalla,2,Male and Male,27385217,19445260,223144,12959540
1,1,Pres_VP,2014,July,JAWA TIMUR,Prabowo Subianto and Hatta Rajasa,1,Male and Male,30639897,21946401,238006,10277088
1,1,Pres_VP,2014,July,JAWA TIMUR,Joko Widodo and Jusuf Kalla,2,Male and Male,30639897,21946401,238006,11669313
1,1,Pres_VP,2014,July,KALIMANTAN BARAT,Prabowo Subianto and Hatta Rajasa,1,Male and Male,3506277,2605400,16533,1032354
1,1,Pres_VP,2014,July,KALIMANTAN BARAT,Joko Widodo and Jusuf Kalla,2,Male and Male,3506277,2605400,16533,1573046
1,1,Pres_VP,2014,July,KALIMANTAN SELATAN,Prabowo Subianto and Hatta Rajasa,1,Male and Male,2821261,1881557,38237,941809
1,1,Pres_VP,2014,July,KALIMANTAN SELATAN,Joko Widodo and Jusuf Kalla,2,Male and Male,2821261,1881557,38237,939748
1,1,Pres_VP,2014,July,KALIMANTAN TENGAH,Prabowo Subianto and Hatta Rajasa,1,Male and Male,1819970,1164476,9357,468277
1,1,Pres_VP,2014,July,KALIMANTAN TENGAH,Joko Widodo and Jusuf Kalla,2,Male and Male,1819970,1164476,9357,696199
1,1,Pres_VP,2014,July,KALIMANTAN TIMUR,Prabowo Subianto and Hatta Rajasa,1,Male and Male,2925330,1877890,15551,687734
1,1,Pres_VP,2014,July,KALIMANTAN TIMUR,Joko Widodo and Jusuf Kalla,2,Male and Male,2925330,1877890,15551,1190156
1,1,Pres_VP,2014,July,KEPULAUAN BANGKA BELITUNG,Prabowo Subianto and Hatta Rajasa,1,Male and Male,925058,613065,6109,200706
1,1,Pres_VP,2014,July,KEPULAUAN BANGKA BELITUNG,Joko Widodo and Jusuf Kalla,2,Male and Male,925058,613065,6109,412359
1,1,Pres_VP,2014,July,KEPULAUAN RIAU,Prabowo Subianto and Hatta Rajasa,1,Male and Male,1323627,824727,5298,332908
1,1,Pres_VP,2014,July,KEPULAUAN RIAU,Joko Widodo and Jusuf Kalla,2,Male and Male,1323627,824727,5298,491819
1,1,Pres_VP,2014,July,LAMPUNG,Prabowo Subianto and Hatta Rajasa,1,Male and Male,5976211,4333813,27179,2033924
1,1,Pres_VP,2014,July,LAMPUNG,Joko Widodo and Jusuf Kalla,2,Male and Male,5976211,4333813,27179,2299889
1,1,Pres_VP,2014,July,LUAR NEGERI,Prabowo Subianto and Hatta Rajasa,1,Male and Male,2038711,677857,28734,313600
1,1,Pres_VP,2014,July,LUAR NEGERI,Joko Widodo and Jusuf Kalla,2,Male and Male,2038711,677857,28734,364257
1,1,Pres_VP,2014,July,MALUKU,Prabowo Subianto and Hatta Rajasa,1,Male and Male,1216296,877021,4427,433981
1,1,Pres_VP,2014,July,MALUKU,Joko Widodo and Jusuf Kalla,2,Male and Male,1216296,877021,4427,443040
1,1,Pres_VP,2014,July,MALUKU UTARA,Prabowo Subianto and Hatta Rajasa,1,Male and Male,840253,563393,2577,306792
1,1,Pres_VP,2014,July,MALUKU UTARA,Joko Widodo and Jusuf Kalla,2,Male and Male,840253,563393,2577,256601
1,1,Pres_VP,2014,July,NUSA TENGGARA BARAT,Prabowo Subianto and Hatta Rajasa,1,Male and Male,3522679,2545416,24581,1844178
1,1,Pres_VP,2014,July,NUSA TENGGARA BARAT,Joko Widodo and Jusuf Kalla,2,Male and Male,3522679,2545416,24581,701238
1,1,Pres_VP,2014,July,NUSA TENGGARA TIMUR,Prabowo Subianto and Hatta Rajasa,1,Male and Male,3185121,2257467,16612,769391
1,1,Pres_VP,2014,July,NUSA TENGGARA TIMUR,Joko Widodo and Jusuf Kalla,2,Male and Male,3185121,2257467,16612,1488076
1,1,Pres_VP,2014,July,PAPUA,Prabowo Subianto and Hatta Rajasa,1,Male and Male,3238288,2795867,37378,769132
1,1,Pres_VP,2014,July,PAPUA,Joko Widodo and Jusuf Kalla,2,Male and Male,3238288,2795867,37378,2026735
1,1,Pres_VP,2014,July,PAPUA BARAT,Prabowo Subianto and Hatta Rajasa,1,Male and Male,715462,532907,3363,172528
1,1,Pres_VP,2014,July,PAPUA BARAT,Joko Widodo and Jusuf Kalla,2,Male and Male,715462,532907,3363,360379
1,1,Pres_VP,2014,July,RIAU,Prabowo Subianto and Hatta Rajasa,1,Male and Male,4208306,2692155,17623,1349338
1,1,Pres_VP,2014,July,RIAU,Joko Widodo and Jusuf Kalla,2,Male and Male,4208306,2692155,17623,1342817
1,1,Pres_VP,2014,July,SULAWESI BARAT,Prabowo Subianto and Hatta Rajasa,1,Male and Male,887577,621515,3428,165494
1,1,Pres_VP,2014,July,SULAWESI BARAT,Joko Widodo and Jusuf Kalla,2,Male and Male,887577,621515,3428,456021
1,1,Pres_VP,2014,July,SULAWESI SELATAN,Prabowo Subianto and Hatta Rajasa,1,Male and Male,6323711,4251883,22732,1214857
1,1,Pres_VP,2014,July,SULAWESI SELATAN,Joko Widodo and Jusuf Kalla,2,Male and Male,6323711,4251883,22732,3037026
1,1,Pres_VP,2014,July,SULAWESI TENGAH,Prabowo Subianto and Hatta Rajasa,1,Male and Male,1935646,1399160,8599,632009
1,1,Pres_VP,2014,July,SULAWESI TENGAH,Joko Widodo and Jusuf Kalla,2,Male and Male,1935646,1399160,8599,767151
1,1,Pres_VP,2014,July,SULAWESI TENGGARA,Prabowo Subianto and Hatta Rajasa,1,Male and Male,1798732,1133351,6327,511134
1,1,Pres_VP,2014,July,SULAWESI TENGGARA,Joko Widodo and Jusuf Kalla,2,Male and Male,1798732,1133351,6327,622217
1,1,Pres_VP,2014,July,SULAWESI UTARA,Prabowo Subianto and Hatta Rajasa,1,Male and Male,1887975,1344648,5220,620095
1,1,Pres_VP,2014,July,SULAWESI UTARA,Joko Widodo and Jusuf Kalla,2,Male and Male,1887975,1344648,5220,724553
1,1,Pres_VP,2014,July,SUMATERA BARAT,Prabowo Subianto and Hatta Rajasa,1,Male and Male,3611551,2336813,17514,1797505
1,1,Pres_VP,2014,July,SUMATERA BARAT,Joko Widodo and Jusuf Kalla,2,Male and Male,3611551,2336813,17514,539308
1,1,Pres_VP,2014,July,SUMATERA SELATAN,Prabowo Subianto and Hatta Rajasa,1,Male and Male,5865025,4159212,31419,2132163
1,1,Pres_VP,2014,July,SUMATERA SELATAN,Joko Widodo and Jusuf Kalla,2,Male and Male,5865025,4159212,31419,2027049
1,1,Pres_VP,2014,July,SUMATERA UTARA,Prabowo Subianto and Hatta Rajasa,1,Male and Male,9902948,6326349,29676,2831514
1,1,Pres_VP,2014,July,SUMATERA UTARA,Joko Widodo and Jusuf Kalla,2,Male and Male,9902948,6326349,29676,3494835
1,1,Pres_VP,2019,April,ACEH,Joko Widodo and Ma'ruf Amin,1,Male and Male,3625469,2804934,83326,404188
1,1,Pres_VP,2019,April,ACEH,Prabowo Subianto and Sandiaga Uno,2,Male and Male,3625469,2804934,83326,2400746
1,1,Pres_VP,2019,April,BALI,Joko Widodo and Ma'ruf Amin,1,Male and Male,3220479,2564472,52338,2351057
1,1,Pres_VP,2019,April,BALI,Prabowo Subianto and Sandiaga Uno,2,Male and Male,3220479,2564472,52338,213415
1,1,Pres_VP,2019,April,BANTEN,Joko Widodo and Ma'ruf Amin,1,Male and Male,8517336,21769958,194128,16825511
1,1,Pres_VP,2019,April,BANTEN,Prabowo Subianto and Sandiaga Uno,2,Male and Male,8517336,21769958,194128,4944447
1,1,Pres_VP,2019,April,BENGKULU,Joko Widodo and Ma'ruf Amin,1,Male and Male,1452503,783964,26862,495729
1,1,Pres_VP,2019,April,BENGKULU,Prabowo Subianto and Sandiaga Uno,2,Male and Male,1452503,783964,26862,288235
1,1,Pres_VP,2019,April,DAERAH ISTIMEWA YOGYAKARTA,Joko Widodo and Ma'ruf Amin,1,Male and Male,2839016,24672915,52024,16231668
1,1,Pres_VP,2019,April,DAERAH ISTIMEWA YOGYAKARTA,Prabowo Subianto and Sandiaga Uno,2,Male and Male,2839016,24672915,52024,8441247
1,1,Pres_VP,2019,April,DKI JAKARTA,Joko Widodo and Ma'ruf Amin,1,Male and Male,8109772,6345684,79890,3279547
1,1,Pres_VP,2019,April,DKI JAKARTA,Prabowo Subianto and Sandiaga Uno,2,Male and Male,8109772,6345684,79890,3066137
1,1,Pres_VP,2019,April,GORONTALO,Joko Widodo and Ma'ruf Amin,1,Male and Male,835736,1621242,8148,914588
1,1,Pres_VP,2019,April,GORONTALO,Prabowo Subianto and Sandiaga Uno,2,Male and Male,835736,1621242,8148,706654
1,1,Pres_VP,2019,April,JAMBI,Joko Widodo and Ma'ruf Amin,1,Male and Male,2578148,4820768,48470,1942987
1,1,Pres_VP,2019,April,JAMBI,Prabowo Subianto and Sandiaga Uno,2,Male and Male,2578148,4820768,48470,2877781
1,1,Pres_VP,2019,April,JAWA BARAT,Joko Widodo and Ma'ruf Amin,1,Male and Male,34610297,26828014,648065,10750568
1,1,Pres_VP,2019,April,JAWA BARAT,Prabowo Subianto and Sandiaga Uno,2,Male and Male,34610297,26828014,648065,16077446
1,1,Pres_VP,2019,April,JAWA TENGAH,Joko Widodo and Ma'ruf Amin,1,Male and Male,28307438,2397655,606514,1655174
1,1,Pres_VP,2019,April,JAWA TENGAH,Prabowo Subianto and Sandiaga Uno,2,Male and Male,28307438,2397655,606514,742481
1,1,Pres_VP,2019,April,JAWA TIMUR,Joko Widodo and Ma'ruf Amin,1,Male and Male,31532114,6597038,838326,2537524
1,1,Pres_VP,2019,April,JAWA TIMUR,Prabowo Subianto and Sandiaga Uno,2,Male and Male,31532114,6597038,838326,4059514
1,1,Pres_VP,2019,April,KALIMANTAN BARAT,Joko Widodo and Ma'ruf Amin,1,Male and Male,3806129,2973653,56256,1709896
1,1,Pres_VP,2019,April,KALIMANTAN BARAT,Prabowo Subianto and Sandiaga Uno,2,Male and Male,3806129,2973653,56256,1263757
1,1,Pres_VP,2019,April,KALIMANTAN SELATAN,Joko Widodo and Ma'ruf Amin,1,Male and Male,2995206,2294102,88001,823939
1,1,Pres_VP,2019,April,KALIMANTAN SELATAN,Prabowo Subianto and Sandiaga Uno,2,Male and Male,2995206,2294102,88001,1470163
1,1,Pres_VP,2019,April,KALIMANTAN TENGAH,Joko Widodo and Ma'ruf Amin,1,Male and Male,1903129,1368086,33612,830948
1,1,Pres_VP,2019,April,KALIMANTAN TENGAH,Prabowo Subianto and Sandiaga Uno,2,Male and Male,1903129,1368086,33612,537138
1,1,Pres_VP,2019,April,KALIMANTAN TIMUR,Joko Widodo and Ma'ruf Amin,1,Male and Male,2662476,1965288,37993,1094845
1,1,Pres_VP,2019,April,KALIMANTAN TIMUR,Prabowo Subianto and Sandiaga Uno,2,Male and Male,2662476,1965288,37993,870443
1,1,Pres_VP,2019,April,KALIMANTAN UTARA,Joko Widodo and Ma'ruf Amin,1,Male and Male,490874,354401,4840,248239
1,1,Pres_VP,2019,April,KALIMANTAN UTARA,Prabowo Subianto and Sandiaga Uno,2,Male and Male,490874,354401,4840,106162
1,1,Pres_VP,2019,April,KEPULAUAN BANGKA BELITUNG,Joko Widodo and Ma'ruf Amin,1,Male and Male,975042,4809274,22927,2853585
1,1,Pres_VP,2019,April,KEPULAUAN BANGKA BELITUNG,Prabowo Subianto and Sandiaga Uno,2,Male and Male,975042,4809274,22927,1955689
1,1,Pres_VP,2019,April,KEPULAUAN RIAU,Joko Widodo and Ma'ruf Amin,1,Male and Male,1360489,2062858,14665,859833
1,1,Pres_VP,2019,April,KEPULAUAN RIAU,Prabowo Subianto and Sandiaga Uno,2,Male and Male,1360489,2062858,14665,1203025
1,1,Pres_VP,2019,April,LAMPUNG,Joko Widodo and Ma'ruf Amin,1,Male and Male,6293486,1016203,86311,550692
1,1,Pres_VP,2019,April,LAMPUNG,Prabowo Subianto and Sandiaga Uno,2,Male and Male,6293486,1016203,86311,465511
1,1,Pres_VP,2019,April,LUAR NEGERI,Prabowo Subianto and Sandiaga Uno,2,Male and Male,2326824,778280,68757,570534
1,1,Pres_VP,2019,April,LUAR NEGERI,Joko Widodo and Ma'ruf Amin,1,Male and Male,2326824,778280,68757,207746
1,1,Pres_VP,2019,April,MALUKU,Joko Widodo and Ma'ruf Amin,1,Male and Male,1328100,992397,11514,599457
1,1,Pres_VP,2019,April,MALUKU,Prabowo Subianto and Sandiaga Uno,2,Male and Male,1328100,992397,11514,392940
1,1,Pres_VP,2019,April,MALUKU UTARA,Joko Widodo and Ma'ruf Amin,1,Male and Male,854363,655371,10243,310548
1,1,Pres_VP,2019,April,MALUKU UTARA,Prabowo Subianto and Sandiaga Uno,2,Male and Male,854363,655371,10243,344823
1,1,Pres_VP,2019,April,NUSA TENGGARA BARAT,Joko Widodo and Ma'ruf Amin,1,Male and Male,3792056,2962561,78125,951242
1,1,Pres_VP,2019,April,NUSA TENGGARA BARAT,Prabowo Subianto and Sandiaga Uno,2,Male and Male,3792056,2962561,78125,2011319
1,1,Pres_VP,2019,April,NUSA TENGGARA TIMUR,Joko Widodo and Ma'ruf Amin,1,Male and Male,3500489,2674569,43895,2368982
1,1,Pres_VP,2019,April,NUSA TENGGARA TIMUR,Prabowo Subianto and Sandiaga Uno,2,Male and Male,3500489,2674569,43895,305587
1,1,Pres_VP,2019,April,PAPUA,Joko Widodo and Ma'ruf Amin,1,Male and Male,3599354,3333065,58822,3021713
1,1,Pres_VP,2019,April,PAPUA,Prabowo Subianto and Sandiaga Uno,2,Male and Male,3599354,3333065,58822,311352
1,1,Pres_VP,2019,April,PAPUA BARAT,Joko Widodo and Ma'ruf Amin,1,Male and Male,795417,637729,12462,508997
1,1,Pres_VP,2019,April,PAPUA BARAT,Prabowo Subianto and Sandiaga Uno,2,Male and Male,795417,637729,12462,128732
1,1,Pres_VP,2019,April,RIAU,Joko Widodo and Ma'ruf Amin,1,Male and Male,4168053,3224000,47530,1248713
1,1,Pres_VP,2019,April,RIAU,Prabowo Subianto and Sandiaga Uno,2,Male and Male,4168053,3224000,47530,1975287
1,1,Pres_VP,2019,April,SULAWESI BARAT,Joko Widodo and Ma'ruf Amin,1,Male and Male,910918,714932,12147,369803
1,1,Pres_VP,2019,April,SULAWESI BARAT,Prabowo Subianto and Sandiaga Uno,2,Male and Male,910918,714932,12147,345129
1,1,Pres_VP,2019,April,SULAWESI SELATAN,Joko Widodo and Ma'ruf Amin,1,Male and Male,6425545,1397781,98205,555664
1,1,Pres_VP,2019,April,SULAWESI SELATAN,Prabowo Subianto and Sandiaga Uno,2,Male and Male,6425545,1397781,98205,842117
1,1,Pres_VP,2019,April,SULAWESI TENGAH,Joko Widodo and Ma'ruf Amin,1,Male and Male,2070458,4926984,18821,2117591
1,1,Pres_VP,2019,April,SULAWESI TENGAH,Joko Widodo and Ma'ruf Amin,1,Male and Male,2070458,4926984,18821,2809393
1,1,Pres_VP,2019,April,SULAWESI TENGGARA,Prabowo Subianto and Sandiaga Uno,2,Male and Male,1796827,738932,27625,475312
1,1,Pres_VP,2019,April,SULAWESI TENGGARA,Joko Widodo and Ma'ruf Amin,1,Male and Male,1796827,738932,27625,263620
1,1,Pres_VP,2019,April,SULAWESI UTARA,Prabowo Subianto and Sandiaga Uno,2,Male and Male,1986055,1580209,14096,1220524
1,1,Pres_VP,2019,April,SULAWESI UTARA,Joko Widodo and Ma'ruf Amin,1,Male and Male,1986055,1580209,14096,359685
1,1,Pres_VP,2019,April,SUMATERA BARAT,Prabowo Subianto and Sandiaga Uno,2,Male and Male,3882387,2896494,40225,407761
1,1,Pres_VP,2019,April,SUMATERA BARAT,Joko Widodo and Ma'ruf Amin,1,Male and Male,3882387,2896494,40225,2488733
1,1,Pres_VP,2019,April,SUMATERA SELATAN,Prabowo Subianto and Sandiaga Uno,2,Male and Male,6061507,1169487,117817,583488
1,1,Pres_VP,2019,April,SUMATERA SELATAN,Joko Widodo and Ma'ruf Amin,1,Male and Male,6061507,1169487,117817,585999
1,1,Pres_VP,2019,April,SUMATERA UTARA,Prabowo Subianto and Sandiaga Uno,2,Male and Male,10335511,7524301,111925,3936515
1,1,Pres_VP,2019,April,SUMATERA UTARA,Joko Widodo and Ma'ruf Amin,1,Male and Male,10335511,7524301,111925,3587786
1,1,Pres_VP,2024,February,ACEH,Anies Baswedan and Muhaimin Iskandar,1,Male and Male,3742037,3221235,64037,2369534
1,1,Pres_VP,2024,February,ACEH,Prabowo Subianto and Gibran Rakabuming Raka,2,Male and Male,3742037,3221235,64037,787024
1,1,Pres_VP,2024,February,ACEH,Ganjar Pranowo and Mahfud MD,3,Male and Male,3742037,3221235,64037,64677
1,1,Pres_VP,2024,February,BALI,Anies Baswedan and Muhaimin Iskandar,1,Male and Male,3269516,2681007,59685,99233
1,1,Pres_VP,2024,February,BALI,Prabowo Subianto and Gibran Rakabuming Raka,2,Male and Male,3269516,2681007,59685,1454640
1,1,Pres_VP,2024,February,BALI,Ganjar Pranowo and Mahfud MD,3,Male and Male,3269516,2681007,59685,1127134
1,1,Pres_VP,2024,February,BANTEN,Anies Baswedan and Muhaimin Iskandar,1,Male and Male,8842646,7206710,215797,2451383
1,1,Pres_VP,2024,February,BANTEN,Prabowo Subianto and Gibran Rakabuming Raka,2,Male and Male,8842646,7206710,215797,4035052
1,1,Pres_VP,2024,February,BANTEN,Ganjar Pranowo and Mahfud MD,3,Male and Male,8842646,7206710,215797,720275
1,1,Pres_VP,2024,February,BENGKULU,Anies Baswedan and Muhaimin Iskandar,1,Male and Male,1494828,1268750,27563,229681
1,1,Pres_VP,2024,February,BENGKULU,Prabowo Subianto and Gibran Rakabuming Raka,2,Male and Male,1494828,1268750,27563,893499
1,1,Pres_VP,2024,February,BENGKULU,Ganjar Pranowo and Mahfud MD,3,Male and Male,1494828,1268750,27563,145570
1,1,Pres_VP,2024,February,DAERAH ISTIMEWA YOGYAKARTA,Anies Baswedan and Muhaimin Iskandar,1,Male and Male,2870974,2506765,60629,496280
1,1,Pres_VP,2024,February,DAERAH ISTIMEWA YOGYAKARTA,Prabowo Subianto and Gibran Rakabuming Raka,2,Male and Male,2870974,2506765,60629,1269265
1,1,Pres_VP,2024,February,DAERAH ISTIMEWA YOGYAKARTA,Ganjar Pranowo and Mahfud MD,3,Male and Male,2870974,2506765,60629,741220
1,1,Pres_VP,2024,February,DKI JAKARTA,Anies Baswedan and Muhaimin Iskandar,1,Male and Male,8252897,6460911,97823,2653762
1,1,Pres_VP,2024,February,DKI JAKARTA,Prabowo Subianto and Gibran Rakabuming Raka,2,Male and Male,8252897,6460911,97823,2692011
1,1,Pres_VP,2024,February,DKI JAKARTA,Ganjar Pranowo and Mahfud MD,3,Male and Male,8252897,6460911,97823,1115138
1,1,Pres_VP,2024,February,GORONTALO,Anies Baswedan and Muhaimin Iskandar,1,Male and Male,881206,773524,10527,227354
1,1,Pres_VP,2024,February,GORONTALO,Prabowo Subianto and Gibran Rakabuming Raka,2,Male and Male,881206,773524,10527,504662
1,1,Pres_VP,2024,February,GORONTALO,Ganjar Pranowo and Mahfud MD,3,Male and Male,881206,773524,10527,41508
1,1,Pres_VP,2024,February,JAMBI,Anies Baswedan and Muhaimin Iskandar,1,Male and Male,2676107,2205808,54425,532605
1,1,Pres_VP,2024,February,JAMBI,Prabowo Subianto and Gibran Rakabuming Raka,2,Male and Male,2676107,2205808,54425,1438952
1,1,Pres_VP,2024,February,JAMBI,Ganjar Pranowo and Mahfud MD,3,Male and Male,2676107,2205808,54425,234251
1,1,Pres_VP,2024,February,JAWA BARAT,Anies Baswedan and Muhaimin Iskandar,1,Male and Male,35714901,28726523,711518,9099674
1,1,Pres_VP,2024,February,JAWA BARAT,Prabowo Subianto and Gibran Rakabuming Raka,2,Male and Male,35714901,28726523,711518,16805854
1,1,Pres_VP,2024,February,JAWA BARAT,Ganjar Pranowo and Mahfud MD,3,Male and Male,35714901,28726523,711518,2820995
1,1,Pres_VP,2024,February,JAWA TENGAH,Anies Baswedan and Muhaimin Iskandar,1,Male and Male,28289413,22790162,685649,2866373
1,1,Pres_VP,2024,February,JAWA TENGAH,Prabowo Subianto and Gibran Rakabuming Raka,2,Male and Male,28289413,22790162,685649,12096454
1,1,Pres_VP,2024,February,JAWA TENGAH,Ganjar Pranowo and Mahfud MD,3,Male and Male,28289413,22790162,685649,7827335
1,1,Pres_VP,2024,February,JAWA TIMUR,Anies Baswedan and Muhaimin Iskandar,1,Male and Male,31402838,25644060,895661,4492652
1,1,Pres_VP,2024,February,JAWA TIMUR,Prabowo Subianto and Gibran Rakabuming Raka,2,Male and Male,31402838,25644060,895661,16716603
1,1,Pres_VP,2024,February,JAWA TIMUR,Ganjar Pranowo and Mahfud MD,3,Male and Male,31402838,25644060,895661,4434805
1,1,Pres_VP,2024,February,KALIMANTAN BARAT,Anies Baswedan and Muhaimin Iskandar,1,Male and Male,3958561,3217274,60541,718641
1,1,Pres_VP,2024,February,KALIMANTAN BARAT,Prabowo Subianto and Gibran Rakabuming Raka,2,Male and Male,3958561,3217274,60541,1964183
1,1,Pres_VP,2024,February,KALIMANTAN BARAT,Ganjar Pranowo and Mahfud MD,3,Male and Male,3958561,3217274,60541,534450
1,1,Pres_VP,2024,February,KALIMANTAN SELATAN,Anies Baswedan and Muhaimin Iskandar,1,Male and Male,3025220,2417582,118901,849948
1,1,Pres_VP,2024,February,KALIMANTAN SELATAN,Prabowo Subianto and Gibran Rakabuming Raka,2,Male and Male,3025220,2417582,118901,1407684
1,1,Pres_VP,2024,February,KALIMANTAN SELATAN,Ganjar Pranowo and Mahfud MD,3,Male and Male,3025220,2417582,118901,159950
1,1,Pres_VP,2024,February,KALIMANTAN TENGAH,Anies Baswedan and Muhaimin Iskandar,1,Male and Male,1935116,1512669,40523,256811
1,1,Pres_VP,2024,February,KALIMANTAN TENGAH,Prabowo Subianto and Gibran Rakabuming Raka,2,Male and Male,1935116,1512669,40523,1097070
1,1,Pres_VP,2024,February,KALIMANTAN TENGAH,Ganjar Pranowo and Mahfud MD,3,Male and Male,1935116,1512669,40523,158788
1,1,Pres_VP,2024,February,KALIMANTAN TIMUR,Anies Baswedan and Muhaimin Iskandar,1,Male and Male,2778644,2230535,47506,448046
1,1,Pres_VP,2024,February,KALIMANTAN TIMUR,Prabowo Subianto and Gibran Rakabuming Raka,2,Male and Male,2778644,2230535,47506,1542346
1,1,Pres_VP,2024,February,KALIMANTAN TIMUR,Ganjar Pranowo and Mahfud MD,3,Male and Male,2778644,2230535,47506,240143
1,1,Pres_VP,2024,February,KALIMANTAN UTARA,Anies Baswedan and Muhaimin Iskandar,1,Male and Male,504252,407725,5407,72065
1,1,Pres_VP,2024,February,KALIMANTAN UTARA,Prabowo Subianto and Gibran Rakabuming Raka,2,Male and Male,504252,407725,5407,284209
1,1,Pres_VP,2024,February,KALIMANTAN UTARA,Ganjar Pranowo and Mahfud MD,3,Male and Male,504252,407725,5407,51451
1,1,Pres_VP,2024,February,KEPULAUAN BANGKA BELITUNG,Anies Baswedan and Muhaimin Iskandar,1,Male and Male,1067434,885340,30938,204348
1,1,Pres_VP,2024,February,KEPULAUAN BANGKA BELITUNG,Prabowo Subianto and Gibran Rakabuming Raka,2,Male and Male,1067434,885340,30938,529883
1,1,Pres_VP,2024,February,KEPULAUAN BANGKA BELITUNG,Ganjar Pranowo and Mahfud MD,3,Male and Male,1067434,885340,30938,151109
1,1,Pres_VP,2024,February,KEPULAUAN RIAU,Anies Baswedan and Muhaimin Iskandar,1,Male and Male,1500974,1152792,19041,370671
1,1,Pres_VP,2024,February,KEPULAUAN RIAU,Prabowo Subianto and Gibran Rakabuming Raka,2,Male and Male,1500974,1152792,19041,641388
1,1,Pres_VP,2024,February,KEPULAUAN RIAU,Ganjar Pranowo and Mahfud MD,3,Male and Male,1500974,1152792,19041,140733
1,1,Pres_VP,2024,February,LAMPUNG,Anies Baswedan and Muhaimin Iskandar,1,Male and Male,6539128,5110688,95620,791892
1,1,Pres_VP,2024,February,LAMPUNG,Prabowo Subianto and Gibran Rakabuming Raka,2,Male and Male,6539128,5110688,95620,3554310
1,1,Pres_VP,2024,February,LAMPUNG,Ganjar Pranowo and Mahfud MD,3,Male and Male,6539128,5110688,95620,764486
1,1,Pres_VP,2024,February,LUAR NEGERI,Anies Baswedan and Muhaimin Iskandar,1,Male and Male,1750474,671336,16612,125110
1,1,Pres_VP,2024,February,LUAR NEGERI,Prabowo Subianto and Gibran Rakabuming Raka,2,Male and Male,1750474,671336,16612,427871
1,1,Pres_VP,2024,February,LUAR NEGERI,Ganjar Pranowo and Mahfud MD,3,Male and Male,1750474,671336,16612,118385
1,1,Pres_VP,2024,February,MALUKU,Anies Baswedan and Muhaimin Iskandar,1,Male and Male,1341012,1080323,15467,228557
1,1,Pres_VP,2024,February,MALUKU,Prabowo Subianto and Gibran Rakabuming Raka,2,Male and Male,1341012,1080323,15467,665371
1,1,Pres_VP,2024,February,MALUKU,Ganjar Pranowo and Mahfud MD,3,Male and Male,1341012,1080323,15467,186395
1,1,Pres_VP,2024,February,MALUKU UTARA,Anies Baswedan and Muhaimin Iskandar,1,Male and Male,953978,746695,12117,200459
1,1,Pres_VP,2024,February,MALUKU UTARA,Prabowo Subianto and Gibran Rakabuming Raka,2,Male and Male,953978,746695,12117,454943
1,1,Pres_VP,2024,February,MALUKU UTARA,Ganjar Pranowo and Mahfud MD,3,Male and Male,953978,746695,12117,91293
1,1,Pres_VP,2024,February,NUSA TENGGARA BARAT,Anies Baswedan and Muhaimin Iskandar,1,Male and Male,3918291,3246488,78124,850539
1,1,Pres_VP,2024,February,NUSA TENGGARA BARAT,Prabowo Subianto and Gibran Rakabuming Raka,2,Male and Male,3918291,3246488,78124,2154843
1,1,Pres_VP,2024,February,NUSA TENGGARA BARAT,Ganjar Pranowo and Mahfud MD,3,Male and Male,3918291,3246488,78124,241106
1,1,Pres_VP,2024,February,NUSA TENGGARA TIMUR,Anies Baswedan and Muhaimin Iskandar,1,Male and Male,4008475,2910704,44092,153446
1,1,Pres_VP,2024,February,NUSA TENGGARA TIMUR,Prabowo Subianto and Gibran Rakabuming Raka,2,Male and Male,4008475,2910704,44092,1798753
1,1,Pres_VP,2024,February,NUSA TENGGARA TIMUR,Ganjar Pranowo and Mahfud MD,3,Male and Male,4008475,2910704,44092,958505
1,1,Pres_VP,2024,February,PAPUA,Anies Baswedan and Muhaimin Iskandar,1,Male and Male,727835,625034,59471,67592
1,1,Pres_VP,2024,February,PAPUA,Prabowo Subianto and Gibran Rakabuming Raka,2,Male and Male,727835,625034,59471,378908
1,1,Pres_VP,2024,February,PAPUA,Ganjar Pranowo and Mahfud MD,3,Male and Male,727835,625034,59471,178534
1,1,Pres_VP,2024,February,PAPUA BARAT,Anies Baswedan and Muhaimin Iskandar,1,Male and Male,385465,330989,5714,37459
1,1,Pres_VP,2024,February,PAPUA BARAT,Prabowo Subianto and Gibran Rakabuming Raka,2,Male and Male,385465,330989,5714,172965
1,1,Pres_VP,2024,February,PAPUA BARAT,Ganjar Pranowo and Mahfud MD,3,Male and Male,385465,330989,5714,120565
1,1,Pres_VP,2024,February,PAPUA BARAT DAYA,Anies Baswedan and Muhaimin Iskandar,1,Male and Male,440826,357707,8602,48405
1,1,Pres_VP,2024,February,PAPUA BARAT DAYA,Prabowo Subianto and Gibran Rakabuming Raka,2,Male and Male,440826,357707,8602,209403
1,1,Pres_VP,2024,February,PAPUA BARAT DAYA,Ganjar Pranowo and Mahfud MD,3,Male and Male,440826,357707,8602,99899
1,1,Pres_VP,2024,February,PAPUA PEGUNUNGAN,Anies Baswedan and Muhaimin Iskandar,1,Male and Male,1306414,1298522,8218,284184
1,1,Pres_VP,2024,February,PAPUA PEGUNUNGAN,Prabowo Subianto and Gibran Rakabuming Raka,2,Male and Male,1306414,1298522,8218,838382
1,1,Pres_VP,2024,February,PAPUA PEGUNUNGAN,Ganjar Pranowo and Mahfud MD,3,Male and Male,1306414,1298522,8218,175956
1,1,Pres_VP,2024,February,PAPUA SELATAN,Anies Baswedan and Muhaimin Iskandar,1,Male and Male,367269,314761,5625,41906
1,1,Pres_VP,2024,February,PAPUA SELATAN,Prabowo Subianto and Gibran Rakabuming Raka,2,Male and Male,367269,314761,5625,162852
1,1,Pres_VP,2024,February,PAPUA SELATAN,Ganjar Pranowo and Mahfud MD,3,Male and Male,367269,314761,5625,110003
1,1,Pres_VP,2024,February,PAPUA TENGAH,Anies Baswedan and Muhaimin Iskandar,1,Male and Male,1128844,1102282,31268,128577
1,1,Pres_VP,2024,February,PAPUA TENGAH,Prabowo Subianto and Gibran Rakabuming Raka,2,Male and Male,1128844,1102282,31268,638616
1,1,Pres_VP,2024,February,PAPUA TENGAH,Ganjar Pranowo and Mahfud MD,3,Male and Male,1128844,1102282,31268,335089
1,1,Pres_VP,2024,February,RIAU,Anies Baswedan and Muhaimin Iskandar,1,Male and Male,4732174,3688504,60426,1400093
1,1,Pres_VP,2024,February,RIAU,Prabowo Subianto and Gibran Rakabuming Raka,2,Male and Male,4732174,3688504,60426,1931113
1,1,Pres_VP,2024,February,RIAU,Ganjar Pranowo and Mahfud MD,3,Male and Male,4732174,3688504,60426,357298
1,1,Pres_VP,2024,February,SULAWESI BARAT,Anies Baswedan and Muhaimin Iskandar,1,Male and Male,985760,819424,12645,223153
1,1,Pres_VP,2024,February,SULAWESI BARAT,Prabowo Subianto and Gibran Rakabuming Raka,2,Male and Male,985760,819424,12645,533757
1,1,Pres_VP,2024,February,SULAWESI BARAT,Ganjar Pranowo and Mahfud MD,3,Male and Male,985760,819424,12645,62514
1,1,Pres_VP,2024,February,SULAWESI SELATAN,Anies Baswedan and Muhaimin Iskandar,1,Male and Male,6670582,5279755,94598,2003081
1,1,Pres_VP,2024,February,SULAWESI SELATAN,Prabowo Subianto and Gibran Rakabuming Raka,2,Male and Male,6670582,5279755,94598,3010726
1,1,Pres_VP,2024,February,SULAWESI SELATAN,Ganjar Pranowo and Mahfud MD,3,Male and Male,6670582,5279755,94598,265948
1,1,Pres_VP,2024,February,SULAWESI TENGAH,Anies Baswedan and Muhaimin Iskandar,1,Male and Male,2236703,1798650,23792,386743
1,1,Pres_VP,2024,February,SULAWESI TENGAH,Prabowo Subianto and Gibran Rakabuming Raka,2,Male and Male,2236703,1798650,23792,1251313
1,1,Pres_VP,2024,February,SULAWESI TENGAH,Ganjar Pranowo and Mahfud MD,3,Male and Male,2236703,1798650,23792,160594
1,1,Pres_VP,2024,February,SULAWESI TENGGARA,Anies Baswedan and Muhaimin Iskandar,1,Male and Male,1867931,1565656,25263,361585
1,1,Pres_VP,2024,February,SULAWESI TENGGARA,Prabowo Subianto and Gibran Rakabuming Raka,2,Male and Male,1867931,1565656,25263,1113344
1,1,Pres_VP,2024,February,SULAWESI TENGGARA,Ganjar Pranowo and Mahfud MD,3,Male and Male,1867931,1565656,25263,90727
1,1,Pres_VP,2024,February,SULAWESI UTARA,Anies Baswedan and Muhaimin Iskandar,1,Male and Male,1969603,1631968,15037,119103
1,1,Pres_VP,2024,February,SULAWESI UTARA,Prabowo Subianto and Gibran Rakabuming Raka,2,Male and Male,1969603,1631968,15037,1229069
1,1,Pres_VP,2024,February,SULAWESI UTARA,Ganjar Pranowo and Mahfud MD,3,Male and Male,1969603,1631968,15037,283796
1,1,Pres_VP,2024,February,SUMATERA BARAT,Anies Baswedan and Muhaimin Iskandar,1,Male and Male,4088606,3085400,42946,1744042
1,1,Pres_VP,2024,February,SUMATERA BARAT,Prabowo Subianto and Gibran Rakabuming Raka,2,Male and Male,4088606,3085400,42946,1217314
1,1,Pres_VP,2024,February,SUMATERA BARAT,Ganjar Pranowo and Mahfud MD,3,Male and Male,4088606,3085400,42946,124044
1,1,Pres_VP,2024,February,SUMATERA SELATAN,Anies Baswedan and Muhaimin Iskandar,1,Male and Male,6326348,5253631,182496,997299
1,1,Pres_VP,2024,February,SUMATERA SELATAN,Prabowo Subianto and Gibran Rakabuming Raka,2,Male and Male,6326348,5253631,182496,3649651
1,1,Pres_VP,2024,February,SUMATERA SELATAN,Ganjar Pranowo and Mahfud MD,3,Male and Male,6326348,5253631,182496,606681
1,1,Pres_VP,2024,February,SUMATERA UTARA,Anies Baswedan and Muhaimin Iskandar,1,Male and Male,10853940,7999556,150232,2339620
1,1,Pres_VP,2024,February,SUMATERA UTARA,Prabowo Subianto and Gibran Rakabuming Raka,2,Male and Male,10853940,7999556,150232,4660408
1,1,Pres_VP,2024,February,SUMATERA UTARA,Ganjar Pranowo and Mahfud MD,3,Male and Male,10853940,7999556,150232,999528
,,,,,,,,,,,,
,,,,,,,,,,,,
,,,,,,,,,,,,
,,,,,,,,,,,,
,,,,,,,,,,,,
,,,,,,,,,,,,
,,,,,,,,,,,,
,,,,,,,,,,,,
,,,,,,,,,,,,
,,,,,,,,,,,,
,,,,,,,,,,,,
,,,,,,,,,,,,